<?xml version="1.0" encoding="UTF-8" ?>
<gpx version="1.1" xmlns:xsi="http://www.w3.org/2001/XMLSchema-instance"
    xmlns="http://www.topografix.com/GPX/1/1"
    xsi:schemaLocation="http://www.topografix.com/GPX/1/1 http://www.topografix.com/GPX/1/1/gpx.xsd"
    creator="Openrunner - https://www.openrunner.com" >	<trk>
	                   <name>Kiato-2026-2-25391164</name>
						<trkseg>
					<trkpt lat="37.962460" lon="23.201850">
						<ele>11</ele>
						<time>2026-10-09T13:56:44Z</time>
					</trkpt>
					<trkpt lat="37.962180" lon="23.202100">
						<ele>10</ele>
						<time>2026-10-09T13:56:50Z</time>
					</trkpt>
					<trkpt lat="37.961750" lon="23.201370">
						<ele>10</ele>
						<time>2026-10-09T13:57:03Z</time>
					</trkpt>
					<trkpt lat="37.959730" lon="23.198200">
						<ele>10</ele>
						<time>2026-10-09T13:58:00Z</time>
					</trkpt>
					<trkpt lat="37.959500" lon="23.197780">
						<ele>12</ele>
						<time>2026-10-09T13:58:07Z</time>
					</trkpt>
					<trkpt lat="37.958840" lon="23.196740">
						<ele>14</ele>
						<time>2026-10-09T13:58:26Z</time>
					</trkpt>
					<trkpt lat="37.958690" lon="23.196430">
						<ele>14</ele>
						<time>2026-10-09T13:58:31Z</time>
					</trkpt>
					<trkpt lat="37.958480" lon="23.195890">
						<ele>13</ele>
						<time>2026-10-09T13:58:40Z</time>
					</trkpt>
					<trkpt lat="37.957260" lon="23.192620">
						<ele>14</ele>
						<time>2026-10-09T13:59:30Z</time>
					</trkpt>
					<trkpt lat="37.956960" lon="23.191700">
						<ele>15</ele>
						<time>2026-10-09T13:59:44Z</time>
					</trkpt>
					<trkpt lat="37.956900" lon="23.191130">
						<ele>15</ele>
						<time>2026-10-09T13:59:52Z</time>
					</trkpt>
					<trkpt lat="37.956880" lon="23.190400">
						<ele>15</ele>
						<time>2026-10-09T14:00:03Z</time>
					</trkpt>
					<trkpt lat="37.956920" lon="23.187730">
						<ele>15</ele>
						<time>2026-10-09T14:00:40Z</time>
					</trkpt>
					<trkpt lat="37.956910" lon="23.187440">
						<ele>16</ele>
						<time>2026-10-09T14:00:44Z</time>
					</trkpt>
					<trkpt lat="37.956840" lon="23.187140">
						<ele>17</ele>
						<time>2026-10-09T14:00:48Z</time>
					</trkpt>
					<trkpt lat="37.956020" lon="23.185230">
						<ele>17</ele>
						<time>2026-10-09T14:01:19Z</time>
					</trkpt>
					<trkpt lat="37.955860" lon="23.184910">
						<ele>17</ele>
						<time>2026-10-09T14:01:24Z</time>
					</trkpt>
					<trkpt lat="37.955350" lon="23.184220">
						<ele>19</ele>
						<time>2026-10-09T14:01:38Z</time>
					</trkpt>
					<trkpt lat="37.955190" lon="23.183940">
						<ele>20</ele>
						<time>2026-10-09T14:01:42Z</time>
					</trkpt>
					<trkpt lat="37.955000" lon="23.183400">
						<ele>21</ele>
						<time>2026-10-09T14:01:51Z</time>
					</trkpt>
					<trkpt lat="37.954630" lon="23.182020">
						<ele>22</ele>
						<time>2026-10-09T14:02:11Z</time>
					</trkpt>
					<trkpt lat="37.954540" lon="23.181800">
						<ele>22</ele>
						<time>2026-10-09T14:02:15Z</time>
					</trkpt>
					<trkpt lat="37.954420" lon="23.181630">
						<ele>22</ele>
						<time>2026-10-09T14:02:18Z</time>
					</trkpt>
					<trkpt lat="37.954270" lon="23.181500">
						<ele>22</ele>
						<time>2026-10-09T14:02:21Z</time>
					</trkpt>
					<trkpt lat="37.953310" lon="23.180790">
						<ele>17</ele>
						<time>2026-10-09T14:02:41Z</time>
					</trkpt>
					<trkpt lat="37.953050" lon="23.180480">
						<ele>16</ele>
						<time>2026-10-09T14:02:47Z</time>
					</trkpt>
					<trkpt lat="37.952920" lon="23.180260">
						<ele>15</ele>
						<time>2026-10-09T14:02:51Z</time>
					</trkpt>
					<trkpt lat="37.952660" lon="23.179700">
						<ele>15</ele>
						<time>2026-10-09T14:03:00Z</time>
					</trkpt>
					<trkpt lat="37.952240" lon="23.178650">
						<ele>14</ele>
						<time>2026-10-09T14:03:17Z</time>
					</trkpt>
					<trkpt lat="37.951710" lon="23.176580">
						<ele>18</ele>
						<time>2026-10-09T14:03:47Z</time>
					</trkpt>
					<trkpt lat="37.951580" lon="23.176200">
						<ele>18</ele>
						<time>2026-10-09T14:03:53Z</time>
					</trkpt>
					<trkpt lat="37.951180" lon="23.174610">
						<ele>18</ele>
						<time>2026-10-09T14:04:16Z</time>
					</trkpt>
					<trkpt lat="37.950840" lon="23.173480">
						<ele>14</ele>
						<time>2026-10-09T14:04:33Z</time>
					</trkpt>
					<trkpt lat="37.950800" lon="23.173160">
						<ele>14</ele>
						<time>2026-10-09T14:04:38Z</time>
					</trkpt>
					<trkpt lat="37.950800" lon="23.172800">
						<ele>14</ele>
						<time>2026-10-09T14:04:43Z</time>
					</trkpt>
					<trkpt lat="37.950960" lon="23.171920">
						<ele>17</ele>
						<time>2026-10-09T14:04:56Z</time>
					</trkpt>
					<trkpt lat="37.950980" lon="23.171380">
						<ele>18</ele>
						<time>2026-10-09T14:05:03Z</time>
					</trkpt>
					<trkpt lat="37.950930" lon="23.171010">
						<ele>18</ele>
						<time>2026-10-09T14:05:09Z</time>
					</trkpt>
					<trkpt lat="37.950610" lon="23.169370">
						<ele>19</ele>
						<time>2026-10-09T14:05:32Z</time>
					</trkpt>
					<trkpt lat="37.950360" lon="23.168440">
						<ele>18</ele>
						<time>2026-10-09T14:05:46Z</time>
					</trkpt>
					<trkpt lat="37.950180" lon="23.167960">
						<ele>18</ele>
						<time>2026-10-09T14:05:53Z</time>
					</trkpt>
					<trkpt lat="37.950010" lon="23.167640">
						<ele>17</ele>
						<time>2026-10-09T14:05:59Z</time>
					</trkpt>
					<trkpt lat="37.949680" lon="23.167130">
						<ele>15</ele>
						<time>2026-10-09T14:06:08Z</time>
					</trkpt>
					<trkpt lat="37.949570" lon="23.166880">
						<ele>15</ele>
						<time>2026-10-09T14:06:12Z</time>
					</trkpt>
					<trkpt lat="37.949360" lon="23.166140">
						<ele>14</ele>
						<time>2026-10-09T14:06:23Z</time>
					</trkpt>
					<trkpt lat="37.949110" lon="23.164730">
						<ele>16</ele>
						<time>2026-10-09T14:06:43Z</time>
					</trkpt>
					<trkpt lat="37.948970" lon="23.164260">
						<ele>16</ele>
						<time>2026-10-09T14:06:51Z</time>
					</trkpt>
					<trkpt lat="37.948840" lon="23.164020">
						<ele>16</ele>
						<time>2026-10-09T14:06:55Z</time>
					</trkpt>
					<trkpt lat="37.948390" lon="23.163460">
						<ele>17</ele>
						<time>2026-10-09T14:07:06Z</time>
					</trkpt>
					<trkpt lat="37.948060" lon="23.163120">
						<ele>15</ele>
						<time>2026-10-09T14:07:13Z</time>
					</trkpt>
					<trkpt lat="37.947740" lon="23.162840">
						<ele>14</ele>
						<time>2026-10-09T14:07:20Z</time>
					</trkpt>
					<trkpt lat="37.947380" lon="23.162380">
						<ele>14</ele>
						<time>2026-10-09T14:07:29Z</time>
					</trkpt>
					<trkpt lat="37.946400" lon="23.161010">
						<ele>11</ele>
						<time>2026-10-09T14:07:55Z</time>
					</trkpt>
					<trkpt lat="37.946240" lon="23.160770">
						<ele>11</ele>
						<time>2026-10-09T14:08:00Z</time>
					</trkpt>
					<trkpt lat="37.945710" lon="23.159840">
						<ele>13</ele>
						<time>2026-10-09T14:08:16Z</time>
					</trkpt>
					<trkpt lat="37.945500" lon="23.159580">
						<ele>13</ele>
						<time>2026-10-09T14:08:21Z</time>
					</trkpt>
					<trkpt lat="37.945320" lon="23.159410">
						<ele>13</ele>
						<time>2026-10-09T14:08:25Z</time>
					</trkpt>
					<trkpt lat="37.944660" lon="23.158940">
						<ele>12</ele>
						<time>2026-10-09T14:08:39Z</time>
					</trkpt>
					<trkpt lat="37.944290" lon="23.158630">
						<ele>12</ele>
						<time>2026-10-09T14:08:46Z</time>
					</trkpt>
					<trkpt lat="37.943540" lon="23.157850">
						<ele>11</ele>
						<time>2026-10-09T14:09:04Z</time>
					</trkpt>
					<trkpt lat="37.943240" lon="23.157380">
						<ele>9</ele>
						<time>2026-10-09T14:09:12Z</time>
					</trkpt>
					<trkpt lat="37.941960" lon="23.155060">
						<ele>9</ele>
						<time>2026-10-09T14:09:52Z</time>
					</trkpt>
					<trkpt lat="37.941690" lon="23.154630">
						<ele>7</ele>
						<time>2026-10-09T14:10:00Z</time>
					</trkpt>
					<trkpt lat="37.941490" lon="23.154390">
						<ele>6</ele>
						<time>2026-10-09T14:10:05Z</time>
					</trkpt>
					<trkpt lat="37.941000" lon="23.153920">
						<ele>4</ele>
						<time>2026-10-09T14:10:15Z</time>
					</trkpt>
					<trkpt lat="37.940470" lon="23.153460">
						<ele>5</ele>
						<time>2026-10-09T14:10:27Z</time>
					</trkpt>
					<trkpt lat="37.937720" lon="23.150940">
						<ele>4</ele>
						<time>2026-10-09T14:11:27Z</time>
					</trkpt>
					<trkpt lat="37.935540" lon="23.149030">
						<ele>4</ele>
						<time>2026-10-09T14:12:14Z</time>
					</trkpt>
					<trkpt lat="37.932420" lon="23.146560">
						<ele>6</ele>
						<time>2026-10-09T14:13:20Z</time>
					</trkpt>
					<trkpt lat="37.932280" lon="23.146420">
						<ele>7</ele>
						<time>2026-10-09T14:13:23Z</time>
					</trkpt>
					<trkpt lat="37.931680" lon="23.145930">
						<ele>8</ele>
						<time>2026-10-09T14:13:36Z</time>
					</trkpt>
					<trkpt lat="37.930480" lon="23.145010">
						<ele>7</ele>
						<time>2026-10-09T14:14:01Z</time>
					</trkpt>
					<trkpt lat="37.929930" lon="23.144620">
						<ele>6</ele>
						<time>2026-10-09T14:14:12Z</time>
					</trkpt>
					<trkpt lat="37.929560" lon="23.144300">
						<ele>6</ele>
						<time>2026-10-09T14:14:20Z</time>
					</trkpt>
					<trkpt lat="37.929400" lon="23.144200">
						<ele>6</ele>
						<time>2026-10-09T14:14:23Z</time>
					</trkpt>
					<trkpt lat="37.928430" lon="23.143450">
						<ele>8</ele>
						<time>2026-10-09T14:14:43Z</time>
					</trkpt>
					<trkpt lat="37.928250" lon="23.143270">
						<ele>8</ele>
						<time>2026-10-09T14:14:47Z</time>
					</trkpt>
					<trkpt lat="37.927870" lon="23.142740">
						<ele>10</ele>
						<time>2026-10-09T14:14:57Z</time>
					</trkpt>
					<trkpt lat="37.927580" lon="23.142300">
						<ele>10</ele>
						<time>2026-10-09T14:15:05Z</time>
					</trkpt>
					<trkpt lat="37.927350" lon="23.141860">
						<ele>11</ele>
						<time>2026-10-09T14:15:13Z</time>
					</trkpt>
					<trkpt lat="37.927160" lon="23.141410">
						<ele>11</ele>
						<time>2026-10-09T14:15:20Z</time>
					</trkpt>
					<trkpt lat="37.926850" lon="23.140480">
						<ele>12</ele>
						<time>2026-10-09T14:15:34Z</time>
					</trkpt>
					<trkpt lat="37.926450" lon="23.139400">
						<ele>13</ele>
						<time>2026-10-09T14:15:51Z</time>
					</trkpt>
					<trkpt lat="37.926400" lon="23.139200">
						<ele>13</ele>
						<time>2026-10-09T14:15:54Z</time>
					</trkpt>
					<trkpt lat="37.926070" lon="23.138270">
						<ele>13</ele>
						<time>2026-10-09T14:16:08Z</time>
					</trkpt>
					<trkpt lat="37.926000" lon="23.137970">
						<ele>14</ele>
						<time>2026-10-09T14:16:13Z</time>
					</trkpt>
					<trkpt lat="37.925980" lon="23.137650">
						<ele>15</ele>
						<time>2026-10-09T14:16:17Z</time>
					</trkpt>
					<trkpt lat="37.926100" lon="23.137020">
						<ele>16</ele>
						<time>2026-10-09T14:16:26Z</time>
					</trkpt>
					<trkpt lat="37.926150" lon="23.136620">
						<ele>16</ele>
						<time>2026-10-09T14:16:32Z</time>
					</trkpt>
					<trkpt lat="37.926140" lon="23.136280">
						<ele>17</ele>
						<time>2026-10-09T14:16:37Z</time>
					</trkpt>
					<trkpt lat="37.926080" lon="23.135990">
						<ele>17</ele>
						<time>2026-10-09T14:16:41Z</time>
					</trkpt>
					<trkpt lat="37.924970" lon="23.132330">
						<ele>16</ele>
						<time>2026-10-09T14:17:36Z</time>
					</trkpt>
					<trkpt lat="37.924750" lon="23.131220">
						<ele>15</ele>
						<time>2026-10-09T14:17:52Z</time>
					</trkpt>
					<trkpt lat="37.924420" lon="23.129080">
						<ele>16</ele>
						<time>2026-10-09T14:18:23Z</time>
					</trkpt>
					<trkpt lat="37.924310" lon="23.128580">
						<ele>15</ele>
						<time>2026-10-09T14:18:30Z</time>
					</trkpt>
					<trkpt lat="37.924220" lon="23.128330">
						<ele>14</ele>
						<time>2026-10-09T14:18:34Z</time>
					</trkpt>
					<trkpt lat="37.923170" lon="23.126170">
						<ele>13</ele>
						<time>2026-10-09T14:19:09Z</time>
					</trkpt>
					<trkpt lat="37.921870" lon="23.123870">
						<ele>10</ele>
						<time>2026-10-09T14:19:49Z</time>
					</trkpt>
					<trkpt lat="37.921730" lon="23.123490">
						<ele>11</ele>
						<time>2026-10-09T14:19:55Z</time>
					</trkpt>
					<trkpt lat="37.921410" lon="23.122210">
						<ele>10</ele>
						<time>2026-10-09T14:20:14Z</time>
					</trkpt>
					<trkpt lat="37.921310" lon="23.121990">
						<ele>10</ele>
						<time>2026-10-09T14:20:17Z</time>
					</trkpt>
					<trkpt lat="37.920920" lon="23.121350">
						<ele>10</ele>
						<time>2026-10-09T14:20:29Z</time>
					</trkpt>
					<trkpt lat="37.920200" lon="23.120360">
						<ele>9</ele>
						<time>2026-10-09T14:20:48Z</time>
					</trkpt>
					<trkpt lat="37.920020" lon="23.120130">
						<ele>9</ele>
						<time>2026-10-09T14:20:52Z</time>
					</trkpt>
					<trkpt lat="37.919730" lon="23.119850">
						<ele>8</ele>
						<time>2026-10-09T14:20:59Z</time>
					</trkpt>
					<trkpt lat="37.919620" lon="23.119710">
						<ele>8</ele>
						<time>2026-10-09T14:21:01Z</time>
					</trkpt>
					<trkpt lat="37.918630" lon="23.118170">
						<ele>6</ele>
						<time>2026-10-09T14:21:29Z</time>
					</trkpt>
					<trkpt lat="37.918440" lon="23.117760">
						<ele>6</ele>
						<time>2026-10-09T14:21:36Z</time>
					</trkpt>
					<trkpt lat="37.918270" lon="23.117120">
						<ele>6</ele>
						<time>2026-10-09T14:21:45Z</time>
					</trkpt>
					<trkpt lat="37.917670" lon="23.112850">
						<ele>4</ele>
						<time>2026-10-09T14:22:46Z</time>
					</trkpt>
					<trkpt lat="37.917500" lon="23.111920">
						<ele>5</ele>
						<time>2026-10-09T14:23:00Z</time>
					</trkpt>
					<trkpt lat="37.916430" lon="23.108730">
						<ele>7</ele>
						<time>2026-10-09T14:23:48Z</time>
					</trkpt>
					<trkpt lat="37.916360" lon="23.108400">
						<ele>7</ele>
						<time>2026-10-09T14:23:53Z</time>
					</trkpt>
					<trkpt lat="37.916320" lon="23.107950">
						<ele>7</ele>
						<time>2026-10-09T14:23:59Z</time>
					</trkpt>
					<trkpt lat="37.916350" lon="23.106970">
						<ele>6</ele>
						<time>2026-10-09T14:24:13Z</time>
					</trkpt>
					<trkpt lat="37.916420" lon="23.106270">
						<ele>5</ele>
						<time>2026-10-09T14:24:23Z</time>
					</trkpt>
					<trkpt lat="37.916500" lon="23.105860">
						<ele>5</ele>
						<time>2026-10-09T14:24:29Z</time>
					</trkpt>
					<trkpt lat="37.916680" lon="23.105130">
						<ele>5</ele>
						<time>2026-10-09T14:24:40Z</time>
					</trkpt>
					<trkpt lat="37.917590" lon="23.102500">
						<ele>7</ele>
						<time>2026-10-09T14:25:20Z</time>
					</trkpt>
					<trkpt lat="37.917760" lon="23.101710">
						<ele>10</ele>
						<time>2026-10-09T14:25:32Z</time>
					</trkpt>
					<trkpt lat="37.917790" lon="23.100960">
						<ele>8</ele>
						<time>2026-10-09T14:25:42Z</time>
					</trkpt>
					<trkpt lat="37.917680" lon="23.099760">
						<ele>4</ele>
						<time>2026-10-09T14:25:59Z</time>
					</trkpt>
					<trkpt lat="37.917710" lon="23.099350">
						<ele>5</ele>
						<time>2026-10-09T14:26:05Z</time>
					</trkpt>
					<trkpt lat="37.917830" lon="23.098850">
						<ele>5</ele>
						<time>2026-10-09T14:26:12Z</time>
					</trkpt>
					<trkpt lat="37.918010" lon="23.098480">
						<ele>6</ele>
						<time>2026-10-09T14:26:18Z</time>
					</trkpt>
					<trkpt lat="37.918220" lon="23.098180">
						<ele>8</ele>
						<time>2026-10-09T14:26:24Z</time>
					</trkpt>
					<trkpt lat="37.918410" lon="23.097990">
						<ele>8</ele>
						<time>2026-10-09T14:26:28Z</time>
					</trkpt>
					<trkpt lat="37.919350" lon="23.097310">
						<ele>8</ele>
						<time>2026-10-09T14:26:48Z</time>
					</trkpt>
					<trkpt lat="37.920720" lon="23.095430">
						<ele>12</ele>
						<time>2026-10-09T14:27:23Z</time>
					</trkpt>
					<trkpt lat="37.920460" lon="23.094990">
						<ele>11</ele>
						<time>2026-10-09T14:27:31Z</time>
					</trkpt>
					<trkpt lat="37.920860" lon="23.093050">
						<ele>16</ele>
						<time>2026-10-09T14:27:59Z</time>
					</trkpt>
					<trkpt lat="37.920920" lon="23.092140">
						<ele>22</ele>
						<time>2026-10-09T14:28:12Z</time>
					</trkpt>
					<trkpt lat="37.920920" lon="23.091160">
						<ele>21</ele>
						<time>2026-10-09T14:28:26Z</time>
					</trkpt>
					<trkpt lat="37.919740" lon="23.064380">
						<ele>22</ele>
						<time>2026-10-09T14:34:42Z</time>
					</trkpt>
					<trkpt lat="37.919710" lon="23.062780">
						<ele>19</ele>
						<time>2026-10-09T14:35:05Z</time>
					</trkpt>
					<trkpt lat="37.919720" lon="23.062610">
						<ele>19</ele>
						<time>2026-10-09T14:35:07Z</time>
					</trkpt>
					<trkpt lat="37.919760" lon="23.062510">
						<ele>18</ele>
						<time>2026-10-09T14:35:09Z</time>
					</trkpt>
					<trkpt lat="37.919860" lon="23.062380">
						<ele>19</ele>
						<time>2026-10-09T14:35:11Z</time>
					</trkpt>
					<trkpt lat="37.920100" lon="23.062180">
						<ele>19</ele>
						<time>2026-10-09T14:35:16Z</time>
					</trkpt>
					<trkpt lat="37.919910" lon="23.061850">
						<ele>19</ele>
						<time>2026-10-09T14:35:22Z</time>
					</trkpt>
					<trkpt lat="37.919790" lon="23.061570">
						<ele>19</ele>
						<time>2026-10-09T14:35:27Z</time>
					</trkpt>
					<trkpt lat="37.919680" lon="23.061080">
						<ele>16</ele>
						<time>2026-10-09T14:35:34Z</time>
					</trkpt>
					<trkpt lat="37.919660" lon="23.060560">
						<ele>14</ele>
						<time>2026-10-09T14:35:41Z</time>
					</trkpt>
					<trkpt lat="37.919700" lon="23.060100">
						<ele>13</ele>
						<time>2026-10-09T14:35:48Z</time>
					</trkpt>
					<trkpt lat="37.919860" lon="23.059120">
						<ele>13</ele>
						<time>2026-10-09T14:36:02Z</time>
					</trkpt>
					<trkpt lat="37.920060" lon="23.058370">
						<ele>13</ele>
						<time>2026-10-09T14:36:13Z</time>
					</trkpt>
					<trkpt lat="37.920370" lon="23.057490">
						<ele>12</ele>
						<time>2026-10-09T14:36:26Z</time>
					</trkpt>
					<trkpt lat="37.920640" lon="23.056890">
						<ele>13</ele>
						<time>2026-10-09T14:36:36Z</time>
					</trkpt>
					<trkpt lat="37.920950" lon="23.056310">
						<ele>15</ele>
						<time>2026-10-09T14:36:46Z</time>
					</trkpt>
					<trkpt lat="37.921390" lon="23.055570">
						<ele>17</ele>
						<time>2026-10-09T14:36:59Z</time>
					</trkpt>
					<trkpt lat="37.922200" lon="23.054340">
						<ele>13</ele>
						<time>2026-10-09T14:37:21Z</time>
					</trkpt>
					<trkpt lat="37.922420" lon="23.053940">
						<ele>11</ele>
						<time>2026-10-09T14:37:28Z</time>
					</trkpt>
					<trkpt lat="37.922650" lon="23.053430">
						<ele>10</ele>
						<time>2026-10-09T14:37:36Z</time>
					</trkpt>
					<trkpt lat="37.922840" lon="23.052850">
						<ele>10</ele>
						<time>2026-10-09T14:37:45Z</time>
					</trkpt>
					<trkpt lat="37.923200" lon="23.051460">
						<ele>11</ele>
						<time>2026-10-09T14:38:06Z</time>
					</trkpt>
					<trkpt lat="37.923670" lon="23.050160">
						<ele>12</ele>
						<time>2026-10-09T14:38:26Z</time>
					</trkpt>
					<trkpt lat="37.923770" lon="23.049720">
						<ele>10</ele>
						<time>2026-10-09T14:38:32Z</time>
					</trkpt>
					<trkpt lat="37.923860" lon="23.049070">
						<ele>7</ele>
						<time>2026-10-09T14:38:42Z</time>
					</trkpt>
					<trkpt lat="37.923940" lon="23.047930">
						<ele>7</ele>
						<time>2026-10-09T14:38:58Z</time>
					</trkpt>
					<trkpt lat="37.924070" lon="23.045380">
						<ele>10</ele>
						<time>2026-10-09T14:39:33Z</time>
					</trkpt>
					<trkpt lat="37.924550" lon="23.038140">
						<ele>15</ele>
						<time>2026-10-09T14:41:15Z</time>
					</trkpt>
					<trkpt lat="37.924550" lon="23.037700">
						<ele>15</ele>
						<time>2026-10-09T14:41:22Z</time>
					</trkpt>
					<trkpt lat="37.924390" lon="23.034430">
						<ele>19</ele>
						<time>2026-10-09T14:42:08Z</time>
					</trkpt>
					<trkpt lat="37.924330" lon="23.034040">
						<ele>19</ele>
						<time>2026-10-09T14:42:13Z</time>
					</trkpt>
					<trkpt lat="37.924040" lon="23.032860">
						<ele>21</ele>
						<time>2026-10-09T14:42:31Z</time>
					</trkpt>
					<trkpt lat="37.923990" lon="23.032390">
						<ele>22</ele>
						<time>2026-10-09T14:42:37Z</time>
					</trkpt>
					<trkpt lat="37.924010" lon="23.032140">
						<ele>22</ele>
						<time>2026-10-09T14:42:41Z</time>
					</trkpt>
					<trkpt lat="37.924110" lon="23.031740">
						<ele>22</ele>
						<time>2026-10-09T14:42:47Z</time>
					</trkpt>
					<trkpt lat="37.924210" lon="23.031480">
						<ele>21</ele>
						<time>2026-10-09T14:42:51Z</time>
					</trkpt>
					<trkpt lat="37.924480" lon="23.030960">
						<ele>21</ele>
						<time>2026-10-09T14:42:59Z</time>
					</trkpt>
					<trkpt lat="37.924640" lon="23.030380">
						<ele>22</ele>
						<time>2026-10-09T14:43:08Z</time>
					</trkpt>
					<trkpt lat="37.925260" lon="23.026790">
						<ele>17</ele>
						<time>2026-10-09T14:44:00Z</time>
					</trkpt>
					<trkpt lat="37.925360" lon="23.025920">
						<ele>13</ele>
						<time>2026-10-09T14:44:12Z</time>
					</trkpt>
					<trkpt lat="37.925720" lon="23.019590">
						<ele>9</ele>
						<time>2026-10-09T14:45:41Z</time>
					</trkpt>
					<trkpt lat="37.925720" lon="23.018790">
						<ele>8</ele>
						<time>2026-10-09T14:45:52Z</time>
					</trkpt>
					<trkpt lat="37.925640" lon="23.017810">
						<ele>10</ele>
						<time>2026-10-09T14:46:06Z</time>
					</trkpt>
					<trkpt lat="37.925510" lon="23.016980">
						<ele>11</ele>
						<time>2026-10-09T14:46:18Z</time>
					</trkpt>
					<trkpt lat="37.925350" lon="23.016330">
						<ele>12</ele>
						<time>2026-10-09T14:46:27Z</time>
					</trkpt>
					<trkpt lat="37.925020" lon="23.015340">
						<ele>15</ele>
						<time>2026-10-09T14:46:43Z</time>
					</trkpt>
					<trkpt lat="37.924350" lon="23.013910">
						<ele>13</ele>
						<time>2026-10-09T14:47:06Z</time>
					</trkpt>
					<trkpt lat="37.923630" lon="23.012270">
						<ele>13</ele>
						<time>2026-10-09T14:47:32Z</time>
					</trkpt>
					<trkpt lat="37.922660" lon="23.009880">
						<ele>17</ele>
						<time>2026-10-09T14:48:10Z</time>
					</trkpt>
					<trkpt lat="37.922380" lon="23.009080">
						<ele>20</ele>
						<time>2026-10-09T14:48:22Z</time>
					</trkpt>
					<trkpt lat="37.922250" lon="23.008560">
						<ele>23</ele>
						<time>2026-10-09T14:48:30Z</time>
					</trkpt>
					<trkpt lat="37.922120" lon="23.007650">
						<ele>29</ele>
						<time>2026-10-09T14:48:43Z</time>
					</trkpt>
					<trkpt lat="37.922070" lon="23.006810">
						<ele>30</ele>
						<time>2026-10-09T14:48:55Z</time>
					</trkpt>
					<trkpt lat="37.922100" lon="23.006150">
						<ele>33</ele>
						<time>2026-10-09T14:49:04Z</time>
					</trkpt>
					<trkpt lat="37.922290" lon="23.005010">
						<ele>39</ele>
						<time>2026-10-09T14:49:20Z</time>
					</trkpt>
					<trkpt lat="37.922410" lon="23.004440">
						<ele>38</ele>
						<time>2026-10-09T14:49:29Z</time>
					</trkpt>
					<trkpt lat="37.922510" lon="23.004100">
						<ele>38</ele>
						<time>2026-10-09T14:49:34Z</time>
					</trkpt>
					<trkpt lat="37.922630" lon="23.003810">
						<ele>41</ele>
						<time>2026-10-09T14:49:38Z</time>
					</trkpt>
					<trkpt lat="37.922920" lon="23.003340">
						<ele>45</ele>
						<time>2026-10-09T14:49:47Z</time>
					</trkpt>
					<trkpt lat="37.923300" lon="23.002570">
						<ele>48</ele>
						<time>2026-10-09T14:49:59Z</time>
					</trkpt>
					<trkpt lat="37.923430" lon="23.002130">
						<ele>51</ele>
						<time>2026-10-09T14:50:06Z</time>
					</trkpt>
					<trkpt lat="37.923630" lon="23.001230">
						<ele>51</ele>
						<time>2026-10-09T14:50:19Z</time>
					</trkpt>
					<trkpt lat="37.923800" lon="23.000720">
						<ele>48</ele>
						<time>2026-10-09T14:50:27Z</time>
					</trkpt>
					<trkpt lat="37.923890" lon="23.000530">
						<ele>48</ele>
						<time>2026-10-09T14:50:30Z</time>
					</trkpt>
					<trkpt lat="37.924160" lon="23.000100">
						<ele>52</ele>
						<time>2026-10-09T14:50:38Z</time>
					</trkpt>
					<trkpt lat="37.924280" lon="22.999950">
						<ele>52</ele>
						<time>2026-10-09T14:50:41Z</time>
					</trkpt>
					<trkpt lat="37.924510" lon="22.999730">
						<ele>53</ele>
						<time>2026-10-09T14:50:46Z</time>
					</trkpt>
					<trkpt lat="37.924770" lon="22.999530">
						<ele>56</ele>
						<time>2026-10-09T14:50:51Z</time>
					</trkpt>
					<trkpt lat="37.925730" lon="22.998960">
						<ele>62</ele>
						<time>2026-10-09T14:51:10Z</time>
					</trkpt>
					<trkpt lat="37.926000" lon="22.998750">
						<ele>63</ele>
						<time>2026-10-09T14:51:16Z</time>
					</trkpt>
					<trkpt lat="37.926470" lon="22.998290">
						<ele>64</ele>
						<time>2026-10-09T14:51:26Z</time>
					</trkpt>
					<trkpt lat="37.927010" lon="22.997520">
						<ele>65</ele>
						<time>2026-10-09T14:51:41Z</time>
					</trkpt>
					<trkpt lat="37.927370" lon="22.997180">
						<ele>65</ele>
						<time>2026-10-09T14:51:49Z</time>
					</trkpt>
					<trkpt lat="37.927710" lon="22.996750">
						<ele>66</ele>
						<time>2026-10-09T14:51:57Z</time>
					</trkpt>
					<trkpt lat="37.927860" lon="22.996390">
						<ele>66</ele>
						<time>2026-10-09T14:52:03Z</time>
					</trkpt>
					<trkpt lat="37.927910" lon="22.995920">
						<ele>66</ele>
						<time>2026-10-09T14:52:10Z</time>
					</trkpt>
					<trkpt lat="37.927860" lon="22.995620">
						<ele>64</ele>
						<time>2026-10-09T14:52:14Z</time>
					</trkpt>
					<trkpt lat="37.927740" lon="22.995320">
						<ele>60</ele>
						<time>2026-10-09T14:52:19Z</time>
					</trkpt>
					<trkpt lat="37.927660" lon="22.995200">
						<ele>57</ele>
						<time>2026-10-09T14:52:21Z</time>
					</trkpt>
					<trkpt lat="37.926400" lon="22.993760">
						<ele>55</ele>
						<time>2026-10-09T14:52:51Z</time>
					</trkpt>
					<trkpt lat="37.926270" lon="22.993590">
						<ele>60</ele>
						<time>2026-10-09T14:52:54Z</time>
					</trkpt>
					<trkpt lat="37.926100" lon="22.993230">
						<ele>64</ele>
						<time>2026-10-09T14:53:00Z</time>
					</trkpt>
					<trkpt lat="37.925980" lon="22.992770">
						<ele>64</ele>
						<time>2026-10-09T14:53:07Z</time>
					</trkpt>
					<trkpt lat="37.925930" lon="22.992460">
						<ele>63</ele>
						<time>2026-10-09T14:53:12Z</time>
					</trkpt>
					<trkpt lat="37.925480" lon="22.989430">
						<ele>64</ele>
						<time>2026-10-09T14:53:55Z</time>
					</trkpt>
					<trkpt lat="37.925430" lon="22.988900">
						<ele>64</ele>
						<time>2026-10-09T14:54:02Z</time>
					</trkpt>
					<trkpt lat="37.925210" lon="22.988850">
						<ele>63</ele>
						<time>2026-10-09T14:54:06Z</time>
					</trkpt>
					<trkpt lat="37.924370" lon="22.988870">
						<ele>62</ele>
						<time>2026-10-09T14:54:21Z</time>
					</trkpt>
					<trkpt lat="37.924070" lon="22.988930">
						<ele>61</ele>
						<time>2026-10-09T14:54:27Z</time>
					</trkpt>
					<trkpt lat="37.923830" lon="22.989050">
						<ele>59</ele>
						<time>2026-10-09T14:54:31Z</time>
					</trkpt>
					<trkpt lat="37.923710" lon="22.989140">
						<ele>59</ele>
						<time>2026-10-09T14:54:34Z</time>
					</trkpt>
					<trkpt lat="37.923110" lon="22.989780">
						<ele>56</ele>
						<time>2026-10-09T14:54:48Z</time>
					</trkpt>
					<trkpt lat="37.923040" lon="22.989920">
						<ele>56</ele>
						<time>2026-10-09T14:54:50Z</time>
					</trkpt>
					<trkpt lat="37.920410" lon="22.992960">
						<ele>42</ele>
						<time>2026-10-09T14:55:53Z</time>
					</trkpt>
					<trkpt lat="37.920180" lon="22.993280">
						<ele>40</ele>
						<time>2026-10-09T14:55:59Z</time>
					</trkpt>
					<trkpt lat="37.919840" lon="22.993860">
						<ele>40</ele>
						<time>2026-10-09T14:56:10Z</time>
					</trkpt>
					<trkpt lat="37.917670" lon="22.998260">
						<ele>26</ele>
						<time>2026-10-09T14:57:22Z</time>
					</trkpt>
					<trkpt lat="37.917150" lon="22.999260">
						<ele>27</ele>
						<time>2026-10-09T14:57:39Z</time>
					</trkpt>
					<trkpt lat="37.914100" lon="23.003730">
						<ele>12</ele>
						<time>2026-10-09T14:59:02Z</time>
					</trkpt>
					<trkpt lat="37.913470" lon="23.004600">
						<ele>12</ele>
						<time>2026-10-09T14:59:19Z</time>
					</trkpt>
					<trkpt lat="37.913070" lon="23.005090">
						<ele>12</ele>
						<time>2026-10-09T14:59:29Z</time>
					</trkpt>
					<trkpt lat="37.912480" lon="23.005700">
						<ele>10</ele>
						<time>2026-10-09T14:59:42Z</time>
					</trkpt>
					<trkpt lat="37.911590" lon="23.006460">
						<ele>10</ele>
						<time>2026-10-09T15:00:01Z</time>
					</trkpt>
					<trkpt lat="37.909740" lon="23.008000">
						<ele>14</ele>
						<time>2026-10-09T15:00:41Z</time>
					</trkpt>
					<trkpt lat="37.909080" lon="23.008460">
						<ele>18</ele>
						<time>2026-10-09T15:00:54Z</time>
					</trkpt>
					<trkpt lat="37.908630" lon="23.008750">
						<ele>20</ele>
						<time>2026-10-09T15:01:03Z</time>
					</trkpt>
					<trkpt lat="37.907940" lon="23.009090">
						<ele>21</ele>
						<time>2026-10-09T15:01:16Z</time>
					</trkpt>
					<trkpt lat="37.907640" lon="23.009210">
						<ele>20</ele>
						<time>2026-10-09T15:01:22Z</time>
					</trkpt>
					<trkpt lat="37.906830" lon="23.009460">
						<ele>22</ele>
						<time>2026-10-09T15:01:37Z</time>
					</trkpt>
					<trkpt lat="37.906190" lon="23.009610">
						<ele>23</ele>
						<time>2026-10-09T15:01:48Z</time>
					</trkpt>
					<trkpt lat="37.905690" lon="23.009670">
						<ele>23</ele>
						<time>2026-10-09T15:01:57Z</time>
					</trkpt>
					<trkpt lat="37.902570" lon="23.009890">
						<ele>15</ele>
						<time>2026-10-09T15:02:53Z</time>
					</trkpt>
					<trkpt lat="37.901380" lon="23.009940">
						<ele>29</ele>
						<time>2026-10-09T15:03:14Z</time>
					</trkpt>
					<trkpt lat="37.901060" lon="23.009920">
						<ele>32</ele>
						<time>2026-10-09T15:03:20Z</time>
					</trkpt>
					<trkpt lat="37.899570" lon="23.009660">
						<ele>31</ele>
						<time>2026-10-09T15:03:46Z</time>
					</trkpt>
					<trkpt lat="37.897780" lon="23.008950">
						<ele>37</ele>
						<time>2026-10-09T15:04:20Z</time>
					</trkpt>
					<trkpt lat="37.896940" lon="23.008690">
						<ele>36</ele>
						<time>2026-10-09T15:04:35Z</time>
					</trkpt>
					<trkpt lat="37.896560" lon="23.008530">
						<ele>36</ele>
						<time>2026-10-09T15:04:42Z</time>
					</trkpt>
					<trkpt lat="37.896070" lon="23.008260">
						<ele>36</ele>
						<time>2026-10-09T15:04:52Z</time>
					</trkpt>
					<trkpt lat="37.895550" lon="23.007850">
						<ele>37</ele>
						<time>2026-10-09T15:05:03Z</time>
					</trkpt>
					<trkpt lat="37.895240" lon="23.007560">
						<ele>38</ele>
						<time>2026-10-09T15:05:10Z</time>
					</trkpt>
					<trkpt lat="37.895060" lon="23.007360">
						<ele>38</ele>
						<time>2026-10-09T15:05:14Z</time>
					</trkpt>
					<trkpt lat="37.894790" lon="23.006990">
						<ele>39</ele>
						<time>2026-10-09T15:05:21Z</time>
					</trkpt>
					<trkpt lat="37.894510" lon="23.006580">
						<ele>39</ele>
						<time>2026-10-09T15:05:29Z</time>
					</trkpt>
					<trkpt lat="37.891770" lon="23.002160">
						<ele>26</ele>
						<time>2026-10-09T15:06:47Z</time>
					</trkpt>
					<trkpt lat="37.890790" lon="23.000530">
						<ele>26</ele>
						<time>2026-10-09T15:07:16Z</time>
					</trkpt>
					<trkpt lat="37.890430" lon="23.000000">
						<ele>24</ele>
						<time>2026-10-09T15:07:26Z</time>
					</trkpt>
					<trkpt lat="37.890020" lon="22.999530">
						<ele>20</ele>
						<time>2026-10-09T15:07:36Z</time>
					</trkpt>
					<trkpt lat="37.882940" lon="22.992480">
						<ele>3</ele>
						<time>2026-10-09T15:10:16Z</time>
					</trkpt>
					<trkpt lat="37.882510" lon="22.992150">
						<ele>2</ele>
						<time>2026-10-09T15:10:25Z</time>
					</trkpt>
					<trkpt lat="37.881980" lon="22.991830">
						<ele>3</ele>
						<time>2026-10-09T15:10:36Z</time>
					</trkpt>
					<trkpt lat="37.881540" lon="22.991650">
						<ele>4</ele>
						<time>2026-10-09T15:10:44Z</time>
					</trkpt>
					<trkpt lat="37.881110" lon="22.991530">
						<ele>5</ele>
						<time>2026-10-09T15:10:52Z</time>
					</trkpt>
					<trkpt lat="37.880650" lon="22.991440">
						<ele>5</ele>
						<time>2026-10-09T15:11:00Z</time>
					</trkpt>
					<trkpt lat="37.880000" lon="22.991460">
						<ele>3</ele>
						<time>2026-10-09T15:11:11Z</time>
					</trkpt>
					<trkpt lat="37.879450" lon="22.991560">
						<ele>5</ele>
						<time>2026-10-09T15:11:21Z</time>
					</trkpt>
					<trkpt lat="37.876660" lon="22.992240">
						<ele>7</ele>
						<time>2026-10-09T15:12:12Z</time>
					</trkpt>
					<trkpt lat="37.875960" lon="22.992380">
						<ele>9</ele>
						<time>2026-10-09T15:12:24Z</time>
					</trkpt>
					<trkpt lat="37.875230" lon="22.992580">
						<ele>11</ele>
						<time>2026-10-09T15:12:38Z</time>
					</trkpt>
					<trkpt lat="37.874460" lon="22.992970">
						<ele>14</ele>
						<time>2026-10-09T15:12:53Z</time>
					</trkpt>
					<trkpt lat="37.874010" lon="22.993310">
						<ele>17</ele>
						<time>2026-10-09T15:13:02Z</time>
					</trkpt>
					<trkpt lat="37.870530" lon="22.996290">
						<ele>27</ele>
						<time>2026-10-09T15:14:17Z</time>
					</trkpt>
					<trkpt lat="37.870040" lon="22.996630">
						<ele>20</ele>
						<time>2026-10-09T15:14:27Z</time>
					</trkpt>
					<trkpt lat="37.869760" lon="22.996790">
						<ele>18</ele>
						<time>2026-10-09T15:14:32Z</time>
					</trkpt>
					<trkpt lat="37.869370" lon="22.996970">
						<ele>17</ele>
						<time>2026-10-09T15:14:39Z</time>
					</trkpt>
					<trkpt lat="37.869060" lon="22.997080">
						<ele>17</ele>
						<time>2026-10-09T15:14:45Z</time>
					</trkpt>
					<trkpt lat="37.868510" lon="22.997200">
						<ele>17</ele>
						<time>2026-10-09T15:14:55Z</time>
					</trkpt>
					<trkpt lat="37.867890" lon="22.997220">
						<ele>17</ele>
						<time>2026-10-09T15:15:06Z</time>
					</trkpt>
					<trkpt lat="37.866850" lon="22.997210">
						<ele>15</ele>
						<time>2026-10-09T15:15:25Z</time>
					</trkpt>
					<trkpt lat="37.863840" lon="22.997070">
						<ele>6</ele>
						<time>2026-10-09T15:16:18Z</time>
					</trkpt>
					<trkpt lat="37.862870" lon="22.997050">
						<ele>7</ele>
						<time>2026-10-09T15:16:35Z</time>
					</trkpt>
					<trkpt lat="37.862450" lon="22.997070">
						<ele>6</ele>
						<time>2026-10-09T15:16:43Z</time>
					</trkpt>
					<trkpt lat="37.861450" lon="22.997210">
						<ele>5</ele>
						<time>2026-10-09T15:17:01Z</time>
					</trkpt>
					<trkpt lat="37.860240" lon="22.997490">
						<ele>7</ele>
						<time>2026-10-09T15:17:23Z</time>
					</trkpt>
					<trkpt lat="37.859550" lon="22.997710">
						<ele>6</ele>
						<time>2026-10-09T15:17:35Z</time>
					</trkpt>
					<trkpt lat="37.855160" lon="22.998840">
						<ele>9</ele>
						<time>2026-10-09T15:18:55Z</time>
					</trkpt>
					<trkpt lat="37.853290" lon="22.999350">
						<ele>10</ele>
						<time>2026-10-09T15:19:29Z</time>
					</trkpt>
					<trkpt lat="37.848260" lon="23.000660">
						<ele>7</ele>
						<time>2026-10-09T15:21:00Z</time>
					</trkpt>
					<trkpt lat="37.847190" lon="23.000920">
						<ele>7</ele>
						<time>2026-10-09T15:21:20Z</time>
					</trkpt>
					<trkpt lat="37.846780" lon="22.999510">
						<ele>13</ele>
						<time>2026-10-09T15:21:41Z</time>
					</trkpt>
					<trkpt lat="37.846900" lon="22.999450">
						<ele>13</ele>
						<time>2026-10-09T15:21:43Z</time>
					</trkpt>
					<trkpt lat="37.847340" lon="22.998870">
						<ele>13</ele>
						<time>2026-10-09T15:21:55Z</time>
					</trkpt>
					<trkpt lat="37.847520" lon="22.998380">
						<ele>13</ele>
						<time>2026-10-09T15:22:02Z</time>
					</trkpt>
					<trkpt lat="37.848080" lon="22.996650">
						<ele>16</ele>
						<time>2026-10-09T15:22:28Z</time>
					</trkpt>
					<trkpt lat="37.848590" lon="22.995620">
						<ele>19</ele>
						<time>2026-10-09T15:22:45Z</time>
					</trkpt>
					<trkpt lat="37.848650" lon="22.995420">
						<ele>19</ele>
						<time>2026-10-09T15:22:48Z</time>
					</trkpt>
					<trkpt lat="37.849070" lon="22.993400">
						<ele>22</ele>
						<time>2026-10-09T15:23:18Z</time>
					</trkpt>
					<trkpt lat="37.849610" lon="22.991250">
						<ele>26</ele>
						<time>2026-10-09T15:23:50Z</time>
					</trkpt>
					<trkpt lat="37.849680" lon="22.990830">
						<ele>27</ele>
						<time>2026-10-09T15:23:56Z</time>
					</trkpt>
					<trkpt lat="37.849700" lon="22.990620">
						<ele>28</ele>
						<time>2026-10-09T15:23:59Z</time>
					</trkpt>
					<trkpt lat="37.849650" lon="22.989360">
						<ele>31</ele>
						<time>2026-10-09T15:24:16Z</time>
					</trkpt>
					<trkpt lat="37.849660" lon="22.988680">
						<ele>33</ele>
						<time>2026-10-09T15:24:26Z</time>
					</trkpt>
					<trkpt lat="37.849780" lon="22.986790">
						<ele>37</ele>
						<time>2026-10-09T15:24:52Z</time>
					</trkpt>
					<trkpt lat="37.849870" lon="22.986390">
						<ele>37</ele>
						<time>2026-10-09T15:24:58Z</time>
					</trkpt>
					<trkpt lat="37.850360" lon="22.985270">
						<ele>39</ele>
						<time>2026-10-09T15:25:16Z</time>
					</trkpt>
					<trkpt lat="37.850550" lon="22.985080">
						<ele>40</ele>
						<time>2026-10-09T15:25:21Z</time>
					</trkpt>
					<trkpt lat="37.850860" lon="22.984900">
						<ele>41</ele>
						<time>2026-10-09T15:25:27Z</time>
					</trkpt>
					<trkpt lat="37.850750" lon="22.984720">
						<ele>41</ele>
						<time>2026-10-09T15:25:30Z</time>
					</trkpt>
					<trkpt lat="37.850420" lon="22.983980">
						<ele>45</ele>
						<time>2026-10-09T15:25:42Z</time>
					</trkpt>
					<trkpt lat="37.850320" lon="22.983680">
						<ele>47</ele>
						<time>2026-10-09T15:25:46Z</time>
					</trkpt>
					<trkpt lat="37.850090" lon="22.983130">
						<ele>52</ele>
						<time>2026-10-09T15:25:55Z</time>
					</trkpt>
					<trkpt lat="37.849870" lon="22.982810">
						<ele>54</ele>
						<time>2026-10-09T15:26:01Z</time>
					</trkpt>
					<trkpt lat="37.849790" lon="22.982650">
						<ele>55</ele>
						<time>2026-10-09T15:26:04Z</time>
					</trkpt>
					<trkpt lat="37.849600" lon="22.982070">
						<ele>58</ele>
						<time>2026-10-09T15:26:13Z</time>
					</trkpt>
					<trkpt lat="37.849570" lon="22.981900">
						<ele>59</ele>
						<time>2026-10-09T15:26:15Z</time>
					</trkpt>
					<trkpt lat="37.849650" lon="22.981790">
						<ele>60</ele>
						<time>2026-10-09T15:26:17Z</time>
					</trkpt>
					<trkpt lat="37.849710" lon="22.981620">
						<ele>61</ele>
						<time>2026-10-09T15:26:20Z</time>
					</trkpt>
					<trkpt lat="37.849710" lon="22.981420">
						<ele>62</ele>
						<time>2026-10-09T15:26:23Z</time>
					</trkpt>
					<trkpt lat="37.849660" lon="22.981240">
						<ele>63</ele>
						<time>2026-10-09T15:26:25Z</time>
					</trkpt>
					<trkpt lat="37.849500" lon="22.980880">
						<ele>66</ele>
						<time>2026-10-09T15:26:31Z</time>
					</trkpt>
					<trkpt lat="37.848880" lon="22.980060">
						<ele>69</ele>
						<time>2026-10-09T15:26:47Z</time>
					</trkpt>
					<trkpt lat="37.848560" lon="22.979510">
						<ele>68</ele>
						<time>2026-10-09T15:26:57Z</time>
					</trkpt>
					<trkpt lat="37.848450" lon="22.979270">
						<ele>68</ele>
						<time>2026-10-09T15:27:00Z</time>
					</trkpt>
					<trkpt lat="37.848460" lon="22.979230">
						<ele>68</ele>
						<time>2026-10-09T15:27:01Z</time>
					</trkpt>
					<trkpt lat="37.848320" lon="22.978330">
						<ele>68</ele>
						<time>2026-10-09T15:27:14Z</time>
					</trkpt>
					<trkpt lat="37.848160" lon="22.977440">
						<ele>74</ele>
						<time>2026-10-09T15:27:27Z</time>
					</trkpt>
					<trkpt lat="37.848090" lon="22.977350">
						<ele>75</ele>
						<time>2026-10-09T15:27:29Z</time>
					</trkpt>
					<trkpt lat="37.847350" lon="22.976690">
						<ele>84</ele>
						<time>2026-10-09T15:27:45Z</time>
					</trkpt>
					<trkpt lat="37.847270" lon="22.976510">
						<ele>85</ele>
						<time>2026-10-09T15:27:48Z</time>
					</trkpt>
					<trkpt lat="37.847140" lon="22.975660">
						<ele>90</ele>
						<time>2026-10-09T15:28:00Z</time>
					</trkpt>
					<trkpt lat="37.847030" lon="22.975510">
						<ele>90</ele>
						<time>2026-10-09T15:28:03Z</time>
					</trkpt>
					<trkpt lat="37.846660" lon="22.975220">
						<ele>93</ele>
						<time>2026-10-09T15:28:10Z</time>
					</trkpt>
					<trkpt lat="37.846520" lon="22.975070">
						<ele>94</ele>
						<time>2026-10-09T15:28:14Z</time>
					</trkpt>
					<trkpt lat="37.846430" lon="22.974920">
						<ele>95</ele>
						<time>2026-10-09T15:28:16Z</time>
					</trkpt>
					<trkpt lat="37.846360" lon="22.974700">
						<ele>98</ele>
						<time>2026-10-09T15:28:20Z</time>
					</trkpt>
					<trkpt lat="37.846330" lon="22.974250">
						<ele>104</ele>
						<time>2026-10-09T15:28:26Z</time>
					</trkpt>
					<trkpt lat="37.846410" lon="22.973480">
						<ele>110</ele>
						<time>2026-10-09T15:28:37Z</time>
					</trkpt>
					<trkpt lat="37.846380" lon="22.973230">
						<ele>112</ele>
						<time>2026-10-09T15:28:40Z</time>
					</trkpt>
					<trkpt lat="37.846270" lon="22.972850">
						<ele>114</ele>
						<time>2026-10-09T15:28:46Z</time>
					</trkpt>
					<trkpt lat="37.845860" lon="22.971820">
						<ele>125</ele>
						<time>2026-10-09T15:29:02Z</time>
					</trkpt>
					<trkpt lat="37.845260" lon="22.970570">
						<ele>135</ele>
						<time>2026-10-09T15:29:23Z</time>
					</trkpt>
					<trkpt lat="37.844640" lon="22.969950">
						<ele>146</ele>
						<time>2026-10-09T15:29:37Z</time>
					</trkpt>
					<trkpt lat="37.843940" lon="22.968730">
						<ele>167</ele>
						<time>2026-10-09T15:29:58Z</time>
					</trkpt>
					<trkpt lat="37.843830" lon="22.968460">
						<ele>171</ele>
						<time>2026-10-09T15:30:02Z</time>
					</trkpt>
					<trkpt lat="37.843780" lon="22.968240">
						<ele>172</ele>
						<time>2026-10-09T15:30:06Z</time>
					</trkpt>
					<trkpt lat="37.843710" lon="22.967670">
						<ele>170</ele>
						<time>2026-10-09T15:30:14Z</time>
					</trkpt>
					<trkpt lat="37.843570" lon="22.967350">
						<ele>172</ele>
						<time>2026-10-09T15:30:19Z</time>
					</trkpt>
					<trkpt lat="37.843460" lon="22.967210">
						<ele>174</ele>
						<time>2026-10-09T15:30:22Z</time>
					</trkpt>
					<trkpt lat="37.842800" lon="22.966680">
						<ele>181</ele>
						<time>2026-10-09T15:30:36Z</time>
					</trkpt>
					<trkpt lat="37.842610" lon="22.966550">
						<ele>183</ele>
						<time>2026-10-09T15:30:39Z</time>
					</trkpt>
					<trkpt lat="37.842110" lon="22.966330">
						<ele>189</ele>
						<time>2026-10-09T15:30:49Z</time>
					</trkpt>
					<trkpt lat="37.841970" lon="22.966240">
						<ele>191</ele>
						<time>2026-10-09T15:30:52Z</time>
					</trkpt>
					<trkpt lat="37.841840" lon="22.966110">
						<ele>193</ele>
						<time>2026-10-09T15:30:55Z</time>
					</trkpt>
					<trkpt lat="37.841730" lon="22.965950">
						<ele>195</ele>
						<time>2026-10-09T15:30:57Z</time>
					</trkpt>
					<trkpt lat="37.841660" lon="22.965790">
						<ele>196</ele>
						<time>2026-10-09T15:31:00Z</time>
					</trkpt>
					<trkpt lat="37.841630" lon="22.965650">
						<ele>196</ele>
						<time>2026-10-09T15:31:02Z</time>
					</trkpt>
					<trkpt lat="37.841590" lon="22.965010">
						<ele>198</ele>
						<time>2026-10-09T15:31:11Z</time>
					</trkpt>
					<trkpt lat="37.841450" lon="22.964480">
						<ele>197</ele>
						<time>2026-10-09T15:31:19Z</time>
					</trkpt>
					<trkpt lat="37.840670" lon="22.963060">
						<ele>188</ele>
						<time>2026-10-09T15:31:43Z</time>
					</trkpt>
					<trkpt lat="37.840450" lon="22.962710">
						<ele>189</ele>
						<time>2026-10-09T15:31:50Z</time>
					</trkpt>
					<trkpt lat="37.840100" lon="22.962290">
						<ele>193</ele>
						<time>2026-10-09T15:31:58Z</time>
					</trkpt>
					<trkpt lat="37.839280" lon="22.961580">
						<ele>203</ele>
						<time>2026-10-09T15:32:16Z</time>
					</trkpt>
					<trkpt lat="37.839160" lon="22.961440">
						<ele>204</ele>
						<time>2026-10-09T15:32:19Z</time>
					</trkpt>
					<trkpt lat="37.838780" lon="22.960870">
						<ele>211</ele>
						<time>2026-10-09T15:32:29Z</time>
					</trkpt>
					<trkpt lat="37.838670" lon="22.960760">
						<ele>212</ele>
						<time>2026-10-09T15:32:32Z</time>
					</trkpt>
					<trkpt lat="37.838430" lon="22.960630">
						<ele>213</ele>
						<time>2026-10-09T15:32:36Z</time>
					</trkpt>
					<trkpt lat="37.837600" lon="22.960500">
						<ele>217</ele>
						<time>2026-10-09T15:32:51Z</time>
					</trkpt>
					<trkpt lat="37.837430" lon="22.960460">
						<ele>218</ele>
						<time>2026-10-09T15:32:54Z</time>
					</trkpt>
					<trkpt lat="37.837210" lon="22.960360">
						<ele>220</ele>
						<time>2026-10-09T15:32:58Z</time>
					</trkpt>
					<trkpt lat="37.836810" lon="22.960140">
						<ele>223</ele>
						<time>2026-10-09T15:33:06Z</time>
					</trkpt>
					<trkpt lat="37.836410" lon="22.959870">
						<ele>232</ele>
						<time>2026-10-09T15:33:14Z</time>
					</trkpt>
					<trkpt lat="37.836330" lon="22.959790">
						<ele>234</ele>
						<time>2026-10-09T15:33:16Z</time>
					</trkpt>
					<trkpt lat="37.836270" lon="22.959650">
						<ele>237</ele>
						<time>2026-10-09T15:33:18Z</time>
					</trkpt>
					<trkpt lat="37.836260" lon="22.959530">
						<ele>238</ele>
						<time>2026-10-09T15:33:20Z</time>
					</trkpt>
					<trkpt lat="37.836270" lon="22.959420">
						<ele>238</ele>
						<time>2026-10-09T15:33:22Z</time>
					</trkpt>
					<trkpt lat="37.836330" lon="22.959300">
						<ele>237</ele>
						<time>2026-10-09T15:33:24Z</time>
					</trkpt>
					<trkpt lat="37.836740" lon="22.958840">
						<ele>233</ele>
						<time>2026-10-09T15:33:33Z</time>
					</trkpt>
					<trkpt lat="37.836790" lon="22.958600">
						<ele>236</ele>
						<time>2026-10-09T15:33:37Z</time>
					</trkpt>
					<trkpt lat="37.836750" lon="22.958220">
						<ele>241</ele>
						<time>2026-10-09T15:33:42Z</time>
					</trkpt>
					<trkpt lat="37.836770" lon="22.958060">
						<ele>241</ele>
						<time>2026-10-09T15:33:44Z</time>
					</trkpt>
					<trkpt lat="37.836880" lon="22.957830">
						<ele>241</ele>
						<time>2026-10-09T15:33:48Z</time>
					</trkpt>
					<trkpt lat="37.836980" lon="22.957710">
						<ele>240</ele>
						<time>2026-10-09T15:33:51Z</time>
					</trkpt>
					<trkpt lat="37.837190" lon="22.957550">
						<ele>239</ele>
						<time>2026-10-09T15:33:55Z</time>
					</trkpt>
					<trkpt lat="37.837300" lon="22.957520">
						<ele>238</ele>
						<time>2026-10-09T15:33:57Z</time>
					</trkpt>
					<trkpt lat="37.837400" lon="22.957510">
						<ele>237</ele>
						<time>2026-10-09T15:33:59Z</time>
					</trkpt>
					<trkpt lat="37.837670" lon="22.957570">
						<ele>232</ele>
						<time>2026-10-09T15:34:04Z</time>
					</trkpt>
					<trkpt lat="37.837850" lon="22.957530">
						<ele>230</ele>
						<time>2026-10-09T15:34:07Z</time>
					</trkpt>
					<trkpt lat="37.838040" lon="22.957390">
						<ele>229</ele>
						<time>2026-10-09T15:34:11Z</time>
					</trkpt>
					<trkpt lat="37.838270" lon="22.957060">
						<ele>231</ele>
						<time>2026-10-09T15:34:17Z</time>
					</trkpt>
					<trkpt lat="37.838360" lon="22.956970">
						<ele>231</ele>
						<time>2026-10-09T15:34:19Z</time>
					</trkpt>
					<trkpt lat="37.838580" lon="22.956870">
						<ele>232</ele>
						<time>2026-10-09T15:34:23Z</time>
					</trkpt>
					<trkpt lat="37.839000" lon="22.956780">
						<ele>231</ele>
						<time>2026-10-09T15:34:31Z</time>
					</trkpt>
					<trkpt lat="37.839190" lon="22.956680">
						<ele>233</ele>
						<time>2026-10-09T15:34:35Z</time>
					</trkpt>
					<trkpt lat="37.839260" lon="22.956590">
						<ele>235</ele>
						<time>2026-10-09T15:34:36Z</time>
					</trkpt>
					<trkpt lat="37.839410" lon="22.956280">
						<ele>241</ele>
						<time>2026-10-09T15:34:41Z</time>
					</trkpt>
					<trkpt lat="37.839490" lon="22.956180">
						<ele>242</ele>
						<time>2026-10-09T15:34:43Z</time>
					</trkpt>
					<trkpt lat="37.839900" lon="22.955950">
						<ele>243</ele>
						<time>2026-10-09T15:34:51Z</time>
					</trkpt>
					<trkpt lat="37.840000" lon="22.955870">
						<ele>243</ele>
						<time>2026-10-09T15:34:53Z</time>
					</trkpt>
					<trkpt lat="37.840080" lon="22.955720">
						<ele>245</ele>
						<time>2026-10-09T15:34:56Z</time>
					</trkpt>
					<trkpt lat="37.840140" lon="22.955530">
						<ele>248</ele>
						<time>2026-10-09T15:34:59Z</time>
					</trkpt>
					<trkpt lat="37.840260" lon="22.954840">
						<ele>258</ele>
						<time>2026-10-09T15:35:09Z</time>
					</trkpt>
					<trkpt lat="37.840460" lon="22.954320">
						<ele>266</ele>
						<time>2026-10-09T15:35:17Z</time>
					</trkpt>
					<trkpt lat="37.840540" lon="22.954210">
						<ele>267</ele>
						<time>2026-10-09T15:35:19Z</time>
					</trkpt>
					<trkpt lat="37.840670" lon="22.954160">
						<ele>266</ele>
						<time>2026-10-09T15:35:21Z</time>
					</trkpt>
					<trkpt lat="37.840920" lon="22.954140">
						<ele>263</ele>
						<time>2026-10-09T15:35:26Z</time>
					</trkpt>
					<trkpt lat="37.841520" lon="22.954200">
						<ele>260</ele>
						<time>2026-10-09T15:35:37Z</time>
					</trkpt>
					<trkpt lat="37.841890" lon="22.954170">
						<ele>261</ele>
						<time>2026-10-09T15:35:43Z</time>
					</trkpt>
					<trkpt lat="37.842070" lon="22.954110">
						<ele>262</ele>
						<time>2026-10-09T15:35:47Z</time>
					</trkpt>
					<trkpt lat="37.842190" lon="22.954030">
						<ele>264</ele>
						<time>2026-10-09T15:35:49Z</time>
					</trkpt>
					<trkpt lat="37.842310" lon="22.953880">
						<ele>266</ele>
						<time>2026-10-09T15:35:52Z</time>
					</trkpt>
					<trkpt lat="37.842400" lon="22.953700">
						<ele>269</ele>
						<time>2026-10-09T15:35:55Z</time>
					</trkpt>
					<trkpt lat="37.842430" lon="22.953530">
						<ele>272</ele>
						<time>2026-10-09T15:35:57Z</time>
					</trkpt>
					<trkpt lat="37.842420" lon="22.952710">
						<ele>277</ele>
						<time>2026-10-09T15:36:09Z</time>
					</trkpt>
					<trkpt lat="37.842470" lon="22.952540">
						<ele>276</ele>
						<time>2026-10-09T15:36:11Z</time>
					</trkpt>
					<trkpt lat="37.842560" lon="22.952400">
						<ele>276</ele>
						<time>2026-10-09T15:36:14Z</time>
					</trkpt>
					<trkpt lat="37.842740" lon="22.952190">
						<ele>275</ele>
						<time>2026-10-09T15:36:18Z</time>
					</trkpt>
					<trkpt lat="37.842930" lon="22.952030">
						<ele>274</ele>
						<time>2026-10-09T15:36:22Z</time>
					</trkpt>
					<trkpt lat="37.843090" lon="22.951930">
						<ele>274</ele>
						<time>2026-10-09T15:36:26Z</time>
					</trkpt>
					<trkpt lat="37.843470" lon="22.951870">
						<ele>272</ele>
						<time>2026-10-09T15:36:32Z</time>
					</trkpt>
					<trkpt lat="37.844090" lon="22.951850">
						<ele>267</ele>
						<time>2026-10-09T15:36:43Z</time>
					</trkpt>
					<trkpt lat="37.844520" lon="22.951810">
						<ele>267</ele>
						<time>2026-10-09T15:36:51Z</time>
					</trkpt>
					<trkpt lat="37.844620" lon="22.951760">
						<ele>267</ele>
						<time>2026-10-09T15:36:53Z</time>
					</trkpt>
					<trkpt lat="37.844680" lon="22.951700">
						<ele>267</ele>
						<time>2026-10-09T15:36:54Z</time>
					</trkpt>
					<trkpt lat="37.844720" lon="22.951610">
						<ele>267</ele>
						<time>2026-10-09T15:36:56Z</time>
					</trkpt>
					<trkpt lat="37.844720" lon="22.951500">
						<ele>267</ele>
						<time>2026-10-09T15:36:57Z</time>
					</trkpt>
					<trkpt lat="37.844610" lon="22.951200">
						<ele>266</ele>
						<time>2026-10-09T15:37:02Z</time>
					</trkpt>
					<trkpt lat="37.843400" lon="22.949170">
						<ele>259</ele>
						<time>2026-10-09T15:37:38Z</time>
					</trkpt>
					<trkpt lat="37.842120" lon="22.947130">
						<ele>265</ele>
						<time>2026-10-09T15:38:14Z</time>
					</trkpt>
					<trkpt lat="37.841960" lon="22.946940">
						<ele>266</ele>
						<time>2026-10-09T15:38:18Z</time>
					</trkpt>
					<trkpt lat="37.841220" lon="22.946310">
						<ele>271</ele>
						<time>2026-10-09T15:38:34Z</time>
					</trkpt>
					<trkpt lat="37.840640" lon="22.945770">
						<ele>273</ele>
						<time>2026-10-09T15:38:47Z</time>
					</trkpt>
					<trkpt lat="37.840190" lon="22.945290">
						<ele>276</ele>
						<time>2026-10-09T15:38:57Z</time>
					</trkpt>
					<trkpt lat="37.839080" lon="22.944510">
						<ele>282</ele>
						<time>2026-10-09T15:39:20Z</time>
					</trkpt>
					<trkpt lat="37.838310" lon="22.943820">
						<ele>287</ele>
						<time>2026-10-09T15:39:37Z</time>
					</trkpt>
					<trkpt lat="37.838090" lon="22.943670">
						<ele>290</ele>
						<time>2026-10-09T15:39:41Z</time>
					</trkpt>
					<trkpt lat="37.836680" lon="22.942850">
						<ele>297</ele>
						<time>2026-10-09T15:40:09Z</time>
					</trkpt>
					<trkpt lat="37.836560" lon="22.942730">
						<ele>297</ele>
						<time>2026-10-09T15:40:12Z</time>
					</trkpt>
					<trkpt lat="37.836490" lon="22.942590">
						<ele>297</ele>
						<time>2026-10-09T15:40:14Z</time>
					</trkpt>
					<trkpt lat="37.836460" lon="22.942460">
						<ele>297</ele>
						<time>2026-10-09T15:40:16Z</time>
					</trkpt>
					<trkpt lat="37.836460" lon="22.942310">
						<ele>296</ele>
						<time>2026-10-09T15:40:18Z</time>
					</trkpt>
					<trkpt lat="37.836510" lon="22.942050">
						<ele>295</ele>
						<time>2026-10-09T15:40:22Z</time>
					</trkpt>
					<trkpt lat="37.836730" lon="22.941590">
						<ele>293</ele>
						<time>2026-10-09T15:40:29Z</time>
					</trkpt>
					<trkpt lat="37.836810" lon="22.941340">
						<ele>293</ele>
						<time>2026-10-09T15:40:33Z</time>
					</trkpt>
					<trkpt lat="37.836680" lon="22.939310">
						<ele>272</ele>
						<time>2026-10-09T15:41:02Z</time>
					</trkpt>
					<trkpt lat="37.836640" lon="22.939120">
						<ele>270</ele>
						<time>2026-10-09T15:41:04Z</time>
					</trkpt>
					<trkpt lat="37.836580" lon="22.938930">
						<ele>269</ele>
						<time>2026-10-09T15:41:07Z</time>
					</trkpt>
					<trkpt lat="37.836000" lon="22.937910">
						<ele>255</ele>
						<time>2026-10-09T15:41:25Z</time>
					</trkpt>
					<trkpt lat="37.835890" lon="22.937640">
						<ele>252</ele>
						<time>2026-10-09T15:41:29Z</time>
					</trkpt>
					<trkpt lat="37.835830" lon="22.937410">
						<ele>249</ele>
						<time>2026-10-09T15:41:33Z</time>
					</trkpt>
					<trkpt lat="37.835470" lon="22.935160">
						<ele>241</ele>
						<time>2026-10-09T15:42:05Z</time>
					</trkpt>
					<trkpt lat="37.835160" lon="22.934270">
						<ele>246</ele>
						<time>2026-10-09T15:42:19Z</time>
					</trkpt>
					<trkpt lat="37.835130" lon="22.934130">
						<ele>246</ele>
						<time>2026-10-09T15:42:21Z</time>
					</trkpt>
					<trkpt lat="37.835110" lon="22.933970">
						<ele>248</ele>
						<time>2026-10-09T15:42:23Z</time>
					</trkpt>
					<trkpt lat="37.835120" lon="22.933790">
						<ele>248</ele>
						<time>2026-10-09T15:42:25Z</time>
					</trkpt>
					<trkpt lat="37.835210" lon="22.933240">
						<ele>249</ele>
						<time>2026-10-09T15:42:33Z</time>
					</trkpt>
					<trkpt lat="37.835220" lon="22.933020">
						<ele>250</ele>
						<time>2026-10-09T15:42:36Z</time>
					</trkpt>
					<trkpt lat="37.835210" lon="22.932860">
						<ele>250</ele>
						<time>2026-10-09T15:42:39Z</time>
					</trkpt>
					<trkpt lat="37.835160" lon="22.932680">
						<ele>252</ele>
						<time>2026-10-09T15:42:41Z</time>
					</trkpt>
					<trkpt lat="37.834860" lon="22.931920">
						<ele>256</ele>
						<time>2026-10-09T15:42:53Z</time>
					</trkpt>
					<trkpt lat="37.834640" lon="22.931180">
						<ele>258</ele>
						<time>2026-10-09T15:43:04Z</time>
					</trkpt>
					<trkpt lat="37.834450" lon="22.930400">
						<ele>257</ele>
						<time>2026-10-09T15:43:16Z</time>
					</trkpt>
					<trkpt lat="37.834340" lon="22.930070">
						<ele>256</ele>
						<time>2026-10-09T15:43:21Z</time>
					</trkpt>
					<trkpt lat="37.833870" lon="22.929110">
						<ele>259</ele>
						<time>2026-10-09T15:43:37Z</time>
					</trkpt>
					<trkpt lat="37.833640" lon="22.928740">
						<ele>260</ele>
						<time>2026-10-09T15:43:43Z</time>
					</trkpt>
					<trkpt lat="37.833460" lon="22.928550">
						<ele>260</ele>
						<time>2026-10-09T15:43:48Z</time>
					</trkpt>
					<trkpt lat="37.833290" lon="22.928400">
						<ele>260</ele>
						<time>2026-10-09T15:43:51Z</time>
					</trkpt>
					<trkpt lat="37.832790" lon="22.928040">
						<ele>260</ele>
						<time>2026-10-09T15:44:01Z</time>
					</trkpt>
					<trkpt lat="37.832630" lon="22.927960">
						<ele>261</ele>
						<time>2026-10-09T15:44:05Z</time>
					</trkpt>
					<trkpt lat="37.832330" lon="22.927900">
						<ele>261</ele>
						<time>2026-10-09T15:44:10Z</time>
					</trkpt>
					<trkpt lat="37.832130" lon="22.927910">
						<ele>262</ele>
						<time>2026-10-09T15:44:13Z</time>
					</trkpt>
					<trkpt lat="37.830950" lon="22.928230">
						<ele>254</ele>
						<time>2026-10-09T15:44:35Z</time>
					</trkpt>
					<trkpt lat="37.830370" lon="22.928400">
						<ele>250</ele>
						<time>2026-10-09T15:44:46Z</time>
					</trkpt>
					<trkpt lat="37.829840" lon="22.928600">
						<ele>247</ele>
						<time>2026-10-09T15:44:55Z</time>
					</trkpt>
					<trkpt lat="37.829660" lon="22.928630">
						<ele>246</ele>
						<time>2026-10-09T15:44:59Z</time>
					</trkpt>
					<trkpt lat="37.828900" lon="22.928680">
						<ele>241</ele>
						<time>2026-10-09T15:45:12Z</time>
					</trkpt>
					<trkpt lat="37.828410" lon="22.928650">
						<ele>237</ele>
						<time>2026-10-09T15:45:21Z</time>
					</trkpt>
					<trkpt lat="37.828080" lon="22.928560">
						<ele>235</ele>
						<time>2026-10-09T15:45:27Z</time>
					</trkpt>
					<trkpt lat="37.827690" lon="22.928350">
						<ele>231</ele>
						<time>2026-10-09T15:45:34Z</time>
					</trkpt>
					<trkpt lat="37.827500" lon="22.928310">
						<ele>230</ele>
						<time>2026-10-09T15:45:38Z</time>
					</trkpt>
					<trkpt lat="37.826690" lon="22.928320">
						<ele>230</ele>
						<time>2026-10-09T15:45:52Z</time>
					</trkpt>
					<trkpt lat="37.826500" lon="22.928290">
						<ele>230</ele>
						<time>2026-10-09T15:45:56Z</time>
					</trkpt>
					<trkpt lat="37.825580" lon="22.927750">
						<ele>230</ele>
						<time>2026-10-09T15:46:14Z</time>
					</trkpt>
					<trkpt lat="37.825100" lon="22.927570">
						<ele>229</ele>
						<time>2026-10-09T15:46:23Z</time>
					</trkpt>
					<trkpt lat="37.824000" lon="22.927250">
						<ele>230</ele>
						<time>2026-10-09T15:46:43Z</time>
					</trkpt>
					<trkpt lat="37.823820" lon="22.927160">
						<ele>230</ele>
						<time>2026-10-09T15:46:46Z</time>
					</trkpt>
					<trkpt lat="37.822940" lon="22.926390">
						<ele>232</ele>
						<time>2026-10-09T15:47:05Z</time>
					</trkpt>
					<trkpt lat="37.821510" lon="22.924730">
						<ele>230</ele>
						<time>2026-10-09T15:47:40Z</time>
					</trkpt>
					<trkpt lat="37.821380" lon="22.924630">
						<ele>231</ele>
						<time>2026-10-09T15:47:42Z</time>
					</trkpt>
					<trkpt lat="37.821200" lon="22.924520">
						<ele>231</ele>
						<time>2026-10-09T15:47:46Z</time>
					</trkpt>
					<trkpt lat="37.821090" lon="22.924490">
						<ele>231</ele>
						<time>2026-10-09T15:47:48Z</time>
					</trkpt>
					<trkpt lat="37.820400" lon="22.924980">
						<ele>233</ele>
						<time>2026-10-09T15:48:02Z</time>
					</trkpt>
					<trkpt lat="37.820330" lon="22.924990">
						<ele>233</ele>
						<time>2026-10-09T15:48:03Z</time>
					</trkpt>
					<trkpt lat="37.820160" lon="22.924820">
						<ele>233</ele>
						<time>2026-10-09T15:48:07Z</time>
					</trkpt>
					<trkpt lat="37.820100" lon="22.924420">
						<ele>233</ele>
						<time>2026-10-09T15:48:13Z</time>
					</trkpt>
					<trkpt lat="37.820030" lon="22.924280">
						<ele>233</ele>
						<time>2026-10-09T15:48:15Z</time>
					</trkpt>
					<trkpt lat="37.819890" lon="22.924480">
						<ele>234</ele>
						<time>2026-10-09T15:48:19Z</time>
					</trkpt>
					<trkpt lat="37.819720" lon="22.924810">
						<ele>234</ele>
						<time>2026-10-09T15:48:25Z</time>
					</trkpt>
					<trkpt lat="37.819660" lon="22.925080">
						<ele>235</ele>
						<time>2026-10-09T15:48:28Z</time>
					</trkpt>
					<trkpt lat="37.819650" lon="22.925500">
						<ele>236</ele>
						<time>2026-10-09T15:48:34Z</time>
					</trkpt>
					<trkpt lat="37.819690" lon="22.925770">
						<ele>236</ele>
						<time>2026-10-09T15:48:38Z</time>
					</trkpt>
					<trkpt lat="37.819890" lon="22.926500">
						<ele>238</ele>
						<time>2026-10-09T15:48:49Z</time>
					</trkpt>
					<trkpt lat="37.820190" lon="22.927980">
						<ele>242</ele>
						<time>2026-10-09T15:49:11Z</time>
					</trkpt>
					<trkpt lat="37.819440" lon="22.928790">
						<ele>246</ele>
						<time>2026-10-09T15:49:28Z</time>
					</trkpt>
					<trkpt lat="37.818860" lon="22.929490">
						<ele>250</ele>
						<time>2026-10-09T15:49:42Z</time>
					</trkpt>
					<trkpt lat="37.818070" lon="22.930370">
						<ele>255</ele>
						<time>2026-10-09T15:50:01Z</time>
					</trkpt>
					<trkpt lat="37.817700" lon="22.930690">
						<ele>258</ele>
						<time>2026-10-09T15:50:09Z</time>
					</trkpt>
					<trkpt lat="37.817390" lon="22.930300">
						<ele>258</ele>
						<time>2026-10-09T15:50:17Z</time>
					</trkpt>
					<trkpt lat="37.817060" lon="22.930140">
						<ele>258</ele>
						<time>2026-10-09T15:50:23Z</time>
					</trkpt>
					<trkpt lat="37.816690" lon="22.929890">
						<ele>258</ele>
						<time>2026-10-09T15:50:31Z</time>
					</trkpt>
					<trkpt lat="37.816630" lon="22.929830">
						<ele>258</ele>
						<time>2026-10-09T15:50:32Z</time>
					</trkpt>
					<trkpt lat="37.816530" lon="22.929640">
						<ele>259</ele>
						<time>2026-10-09T15:50:35Z</time>
					</trkpt>
					<trkpt lat="37.816480" lon="22.929450">
						<ele>260</ele>
						<time>2026-10-09T15:50:38Z</time>
					</trkpt>
					<trkpt lat="37.816500" lon="22.929120">
						<ele>259</ele>
						<time>2026-10-09T15:50:43Z</time>
					</trkpt>
					<trkpt lat="37.816480" lon="22.928930">
						<ele>259</ele>
						<time>2026-10-09T15:50:45Z</time>
					</trkpt>
					<trkpt lat="37.816240" lon="22.928340">
						<ele>259</ele>
						<time>2026-10-09T15:50:55Z</time>
					</trkpt>
					<trkpt lat="37.816080" lon="22.928040">
						<ele>260</ele>
						<time>2026-10-09T15:51:00Z</time>
					</trkpt>
					<trkpt lat="37.815800" lon="22.927180">
						<ele>263</ele>
						<time>2026-10-09T15:51:13Z</time>
					</trkpt>
					<trkpt lat="37.815700" lon="22.926570">
						<ele>265</ele>
						<time>2026-10-09T15:51:22Z</time>
					</trkpt>
					<trkpt lat="37.815620" lon="22.926290">
						<ele>264</ele>
						<time>2026-10-09T15:51:26Z</time>
					</trkpt>
					<trkpt lat="37.815560" lon="22.926140">
						<ele>263</ele>
						<time>2026-10-09T15:51:28Z</time>
					</trkpt>
					<trkpt lat="37.815330" lon="22.925900">
						<ele>263</ele>
						<time>2026-10-09T15:51:33Z</time>
					</trkpt>
					<trkpt lat="37.814970" lon="22.925160">
						<ele>259</ele>
						<time>2026-10-09T15:51:46Z</time>
					</trkpt>
					<trkpt lat="37.814540" lon="22.923880">
						<ele>258</ele>
						<time>2026-10-09T15:52:05Z</time>
					</trkpt>
					<trkpt lat="37.814370" lon="22.923680">
						<ele>259</ele>
						<time>2026-10-09T15:52:09Z</time>
					</trkpt>
					<trkpt lat="37.814040" lon="22.922440">
						<ele>263</ele>
						<time>2026-10-09T15:52:28Z</time>
					</trkpt>
					<trkpt lat="37.813780" lon="22.921730">
						<ele>264</ele>
						<time>2026-10-09T15:52:39Z</time>
					</trkpt>
					<trkpt lat="37.813630" lon="22.921420">
						<ele>265</ele>
						<time>2026-10-09T15:52:44Z</time>
					</trkpt>
					<trkpt lat="37.813380" lon="22.921100">
						<ele>265</ele>
						<time>2026-10-09T15:52:50Z</time>
					</trkpt>
					<trkpt lat="37.812680" lon="22.920620">
						<ele>270</ele>
						<time>2026-10-09T15:53:04Z</time>
					</trkpt>
					<trkpt lat="37.812520" lon="22.920480">
						<ele>271</ele>
						<time>2026-10-09T15:53:08Z</time>
					</trkpt>
					<trkpt lat="37.811910" lon="22.919670">
						<ele>276</ele>
						<time>2026-10-09T15:53:23Z</time>
					</trkpt>
					<trkpt lat="37.811440" lon="22.919100">
						<ele>280</ele>
						<time>2026-10-09T15:53:35Z</time>
					</trkpt>
					<trkpt lat="37.810860" lon="22.918520">
						<ele>284</ele>
						<time>2026-10-09T15:53:48Z</time>
					</trkpt>
					<trkpt lat="37.810770" lon="22.918400">
						<ele>285</ele>
						<time>2026-10-09T15:53:51Z</time>
					</trkpt>
					<trkpt lat="37.810360" lon="22.917640">
						<ele>285</ele>
						<time>2026-10-09T15:54:03Z</time>
					</trkpt>
					<trkpt lat="37.810240" lon="22.917460">
						<ele>285</ele>
						<time>2026-10-09T15:54:07Z</time>
					</trkpt>
					<trkpt lat="37.810080" lon="22.917250">
						<ele>285</ele>
						<time>2026-10-09T15:54:11Z</time>
					</trkpt>
					<trkpt lat="37.808910" lon="22.915920">
						<ele>285</ele>
						<time>2026-10-09T15:54:39Z</time>
					</trkpt>
					<trkpt lat="37.808110" lon="22.915050">
						<ele>288</ele>
						<time>2026-10-09T15:54:58Z</time>
					</trkpt>
					<trkpt lat="37.807730" lon="22.914510">
						<ele>290</ele>
						<time>2026-10-09T15:55:08Z</time>
					</trkpt>
					<trkpt lat="37.807490" lon="22.914020">
						<ele>291</ele>
						<time>2026-10-09T15:55:16Z</time>
					</trkpt>
					<trkpt lat="37.806570" lon="22.910450">
						<ele>307</ele>
						<time>2026-10-09T15:56:09Z</time>
					</trkpt>
					<trkpt lat="37.806370" lon="22.909140">
						<ele>316</ele>
						<time>2026-10-09T15:56:27Z</time>
					</trkpt>
					<trkpt lat="37.806090" lon="22.907930">
						<ele>327</ele>
						<time>2026-10-09T15:56:45Z</time>
					</trkpt>
					<trkpt lat="37.805920" lon="22.907370">
						<ele>333</ele>
						<time>2026-10-09T15:56:54Z</time>
					</trkpt>
					<trkpt lat="37.805910" lon="22.907140">
						<ele>336</ele>
						<time>2026-10-09T15:56:57Z</time>
					</trkpt>
					<trkpt lat="37.805950" lon="22.906770">
						<ele>341</ele>
						<time>2026-10-09T15:57:02Z</time>
					</trkpt>
					<trkpt lat="37.805890" lon="22.906360">
						<ele>346</ele>
						<time>2026-10-09T15:57:08Z</time>
					</trkpt>
					<trkpt lat="37.805450" lon="22.904750">
						<ele>361</ele>
						<time>2026-10-09T15:57:32Z</time>
					</trkpt>
					<trkpt lat="37.805300" lon="22.904450">
						<ele>361</ele>
						<time>2026-10-09T15:57:37Z</time>
					</trkpt>
					<trkpt lat="37.805240" lon="22.904380">
						<ele>361</ele>
						<time>2026-10-09T15:57:38Z</time>
					</trkpt>
					<trkpt lat="37.805150" lon="22.904310">
						<ele>361</ele>
						<time>2026-10-09T15:57:40Z</time>
					</trkpt>
					<trkpt lat="37.804520" lon="22.904010">
						<ele>370</ele>
						<time>2026-10-09T15:57:52Z</time>
					</trkpt>
					<trkpt lat="37.804400" lon="22.903930">
						<ele>371</ele>
						<time>2026-10-09T15:57:55Z</time>
					</trkpt>
					<trkpt lat="37.804260" lon="22.903760">
						<ele>373</ele>
						<time>2026-10-09T15:57:58Z</time>
					</trkpt>
					<trkpt lat="37.803360" lon="22.902400">
						<ele>385</ele>
						<time>2026-10-09T15:58:23Z</time>
					</trkpt>
					<trkpt lat="37.802930" lon="22.901490">
						<ele>396</ele>
						<time>2026-10-09T15:58:38Z</time>
					</trkpt>
					<trkpt lat="37.802700" lon="22.900930">
						<ele>400</ele>
						<time>2026-10-09T15:58:47Z</time>
					</trkpt>
					<trkpt lat="37.802650" lon="22.900350">
						<ele>402</ele>
						<time>2026-10-09T15:58:55Z</time>
					</trkpt>
					<trkpt lat="37.802620" lon="22.900230">
						<ele>403</ele>
						<time>2026-10-09T15:58:57Z</time>
					</trkpt>
					<trkpt lat="37.802270" lon="22.899760">
						<ele>404</ele>
						<time>2026-10-09T15:59:06Z</time>
					</trkpt>
					<trkpt lat="37.802200" lon="22.899540">
						<ele>403</ele>
						<time>2026-10-09T15:59:09Z</time>
					</trkpt>
					<trkpt lat="37.802100" lon="22.899040">
						<ele>401</ele>
						<time>2026-10-09T15:59:16Z</time>
					</trkpt>
					<trkpt lat="37.802060" lon="22.898730">
						<ele>399</ele>
						<time>2026-10-09T15:59:21Z</time>
					</trkpt>
					<trkpt lat="37.802060" lon="22.898520">
						<ele>398</ele>
						<time>2026-10-09T15:59:24Z</time>
					</trkpt>
					<trkpt lat="37.802070" lon="22.898290">
						<ele>397</ele>
						<time>2026-10-09T15:59:27Z</time>
					</trkpt>
					<trkpt lat="37.802230" lon="22.897210">
						<ele>395</ele>
						<time>2026-10-09T15:59:42Z</time>
					</trkpt>
					<trkpt lat="37.802310" lon="22.896300">
						<ele>390</ele>
						<time>2026-10-09T15:59:55Z</time>
					</trkpt>
					<trkpt lat="37.802440" lon="22.895510">
						<ele>385</ele>
						<time>2026-10-09T16:00:07Z</time>
					</trkpt>
					<trkpt lat="37.802540" lon="22.895140">
						<ele>383</ele>
						<time>2026-10-09T16:00:12Z</time>
					</trkpt>
					<trkpt lat="37.802580" lon="22.895030">
						<ele>382</ele>
						<time>2026-10-09T16:00:14Z</time>
					</trkpt>
					<trkpt lat="37.802660" lon="22.894920">
						<ele>381</ele>
						<time>2026-10-09T16:00:16Z</time>
					</trkpt>
					<trkpt lat="37.802920" lon="22.894620">
						<ele>377</ele>
						<time>2026-10-09T16:00:22Z</time>
					</trkpt>
					<trkpt lat="37.802920" lon="22.894490">
						<ele>375</ele>
						<time>2026-10-09T16:00:24Z</time>
					</trkpt>
					<trkpt lat="37.802830" lon="22.894410">
						<ele>373</ele>
						<time>2026-10-09T16:00:26Z</time>
					</trkpt>
					<trkpt lat="37.802570" lon="22.894300">
						<ele>371</ele>
						<time>2026-10-09T16:00:31Z</time>
					</trkpt>
					<trkpt lat="37.802470" lon="22.894290">
						<ele>370</ele>
						<time>2026-10-09T16:00:33Z</time>
					</trkpt>
					<trkpt lat="37.802120" lon="22.894420">
						<ele>367</ele>
						<time>2026-10-09T16:00:39Z</time>
					</trkpt>
					<trkpt lat="37.802000" lon="22.894520">
						<ele>366</ele>
						<time>2026-10-09T16:00:42Z</time>
					</trkpt>
					<trkpt lat="37.801470" lon="22.895100">
						<ele>367</ele>
						<time>2026-10-09T16:00:54Z</time>
					</trkpt>
					<trkpt lat="37.801410" lon="22.895110">
						<ele>367</ele>
						<time>2026-10-09T16:00:55Z</time>
					</trkpt>
					<trkpt lat="37.801380" lon="22.895090">
						<ele>367</ele>
						<time>2026-10-09T16:00:56Z</time>
					</trkpt>
					<trkpt lat="37.801340" lon="22.895000">
						<ele>366</ele>
						<time>2026-10-09T16:00:57Z</time>
					</trkpt>
					<trkpt lat="37.801340" lon="22.894920">
						<ele>365</ele>
						<time>2026-10-09T16:00:58Z</time>
					</trkpt>
					<trkpt lat="37.801400" lon="22.894730">
						<ele>364</ele>
						<time>2026-10-09T16:01:01Z</time>
					</trkpt>
					<trkpt lat="37.801420" lon="22.894430">
						<ele>361</ele>
						<time>2026-10-09T16:01:06Z</time>
					</trkpt>
					<trkpt lat="37.801170" lon="22.893380">
						<ele>355</ele>
						<time>2026-10-09T16:01:21Z</time>
					</trkpt>
					<trkpt lat="37.801080" lon="22.893170">
						<ele>355</ele>
						<time>2026-10-09T16:01:24Z</time>
					</trkpt>
					<trkpt lat="37.800970" lon="22.892990">
						<ele>355</ele>
						<time>2026-10-09T16:01:28Z</time>
					</trkpt>
					<trkpt lat="37.800500" lon="22.892450">
						<ele>355</ele>
						<time>2026-10-09T16:01:39Z</time>
					</trkpt>
					<trkpt lat="37.800470" lon="22.892300">
						<ele>356</ele>
						<time>2026-10-09T16:01:41Z</time>
					</trkpt>
					<trkpt lat="37.800550" lon="22.891840">
						<ele>356</ele>
						<time>2026-10-09T16:01:48Z</time>
					</trkpt>
					<trkpt lat="37.800610" lon="22.891730">
						<ele>356</ele>
						<time>2026-10-09T16:01:50Z</time>
					</trkpt>
					<trkpt lat="37.800710" lon="22.891640">
						<ele>356</ele>
						<time>2026-10-09T16:01:52Z</time>
					</trkpt>
					<trkpt lat="37.800880" lon="22.891540">
						<ele>354</ele>
						<time>2026-10-09T16:01:55Z</time>
					</trkpt>
					<trkpt lat="37.801010" lon="22.891420">
						<ele>354</ele>
						<time>2026-10-09T16:01:58Z</time>
					</trkpt>
					<trkpt lat="37.801100" lon="22.891270">
						<ele>353</ele>
						<time>2026-10-09T16:02:01Z</time>
					</trkpt>
					<trkpt lat="37.801170" lon="22.891100">
						<ele>353</ele>
						<time>2026-10-09T16:02:03Z</time>
					</trkpt>
					<trkpt lat="37.801280" lon="22.890680">
						<ele>354</ele>
						<time>2026-10-09T16:02:09Z</time>
					</trkpt>
					<trkpt lat="37.801400" lon="22.890420">
						<ele>355</ele>
						<time>2026-10-09T16:02:14Z</time>
					</trkpt>
					<trkpt lat="37.802200" lon="22.889490">
						<ele>349</ele>
						<time>2026-10-09T16:02:33Z</time>
					</trkpt>
					<trkpt lat="37.802370" lon="22.889210">
						<ele>348</ele>
						<time>2026-10-09T16:02:38Z</time>
					</trkpt>
					<trkpt lat="37.802540" lon="22.888780">
						<ele>345</ele>
						<time>2026-10-09T16:02:45Z</time>
					</trkpt>
					<trkpt lat="37.802630" lon="22.888440">
						<ele>343</ele>
						<time>2026-10-09T16:02:50Z</time>
					</trkpt>
					<trkpt lat="37.802720" lon="22.887840">
						<ele>341</ele>
						<time>2026-10-09T16:02:58Z</time>
					</trkpt>
					<trkpt lat="37.802750" lon="22.887370">
						<ele>341</ele>
						<time>2026-10-09T16:03:05Z</time>
					</trkpt>
					<trkpt lat="37.802790" lon="22.887200">
						<ele>341</ele>
						<time>2026-10-09T16:03:08Z</time>
					</trkpt>
					<trkpt lat="37.802850" lon="22.887060">
						<ele>341</ele>
						<time>2026-10-09T16:03:10Z</time>
					</trkpt>
					<trkpt lat="37.803300" lon="22.886470">
						<ele>340</ele>
						<time>2026-10-09T16:03:21Z</time>
					</trkpt>
					<trkpt lat="37.803420" lon="22.886280">
						<ele>340</ele>
						<time>2026-10-09T16:03:25Z</time>
					</trkpt>
					<trkpt lat="37.803980" lon="22.885040">
						<ele>337</ele>
						<time>2026-10-09T16:03:45Z</time>
					</trkpt>
					<trkpt lat="37.804030" lon="22.884790">
						<ele>336</ele>
						<time>2026-10-09T16:03:48Z</time>
					</trkpt>
					<trkpt lat="37.803970" lon="22.883490">
						<ele>330</ele>
						<time>2026-10-09T16:04:07Z</time>
					</trkpt>
					<trkpt lat="37.803990" lon="22.882770">
						<ele>327</ele>
						<time>2026-10-09T16:04:17Z</time>
					</trkpt>
					<trkpt lat="37.804200" lon="22.881410">
						<ele>320</ele>
						<time>2026-10-09T16:04:36Z</time>
					</trkpt>
					<trkpt lat="37.804330" lon="22.880910">
						<ele>318</ele>
						<time>2026-10-09T16:04:44Z</time>
					</trkpt>
					<trkpt lat="37.805240" lon="22.878490">
						<ele>308</ele>
						<time>2026-10-09T16:05:21Z</time>
					</trkpt>
					<trkpt lat="37.805360" lon="22.878320">
						<ele>308</ele>
						<time>2026-10-09T16:05:25Z</time>
					</trkpt>
					<trkpt lat="37.805770" lon="22.877930">
						<ele>307</ele>
						<time>2026-10-09T16:05:34Z</time>
					</trkpt>
					<trkpt lat="37.806040" lon="22.877580">
						<ele>305</ele>
						<time>2026-10-09T16:05:41Z</time>
					</trkpt>
					<trkpt lat="37.806120" lon="22.877510">
						<ele>304</ele>
						<time>2026-10-09T16:05:42Z</time>
					</trkpt>
					<trkpt lat="37.806530" lon="22.877360">
						<ele>302</ele>
						<time>2026-10-09T16:05:50Z</time>
					</trkpt>
					<trkpt lat="37.806700" lon="22.877260">
						<ele>301</ele>
						<time>2026-10-09T16:05:53Z</time>
					</trkpt>
					<trkpt lat="37.806930" lon="22.877080">
						<ele>300</ele>
						<time>2026-10-09T16:05:58Z</time>
					</trkpt>
					<trkpt lat="37.806880" lon="22.876970">
						<ele>300</ele>
						<time>2026-10-09T16:06:00Z</time>
					</trkpt>
					<trkpt lat="37.807100" lon="22.876790">
						<ele>300</ele>
						<time>2026-10-09T16:06:05Z</time>
					</trkpt>
					<trkpt lat="37.807200" lon="22.876720">
						<ele>300</ele>
						<time>2026-10-09T16:06:07Z</time>
					</trkpt>
					<trkpt lat="37.807430" lon="22.876640">
						<ele>299</ele>
						<time>2026-10-09T16:06:11Z</time>
					</trkpt>
					<trkpt lat="37.807790" lon="22.876600">
						<ele>297</ele>
						<time>2026-10-09T16:06:17Z</time>
					</trkpt>
					<trkpt lat="37.807920" lon="22.876550">
						<ele>296</ele>
						<time>2026-10-09T16:06:20Z</time>
					</trkpt>
					<trkpt lat="37.808010" lon="22.876510">
						<ele>295</ele>
						<time>2026-10-09T16:06:21Z</time>
					</trkpt>
					<trkpt lat="37.808260" lon="22.876280">
						<ele>294</ele>
						<time>2026-10-09T16:06:27Z</time>
					</trkpt>
					<trkpt lat="37.808520" lon="22.875970">
						<ele>292</ele>
						<time>2026-10-09T16:06:33Z</time>
					</trkpt>
					<trkpt lat="37.808860" lon="22.875430">
						<ele>290</ele>
						<time>2026-10-09T16:06:43Z</time>
					</trkpt>
					<trkpt lat="37.809120" lon="22.874700">
						<ele>289</ele>
						<time>2026-10-09T16:06:54Z</time>
					</trkpt>
					<trkpt lat="37.809210" lon="22.874520">
						<ele>289</ele>
						<time>2026-10-09T16:06:57Z</time>
					</trkpt>
					<trkpt lat="37.809270" lon="22.874430">
						<ele>289</ele>
						<time>2026-10-09T16:06:59Z</time>
					</trkpt>
					<trkpt lat="37.809400" lon="22.874310">
						<ele>289</ele>
						<time>2026-10-09T16:07:02Z</time>
					</trkpt>
					<trkpt lat="37.809580" lon="22.874210">
						<ele>288</ele>
						<time>2026-10-09T16:07:05Z</time>
					</trkpt>
					<trkpt lat="37.809690" lon="22.874110">
						<ele>289</ele>
						<time>2026-10-09T16:07:08Z</time>
					</trkpt>
					<trkpt lat="37.809790" lon="22.873810">
						<ele>290</ele>
						<time>2026-10-09T16:07:12Z</time>
					</trkpt>
					<trkpt lat="37.809770" lon="22.873710">
						<ele>291</ele>
						<time>2026-10-09T16:07:14Z</time>
					</trkpt>
					<trkpt lat="37.809190" lon="22.873240">
						<ele>294</ele>
						<time>2026-10-09T16:07:26Z</time>
					</trkpt>
					<trkpt lat="37.808990" lon="22.873040">
						<ele>296</ele>
						<time>2026-10-09T16:07:30Z</time>
					</trkpt>
					<trkpt lat="37.808570" lon="22.872520">
						<ele>300</ele>
						<time>2026-10-09T16:07:41Z</time>
					</trkpt>
					<trkpt lat="37.808390" lon="22.872130">
						<ele>303</ele>
						<time>2026-10-09T16:07:47Z</time>
					</trkpt>
					<trkpt lat="37.808220" lon="22.871540">
						<ele>306</ele>
						<time>2026-10-09T16:07:56Z</time>
					</trkpt>
					<trkpt lat="37.808170" lon="22.871300">
						<ele>307</ele>
						<time>2026-10-09T16:08:00Z</time>
					</trkpt>
					<trkpt lat="37.808130" lon="22.870920">
						<ele>308</ele>
						<time>2026-10-09T16:08:05Z</time>
					</trkpt>
					<trkpt lat="37.808110" lon="22.870310">
						<ele>309</ele>
						<time>2026-10-09T16:08:14Z</time>
					</trkpt>
					<trkpt lat="37.808120" lon="22.869690">
						<ele>309</ele>
						<time>2026-10-09T16:08:22Z</time>
					</trkpt>
					<trkpt lat="37.807960" lon="22.868490">
						<ele>308</ele>
						<time>2026-10-09T16:08:39Z</time>
					</trkpt>
					<trkpt lat="37.807910" lon="22.867430">
						<ele>308</ele>
						<time>2026-10-09T16:08:54Z</time>
					</trkpt>
					<trkpt lat="37.807910" lon="22.866750">
						<ele>307</ele>
						<time>2026-10-09T16:09:04Z</time>
					</trkpt>
					<trkpt lat="37.807920" lon="22.866610">
						<ele>307</ele>
						<time>2026-10-09T16:09:06Z</time>
					</trkpt>
					<trkpt lat="37.807950" lon="22.866530">
						<ele>307</ele>
						<time>2026-10-09T16:09:07Z</time>
					</trkpt>
					<trkpt lat="37.808240" lon="22.865950">
						<ele>305</ele>
						<time>2026-10-09T16:09:17Z</time>
					</trkpt>
					<trkpt lat="37.808120" lon="22.865830">
						<ele>304</ele>
						<time>2026-10-09T16:09:19Z</time>
					</trkpt>
					<trkpt lat="37.808040" lon="22.865710">
						<ele>304</ele>
						<time>2026-10-09T16:09:22Z</time>
					</trkpt>
					<trkpt lat="37.807990" lon="22.865600">
						<ele>304</ele>
						<time>2026-10-09T16:09:23Z</time>
					</trkpt>
					<trkpt lat="37.807990" lon="22.865430">
						<ele>303</ele>
						<time>2026-10-09T16:09:26Z</time>
					</trkpt>
					<trkpt lat="37.808530" lon="22.863760">
						<ele>293</ele>
						<time>2026-10-09T16:09:51Z</time>
					</trkpt>
					<trkpt lat="37.808670" lon="22.863490">
						<ele>292</ele>
						<time>2026-10-09T16:09:56Z</time>
					</trkpt>
					<trkpt lat="37.808780" lon="22.863210">
						<ele>291</ele>
						<time>2026-10-09T16:10:00Z</time>
					</trkpt>
					<trkpt lat="37.809210" lon="22.861650">
						<ele>285</ele>
						<time>2026-10-09T16:10:23Z</time>
					</trkpt>
					<trkpt lat="37.809400" lon="22.861060">
						<ele>284</ele>
						<time>2026-10-09T16:10:32Z</time>
					</trkpt>
					<trkpt lat="37.809590" lon="22.860720">
						<ele>283</ele>
						<time>2026-10-09T16:10:38Z</time>
					</trkpt>
					<trkpt lat="37.810120" lon="22.860240">
						<ele>282</ele>
						<time>2026-10-09T16:10:50Z</time>
					</trkpt>
					<trkpt lat="37.810260" lon="22.860020">
						<ele>281</ele>
						<time>2026-10-09T16:10:54Z</time>
					</trkpt>
					<trkpt lat="37.810370" lon="22.859730">
						<ele>280</ele>
						<time>2026-10-09T16:10:58Z</time>
					</trkpt>
					<trkpt lat="37.810510" lon="22.858960">
						<ele>275</ele>
						<time>2026-10-09T16:11:09Z</time>
					</trkpt>
					<trkpt lat="37.810590" lon="22.858760">
						<ele>275</ele>
						<time>2026-10-09T16:11:12Z</time>
					</trkpt>
					<trkpt lat="37.810740" lon="22.858510">
						<ele>273</ele>
						<time>2026-10-09T16:11:17Z</time>
					</trkpt>
					<trkpt lat="37.811970" lon="22.856970">
						<ele>267</ele>
						<time>2026-10-09T16:11:48Z</time>
					</trkpt>
					<trkpt lat="37.812100" lon="22.856800">
						<ele>266</ele>
						<time>2026-10-09T16:11:51Z</time>
					</trkpt>
					<trkpt lat="37.812200" lon="22.856610">
						<ele>265</ele>
						<time>2026-10-09T16:11:54Z</time>
					</trkpt>
					<trkpt lat="37.812240" lon="22.856400">
						<ele>264</ele>
						<time>2026-10-09T16:11:57Z</time>
					</trkpt>
					<trkpt lat="37.812230" lon="22.856230">
						<ele>264</ele>
						<time>2026-10-09T16:12:00Z</time>
					</trkpt>
					<trkpt lat="37.811880" lon="22.855190">
						<ele>262</ele>
						<time>2026-10-09T16:12:16Z</time>
					</trkpt>
					<trkpt lat="37.811860" lon="22.855030">
						<ele>263</ele>
						<time>2026-10-09T16:12:18Z</time>
					</trkpt>
					<trkpt lat="37.811890" lon="22.854780">
						<ele>263</ele>
						<time>2026-10-09T16:12:21Z</time>
					</trkpt>
					<trkpt lat="37.813150" lon="22.850370">
						<ele>252</ele>
						<time>2026-10-09T16:13:27Z</time>
					</trkpt>
					<trkpt lat="37.813280" lon="22.849250">
						<ele>245</ele>
						<time>2026-10-09T16:13:43Z</time>
					</trkpt>
					<trkpt lat="37.813330" lon="22.849030">
						<ele>244</ele>
						<time>2026-10-09T16:13:46Z</time>
					</trkpt>
					<trkpt lat="37.813570" lon="22.848450">
						<ele>243</ele>
						<time>2026-10-09T16:13:56Z</time>
					</trkpt>
					<trkpt lat="37.813640" lon="22.848030">
						<ele>243</ele>
						<time>2026-10-09T16:14:02Z</time>
					</trkpt>
					<trkpt lat="37.813570" lon="22.847510">
						<ele>242</ele>
						<time>2026-10-09T16:14:09Z</time>
					</trkpt>
					<trkpt lat="37.812980" lon="22.844880">
						<ele>241</ele>
						<time>2026-10-09T16:14:47Z</time>
					</trkpt>
					<trkpt lat="37.812840" lon="22.844390">
						<ele>241</ele>
						<time>2026-10-09T16:14:55Z</time>
					</trkpt>
					<trkpt lat="37.812440" lon="22.843460">
						<ele>238</ele>
						<time>2026-10-09T16:15:10Z</time>
					</trkpt>
					<trkpt lat="37.812400" lon="22.842890">
						<ele>238</ele>
						<time>2026-10-09T16:15:18Z</time>
					</trkpt>
					<trkpt lat="37.811780" lon="22.839720">
						<ele>233</ele>
						<time>2026-10-09T16:16:04Z</time>
					</trkpt>
					<trkpt lat="37.811610" lon="22.838950">
						<ele>232</ele>
						<time>2026-10-09T16:16:15Z</time>
					</trkpt>
					<trkpt lat="37.811570" lon="22.838330">
						<ele>231</ele>
						<time>2026-10-09T16:16:24Z</time>
					</trkpt>
					<trkpt lat="37.811530" lon="22.834740">
						<ele>221</ele>
						<time>2026-10-09T16:17:14Z</time>
					</trkpt>
					<trkpt lat="37.812060" lon="22.831170">
						<ele>215</ele>
						<time>2026-10-09T16:18:05Z</time>
					</trkpt>
					<trkpt lat="37.812070" lon="22.830810">
						<ele>214</ele>
						<time>2026-10-09T16:18:10Z</time>
					</trkpt>
					<trkpt lat="37.811960" lon="22.830510">
						<ele>213</ele>
						<time>2026-10-09T16:18:15Z</time>
					</trkpt>
					<trkpt lat="37.811480" lon="22.829860">
						<ele>211</ele>
						<time>2026-10-09T16:18:27Z</time>
					</trkpt>
					<trkpt lat="37.811410" lon="22.829710">
						<ele>211</ele>
						<time>2026-10-09T16:18:30Z</time>
					</trkpt>
					<trkpt lat="37.811340" lon="22.829440">
						<ele>211</ele>
						<time>2026-10-09T16:18:34Z</time>
					</trkpt>
					<trkpt lat="37.810040" lon="22.822310">
						<ele>206</ele>
						<time>2026-10-09T16:20:17Z</time>
					</trkpt>
					<trkpt lat="37.808810" lon="22.815140">
						<ele>218</ele>
						<time>2026-10-09T16:22:00Z</time>
					</trkpt>
					<trkpt lat="37.808690" lon="22.814570">
						<ele>219</ele>
						<time>2026-10-09T16:22:08Z</time>
					</trkpt>
					<trkpt lat="37.808500" lon="22.814110">
						<ele>220</ele>
						<time>2026-10-09T16:22:15Z</time>
					</trkpt>
					<trkpt lat="37.806300" lon="22.810610">
						<ele>228</ele>
						<time>2026-10-09T16:23:18Z</time>
					</trkpt>
					<trkpt lat="37.806220" lon="22.810370">
						<ele>228</ele>
						<time>2026-10-09T16:23:22Z</time>
					</trkpt>
					<trkpt lat="37.806210" lon="22.810250">
						<ele>229</ele>
						<time>2026-10-09T16:23:24Z</time>
					</trkpt>
					<trkpt lat="37.806210" lon="22.809430">
						<ele>229</ele>
						<time>2026-10-09T16:23:35Z</time>
					</trkpt>
					<trkpt lat="37.806180" lon="22.808890">
						<ele>228</ele>
						<time>2026-10-09T16:23:43Z</time>
					</trkpt>
					<trkpt lat="37.806090" lon="22.808440">
						<ele>228</ele>
						<time>2026-10-09T16:23:49Z</time>
					</trkpt>
					<trkpt lat="37.805700" lon="22.807070">
						<ele>228</ele>
						<time>2026-10-09T16:24:10Z</time>
					</trkpt>
					<trkpt lat="37.805560" lon="22.806730">
						<ele>229</ele>
						<time>2026-10-09T16:24:15Z</time>
					</trkpt>
					<trkpt lat="37.805430" lon="22.806520">
						<ele>229</ele>
						<time>2026-10-09T16:24:19Z</time>
					</trkpt>
					<trkpt lat="37.805260" lon="22.806340">
						<ele>230</ele>
						<time>2026-10-09T16:24:23Z</time>
					</trkpt>
					<trkpt lat="37.804990" lon="22.806110">
						<ele>231</ele>
						<time>2026-10-09T16:24:29Z</time>
					</trkpt>
					<trkpt lat="37.804900" lon="22.806010">
						<ele>232</ele>
						<time>2026-10-09T16:24:31Z</time>
					</trkpt>
					<trkpt lat="37.804850" lon="22.805890">
						<ele>232</ele>
						<time>2026-10-09T16:24:33Z</time>
					</trkpt>
					<trkpt lat="37.804840" lon="22.805750">
						<ele>232</ele>
						<time>2026-10-09T16:24:35Z</time>
					</trkpt>
					<trkpt lat="37.804910" lon="22.804960">
						<ele>230</ele>
						<time>2026-10-09T16:24:46Z</time>
					</trkpt>
					<trkpt lat="37.804710" lon="22.802760">
						<ele>225</ele>
						<time>2026-10-09T16:25:17Z</time>
					</trkpt>
					<trkpt lat="37.804360" lon="22.800040">
						<ele>219</ele>
						<time>2026-10-09T16:25:56Z</time>
					</trkpt>
					<trkpt lat="37.804370" lon="22.799490">
						<ele>217</ele>
						<time>2026-10-09T16:26:03Z</time>
					</trkpt>
					<trkpt lat="37.804490" lon="22.798180">
						<ele>215</ele>
						<time>2026-10-09T16:26:22Z</time>
					</trkpt>
					<trkpt lat="37.804480" lon="22.797730">
						<ele>212</ele>
						<time>2026-10-09T16:26:28Z</time>
					</trkpt>
					<trkpt lat="37.803630" lon="22.793710">
						<ele>205</ele>
						<time>2026-10-09T16:27:27Z</time>
					</trkpt>
					<trkpt lat="37.802400" lon="22.788230">
						<ele>205</ele>
						<time>2026-10-09T16:28:47Z</time>
					</trkpt>
					<trkpt lat="37.802230" lon="22.786410">
						<ele>210</ele>
						<time>2026-10-09T16:29:13Z</time>
					</trkpt>
					<trkpt lat="37.802170" lon="22.786100">
						<ele>211</ele>
						<time>2026-10-09T16:29:17Z</time>
					</trkpt>
					<trkpt lat="37.802020" lon="22.785570">
						<ele>214</ele>
						<time>2026-10-09T16:29:25Z</time>
					</trkpt>
					<trkpt lat="37.801330" lon="22.782110">
						<ele>228</ele>
						<time>2026-10-09T16:30:15Z</time>
					</trkpt>
					<trkpt lat="37.801310" lon="22.781880">
						<ele>229</ele>
						<time>2026-10-09T16:30:19Z</time>
					</trkpt>
					<trkpt lat="37.801340" lon="22.781630">
						<ele>229</ele>
						<time>2026-10-09T16:30:22Z</time>
					</trkpt>
					<trkpt lat="37.801430" lon="22.781400">
						<ele>228</ele>
						<time>2026-10-09T16:30:26Z</time>
					</trkpt>
					<trkpt lat="37.801640" lon="22.781070">
						<ele>224</ele>
						<time>2026-10-09T16:30:32Z</time>
					</trkpt>
					<trkpt lat="37.801670" lon="22.780920">
						<ele>223</ele>
						<time>2026-10-09T16:30:34Z</time>
					</trkpt>
					<trkpt lat="37.801660" lon="22.780860">
						<ele>222</ele>
						<time>2026-10-09T16:30:35Z</time>
					</trkpt>
					<trkpt lat="37.801580" lon="22.780750">
						<ele>222</ele>
						<time>2026-10-09T16:30:37Z</time>
					</trkpt>
					<trkpt lat="37.801250" lon="22.780570">
						<ele>224</ele>
						<time>2026-10-09T16:30:43Z</time>
					</trkpt>
					<trkpt lat="37.801130" lon="22.780480">
						<ele>225</ele>
						<time>2026-10-09T16:30:46Z</time>
					</trkpt>
					<trkpt lat="37.800970" lon="22.780230">
						<ele>224</ele>
						<time>2026-10-09T16:30:50Z</time>
					</trkpt>
					<trkpt lat="37.800930" lon="22.780080">
						<ele>224</ele>
						<time>2026-10-09T16:30:52Z</time>
					</trkpt>
					<trkpt lat="37.800830" lon="22.779290">
						<ele>221</ele>
						<time>2026-10-09T16:31:04Z</time>
					</trkpt>
					<trkpt lat="37.800780" lon="22.779130">
						<ele>221</ele>
						<time>2026-10-09T16:31:06Z</time>
					</trkpt>
					<trkpt lat="37.799790" lon="22.776940">
						<ele>224</ele>
						<time>2026-10-09T16:31:42Z</time>
					</trkpt>
					<trkpt lat="37.798950" lon="22.774230">
						<ele>230</ele>
						<time>2026-10-09T16:32:22Z</time>
					</trkpt>
					<trkpt lat="37.797710" lon="22.771250">
						<ele>235</ele>
						<time>2026-10-09T16:33:10Z</time>
					</trkpt>
					<trkpt lat="37.796110" lon="22.767220">
						<ele>240</ele>
						<time>2026-10-09T16:34:13Z</time>
					</trkpt>
					<trkpt lat="37.794440" lon="22.762650">
						<ele>242</ele>
						<time>2026-10-09T16:35:24Z</time>
					</trkpt>
					<trkpt lat="37.794140" lon="22.761720">
						<ele>243</ele>
						<time>2026-10-09T16:35:38Z</time>
					</trkpt>
					<trkpt lat="37.793140" lon="22.757200">
						<ele>257</ele>
						<time>2026-10-09T16:36:44Z</time>
					</trkpt>
					<trkpt lat="37.793130" lon="22.756920">
						<ele>257</ele>
						<time>2026-10-09T16:36:48Z</time>
					</trkpt>
					<trkpt lat="37.793150" lon="22.756780">
						<ele>257</ele>
						<time>2026-10-09T16:36:50Z</time>
					</trkpt>
					<trkpt lat="37.793250" lon="22.756500">
						<ele>256</ele>
						<time>2026-10-09T16:36:54Z</time>
					</trkpt>
					<trkpt lat="37.793700" lon="22.755820">
						<ele>259</ele>
						<time>2026-10-09T16:37:07Z</time>
					</trkpt>
					<trkpt lat="37.793830" lon="22.755590">
						<ele>260</ele>
						<time>2026-10-09T16:37:11Z</time>
					</trkpt>
					<trkpt lat="37.794050" lon="22.755100">
						<ele>262</ele>
						<time>2026-10-09T16:37:19Z</time>
					</trkpt>
					<trkpt lat="37.794290" lon="22.754370">
						<ele>268</ele>
						<time>2026-10-09T16:37:30Z</time>
					</trkpt>
					<trkpt lat="37.794280" lon="22.754180">
						<ele>269</ele>
						<time>2026-10-09T16:37:33Z</time>
					</trkpt>
					<trkpt lat="37.794250" lon="22.754090">
						<ele>269</ele>
						<time>2026-10-09T16:37:34Z</time>
					</trkpt>
					<trkpt lat="37.794180" lon="22.754000">
						<ele>269</ele>
						<time>2026-10-09T16:37:36Z</time>
					</trkpt>
					<trkpt lat="37.793920" lon="22.753760">
						<ele>270</ele>
						<time>2026-10-09T16:37:41Z</time>
					</trkpt>
					<trkpt lat="37.793630" lon="22.753410">
						<ele>271</ele>
						<time>2026-10-09T16:37:49Z</time>
					</trkpt>
					<trkpt lat="37.792910" lon="22.752280">
						<ele>276</ele>
						<time>2026-10-09T16:38:09Z</time>
					</trkpt>
					<trkpt lat="37.792460" lon="22.751760">
						<ele>279</ele>
						<time>2026-10-09T16:38:20Z</time>
					</trkpt>
					<trkpt lat="37.791860" lon="22.750910">
						<ele>283</ele>
						<time>2026-10-09T16:38:36Z</time>
					</trkpt>
					<trkpt lat="37.790280" lon="22.748290">
						<ele>304</ele>
						<time>2026-10-09T16:39:22Z</time>
					</trkpt>
					<trkpt lat="37.790220" lon="22.748150">
						<ele>305</ele>
						<time>2026-10-09T16:39:24Z</time>
					</trkpt>
					<trkpt lat="37.790150" lon="22.747820">
						<ele>309</ele>
						<time>2026-10-09T16:39:29Z</time>
					</trkpt>
					<trkpt lat="37.790100" lon="22.746370">
						<ele>323</ele>
						<time>2026-10-09T16:39:50Z</time>
					</trkpt>
					<trkpt lat="37.790110" lon="22.746050">
						<ele>324</ele>
						<time>2026-10-09T16:39:54Z</time>
					</trkpt>
					<trkpt lat="37.790230" lon="22.745690">
						<ele>326</ele>
						<time>2026-10-09T16:40:00Z</time>
					</trkpt>
					<trkpt lat="37.791680" lon="22.742770">
						<ele>321</ele>
						<time>2026-10-09T16:40:48Z</time>
					</trkpt>
					<trkpt lat="37.791980" lon="22.742210">
						<ele>323</ele>
						<time>2026-10-09T16:40:58Z</time>
					</trkpt>
					<trkpt lat="37.792330" lon="22.741730">
						<ele>326</ele>
						<time>2026-10-09T16:41:07Z</time>
					</trkpt>
					<trkpt lat="37.792760" lon="22.741230">
						<ele>329</ele>
						<time>2026-10-09T16:41:17Z</time>
					</trkpt>
					<trkpt lat="37.795790" lon="22.738010">
						<ele>342</ele>
						<time>2026-10-09T16:42:28Z</time>
					</trkpt>
					<trkpt lat="37.797980" lon="22.735630">
						<ele>366</ele>
						<time>2026-10-09T16:43:19Z</time>
					</trkpt>
					<trkpt lat="37.803770" lon="22.729470">
						<ele>368</ele>
						<time>2026-10-09T16:45:34Z</time>
					</trkpt>
					<trkpt lat="37.803950" lon="22.729210">
						<ele>369</ele>
						<time>2026-10-09T16:45:38Z</time>
					</trkpt>
					<trkpt lat="37.804100" lon="22.728900">
						<ele>370</ele>
						<time>2026-10-09T16:45:44Z</time>
					</trkpt>
					<trkpt lat="37.804240" lon="22.728400">
						<ele>370</ele>
						<time>2026-10-09T16:45:51Z</time>
					</trkpt>
					<trkpt lat="37.804270" lon="22.728090">
						<ele>370</ele>
						<time>2026-10-09T16:45:55Z</time>
					</trkpt>
					<trkpt lat="37.804290" lon="22.727260">
						<ele>368</ele>
						<time>2026-10-09T16:46:07Z</time>
					</trkpt>
					<trkpt lat="37.807480" lon="22.726460">
						<ele>379</ele>
						<time>2026-10-09T16:47:05Z</time>
					</trkpt>
					<trkpt lat="37.807880" lon="22.726460">
						<ele>380</ele>
						<time>2026-10-09T16:47:12Z</time>
					</trkpt>
					<trkpt lat="37.808680" lon="22.726650">
						<ele>383</ele>
						<time>2026-10-09T16:47:27Z</time>
					</trkpt>
					<trkpt lat="37.808730" lon="22.726640">
						<ele>384</ele>
						<time>2026-10-09T16:47:27Z</time>
					</trkpt>
					<trkpt lat="37.808790" lon="22.726560">
						<ele>384</ele>
						<time>2026-10-09T16:47:29Z</time>
					</trkpt>
					<trkpt lat="37.808830" lon="22.726320">
						<ele>384</ele>
						<time>2026-10-09T16:47:32Z</time>
					</trkpt>
					<trkpt lat="37.808790" lon="22.725510">
						<ele>385</ele>
						<time>2026-10-09T16:47:44Z</time>
					</trkpt>
					<trkpt lat="37.808750" lon="22.725380">
						<ele>385</ele>
						<time>2026-10-09T16:47:46Z</time>
					</trkpt>
					<trkpt lat="37.808680" lon="22.725270">
						<ele>386</ele>
						<time>2026-10-09T16:47:48Z</time>
					</trkpt>
					<trkpt lat="37.808570" lon="22.725170">
						<ele>385</ele>
						<time>2026-10-09T16:47:50Z</time>
					</trkpt>
					<trkpt lat="37.808240" lon="22.724970">
						<ele>384</ele>
						<time>2026-10-09T16:47:57Z</time>
					</trkpt>
					<trkpt lat="37.808150" lon="22.724890">
						<ele>383</ele>
						<time>2026-10-09T16:47:59Z</time>
					</trkpt>
					<trkpt lat="37.808090" lon="22.724690">
						<ele>383</ele>
						<time>2026-10-09T16:48:02Z</time>
					</trkpt>
					<trkpt lat="37.808110" lon="22.724460">
						<ele>384</ele>
						<time>2026-10-09T16:48:05Z</time>
					</trkpt>
					<trkpt lat="37.808330" lon="22.723900">
						<ele>387</ele>
						<time>2026-10-09T16:48:14Z</time>
					</trkpt>
					<trkpt lat="37.808330" lon="22.723730">
						<ele>388</ele>
						<time>2026-10-09T16:48:16Z</time>
					</trkpt>
					<trkpt lat="37.808180" lon="22.723440">
						<ele>388</ele>
						<time>2026-10-09T16:48:21Z</time>
					</trkpt>
					<trkpt lat="37.808160" lon="22.723350">
						<ele>388</ele>
						<time>2026-10-09T16:48:22Z</time>
					</trkpt>
					<trkpt lat="37.808170" lon="22.723050">
						<ele>390</ele>
						<time>2026-10-09T16:48:26Z</time>
					</trkpt>
					<trkpt lat="37.808540" lon="22.721230">
						<ele>400</ele>
						<time>2026-10-09T16:48:53Z</time>
					</trkpt>
					<trkpt lat="37.808550" lon="22.720720">
						<ele>398</ele>
						<time>2026-10-09T16:49:00Z</time>
					</trkpt>
					<trkpt lat="37.808510" lon="22.720510">
						<ele>395</ele>
						<time>2026-10-09T16:49:03Z</time>
					</trkpt>
					<trkpt lat="37.808360" lon="22.720030">
						<ele>388</ele>
						<time>2026-10-09T16:49:10Z</time>
					</trkpt>
					<trkpt lat="37.808340" lon="22.719170">
						<ele>380</ele>
						<time>2026-10-09T16:49:22Z</time>
					</trkpt>
					<trkpt lat="37.808280" lon="22.718820">
						<ele>377</ele>
						<time>2026-10-09T16:49:28Z</time>
					</trkpt>
					<trkpt lat="37.808250" lon="22.718410">
						<ele>374</ele>
						<time>2026-10-09T16:49:33Z</time>
					</trkpt>
					<trkpt lat="37.808340" lon="22.717930">
						<ele>368</ele>
						<time>2026-10-09T16:49:40Z</time>
					</trkpt>
					<trkpt lat="37.808570" lon="22.717380">
						<ele>362</ele>
						<time>2026-10-09T16:49:49Z</time>
					</trkpt>
					<trkpt lat="37.808620" lon="22.715960">
						<ele>350</ele>
						<time>2026-10-09T16:50:09Z</time>
					</trkpt>
					<trkpt lat="37.808710" lon="22.714800">
						<ele>343</ele>
						<time>2026-10-09T16:50:25Z</time>
					</trkpt>
					<trkpt lat="37.808710" lon="22.713990">
						<ele>340</ele>
						<time>2026-10-09T16:50:37Z</time>
					</trkpt>
					<trkpt lat="37.808690" lon="22.713820">
						<ele>340</ele>
						<time>2026-10-09T16:50:39Z</time>
					</trkpt>
					<trkpt lat="37.808600" lon="22.713530">
						<ele>340</ele>
						<time>2026-10-09T16:50:44Z</time>
					</trkpt>
					<trkpt lat="37.808520" lon="22.713410">
						<ele>340</ele>
						<time>2026-10-09T16:50:46Z</time>
					</trkpt>
					<trkpt lat="37.808300" lon="22.713190">
						<ele>341</ele>
						<time>2026-10-09T16:50:51Z</time>
					</trkpt>
					<trkpt lat="37.808080" lon="22.713100">
						<ele>343</ele>
						<time>2026-10-09T16:50:55Z</time>
					</trkpt>
					<trkpt lat="37.807610" lon="22.713070">
						<ele>346</ele>
						<time>2026-10-09T16:51:03Z</time>
					</trkpt>
					<trkpt lat="37.807220" lon="22.713020">
						<ele>349</ele>
						<time>2026-10-09T16:51:10Z</time>
					</trkpt>
					<trkpt lat="37.807160" lon="22.712990">
						<ele>350</ele>
						<time>2026-10-09T16:51:11Z</time>
					</trkpt>
					<trkpt lat="37.806960" lon="22.712860">
						<ele>350</ele>
						<time>2026-10-09T16:51:15Z</time>
					</trkpt>
					<trkpt lat="37.806470" lon="22.712390">
						<ele>347</ele>
						<time>2026-10-09T16:51:26Z</time>
					</trkpt>
					<trkpt lat="37.806210" lon="22.712050">
						<ele>346</ele>
						<time>2026-10-09T16:51:33Z</time>
					</trkpt>
					<trkpt lat="37.806150" lon="22.711930">
						<ele>345</ele>
						<time>2026-10-09T16:51:35Z</time>
					</trkpt>
					<trkpt lat="37.806090" lon="22.711610">
						<ele>343</ele>
						<time>2026-10-09T16:51:40Z</time>
					</trkpt>
					<trkpt lat="37.806090" lon="22.711330">
						<ele>342</ele>
						<time>2026-10-09T16:51:43Z</time>
					</trkpt>
					<trkpt lat="37.806110" lon="22.711330">
						<ele>342</ele>
						<time>2026-10-09T16:51:44Z</time>
					</trkpt>
					<trkpt lat="37.806340" lon="22.708520">
						<ele>340</ele>
						<time>2026-10-09T16:52:24Z</time>
					</trkpt>
					<trkpt lat="37.806520" lon="22.707850">
						<ele>340</ele>
						<time>2026-10-09T16:52:33Z</time>
					</trkpt>
					<trkpt lat="37.807350" lon="22.705750">
						<ele>343</ele>
						<time>2026-10-09T16:53:07Z</time>
					</trkpt>
					<trkpt lat="37.807410" lon="22.705500">
						<ele>344</ele>
						<time>2026-10-09T16:53:10Z</time>
					</trkpt>
					<trkpt lat="37.807400" lon="22.705310">
						<ele>345</ele>
						<time>2026-10-09T16:53:13Z</time>
					</trkpt>
					<trkpt lat="37.807360" lon="22.705170">
						<ele>345</ele>
						<time>2026-10-09T16:53:15Z</time>
					</trkpt>
					<trkpt lat="37.806940" lon="22.704160">
						<ele>350</ele>
						<time>2026-10-09T16:53:31Z</time>
					</trkpt>
					<trkpt lat="37.806660" lon="22.703890">
						<ele>350</ele>
						<time>2026-10-09T16:53:37Z</time>
					</trkpt>
					<trkpt lat="37.806050" lon="22.703460">
						<ele>353</ele>
						<time>2026-10-09T16:53:50Z</time>
					</trkpt>
					<trkpt lat="37.805860" lon="22.703240">
						<ele>354</ele>
						<time>2026-10-09T16:53:54Z</time>
					</trkpt>
					<trkpt lat="37.805800" lon="22.703000">
						<ele>355</ele>
						<time>2026-10-09T16:53:58Z</time>
					</trkpt>
					<trkpt lat="37.805770" lon="22.702440">
						<ele>357</ele>
						<time>2026-10-09T16:54:06Z</time>
					</trkpt>
					<trkpt lat="37.805800" lon="22.702070">
						<ele>357</ele>
						<time>2026-10-09T16:54:11Z</time>
					</trkpt>
					<trkpt lat="37.806000" lon="22.701190">
						<ele>357</ele>
						<time>2026-10-09T16:54:24Z</time>
					</trkpt>
					<trkpt lat="37.806280" lon="22.699780">
						<ele>355</ele>
						<time>2026-10-09T16:54:44Z</time>
					</trkpt>
					<trkpt lat="37.806700" lon="22.697940">
						<ele>357</ele>
						<time>2026-10-09T16:55:11Z</time>
					</trkpt>
					<trkpt lat="37.807310" lon="22.694800">
						<ele>364</ele>
						<time>2026-10-09T16:55:57Z</time>
					</trkpt>
					<trkpt lat="37.807410" lon="22.694480">
						<ele>364</ele>
						<time>2026-10-09T16:56:01Z</time>
					</trkpt>
					<trkpt lat="37.807660" lon="22.693950">
						<ele>365</ele>
						<time>2026-10-09T16:56:10Z</time>
					</trkpt>
					<trkpt lat="37.808510" lon="22.692370">
						<ele>367</ele>
						<time>2026-10-09T16:56:37Z</time>
					</trkpt>
					<trkpt lat="37.808690" lon="22.692080">
						<ele>369</ele>
						<time>2026-10-09T16:56:42Z</time>
					</trkpt>
					<trkpt lat="37.809020" lon="22.691710">
						<ele>368</ele>
						<time>2026-10-09T16:56:50Z</time>
					</trkpt>
					<trkpt lat="37.809240" lon="22.691410">
						<ele>369</ele>
						<time>2026-10-09T16:56:56Z</time>
					</trkpt>
					<trkpt lat="37.809420" lon="22.691020">
						<ele>373</ele>
						<time>2026-10-09T16:57:02Z</time>
					</trkpt>
					<trkpt lat="37.809570" lon="22.690580">
						<ele>374</ele>
						<time>2026-10-09T16:57:09Z</time>
					</trkpt>
					<trkpt lat="37.809620" lon="22.690260">
						<ele>376</ele>
						<time>2026-10-09T16:57:13Z</time>
					</trkpt>
					<trkpt lat="37.809630" lon="22.689950">
						<ele>377</ele>
						<time>2026-10-09T16:57:18Z</time>
					</trkpt>
					<trkpt lat="37.809550" lon="22.689470">
						<ele>379</ele>
						<time>2026-10-09T16:57:25Z</time>
					</trkpt>
					<trkpt lat="37.809550" lon="22.689290">
						<ele>378</ele>
						<time>2026-10-09T16:57:27Z</time>
					</trkpt>
					<trkpt lat="37.809620" lon="22.689080">
						<ele>378</ele>
						<time>2026-10-09T16:57:30Z</time>
					</trkpt>
					<trkpt lat="37.809700" lon="22.688960">
						<ele>379</ele>
						<time>2026-10-09T16:57:33Z</time>
					</trkpt>
					<trkpt lat="37.809980" lon="22.688680">
						<ele>379</ele>
						<time>2026-10-09T16:57:39Z</time>
					</trkpt>
					<trkpt lat="37.810160" lon="22.688510">
						<ele>382</ele>
						<time>2026-10-09T16:57:43Z</time>
					</trkpt>
					<trkpt lat="37.810280" lon="22.688430">
						<ele>383</ele>
						<time>2026-10-09T16:57:45Z</time>
					</trkpt>
					<trkpt lat="37.810450" lon="22.688430">
						<ele>384</ele>
						<time>2026-10-09T16:57:48Z</time>
					</trkpt>
					<trkpt lat="37.810600" lon="22.688470">
						<ele>384</ele>
						<time>2026-10-09T16:57:51Z</time>
					</trkpt>
					<trkpt lat="37.810750" lon="22.688650">
						<ele>384</ele>
						<time>2026-10-09T16:57:55Z</time>
					</trkpt>
					<trkpt lat="37.811150" lon="22.689890">
						<ele>384</ele>
						<time>2026-10-09T16:58:14Z</time>
					</trkpt>
					<trkpt lat="37.811230" lon="22.690080">
						<ele>384</ele>
						<time>2026-10-09T16:58:17Z</time>
					</trkpt>
					<trkpt lat="37.811320" lon="22.690150">
						<ele>384</ele>
						<time>2026-10-09T16:58:19Z</time>
					</trkpt>
					<trkpt lat="37.811390" lon="22.690150">
						<ele>386</ele>
						<time>2026-10-09T16:58:20Z</time>
					</trkpt>
					<trkpt lat="37.811420" lon="22.690140">
						<ele>386</ele>
						<time>2026-10-09T16:58:20Z</time>
					</trkpt>
					<trkpt lat="37.811480" lon="22.690020">
						<ele>389</ele>
						<time>2026-10-09T16:58:22Z</time>
					</trkpt>
					<trkpt lat="37.811490" lon="22.689940">
						<ele>390</ele>
						<time>2026-10-09T16:58:24Z</time>
					</trkpt>
					<trkpt lat="37.811460" lon="22.689800">
						<ele>391</ele>
						<time>2026-10-09T16:58:26Z</time>
					</trkpt>
					<trkpt lat="37.811310" lon="22.689550">
						<ele>390</ele>
						<time>2026-10-09T16:58:30Z</time>
					</trkpt>
					<trkpt lat="37.811200" lon="22.689220">
						<ele>390</ele>
						<time>2026-10-09T16:58:35Z</time>
					</trkpt>
					<trkpt lat="37.811200" lon="22.688670">
						<ele>393</ele>
						<time>2026-10-09T16:58:43Z</time>
					</trkpt>
					<trkpt lat="37.811290" lon="22.687680">
						<ele>401</ele>
						<time>2026-10-09T16:58:57Z</time>
					</trkpt>
					<trkpt lat="37.811260" lon="22.687430">
						<ele>402</ele>
						<time>2026-10-09T16:59:00Z</time>
					</trkpt>
					<trkpt lat="37.811170" lon="22.687160">
						<ele>404</ele>
						<time>2026-10-09T16:59:04Z</time>
					</trkpt>
					<trkpt lat="37.810800" lon="22.686510">
						<ele>408</ele>
						<time>2026-10-09T16:59:16Z</time>
					</trkpt>
					<trkpt lat="37.810680" lon="22.686360">
						<ele>411</ele>
						<time>2026-10-09T16:59:19Z</time>
					</trkpt>
					<trkpt lat="37.810480" lon="22.686190">
						<ele>413</ele>
						<time>2026-10-09T16:59:23Z</time>
					</trkpt>
					<trkpt lat="37.810300" lon="22.685970">
						<ele>416</ele>
						<time>2026-10-09T16:59:27Z</time>
					</trkpt>
					<trkpt lat="37.810200" lon="22.685770">
						<ele>416</ele>
						<time>2026-10-09T16:59:31Z</time>
					</trkpt>
					<trkpt lat="37.809980" lon="22.685150">
						<ele>411</ele>
						<time>2026-10-09T16:59:40Z</time>
					</trkpt>
					<trkpt lat="37.809240" lon="22.684800">
						<ele>405</ele>
						<time>2026-10-09T16:59:54Z</time>
					</trkpt>
					<trkpt lat="37.809090" lon="22.684660">
						<ele>403</ele>
						<time>2026-10-09T16:59:58Z</time>
					</trkpt>
					<trkpt lat="37.809030" lon="22.684490">
						<ele>402</ele>
						<time>2026-10-09T17:00:00Z</time>
					</trkpt>
					<trkpt lat="37.809040" lon="22.684360">
						<ele>401</ele>
						<time>2026-10-09T17:00:02Z</time>
					</trkpt>
					<trkpt lat="37.809180" lon="22.684070">
						<ele>397</ele>
						<time>2026-10-09T17:00:07Z</time>
					</trkpt>
					<trkpt lat="37.809230" lon="22.683870">
						<ele>395</ele>
						<time>2026-10-09T17:00:10Z</time>
					</trkpt>
					<trkpt lat="37.809130" lon="22.683110">
						<ele>392</ele>
						<time>2026-10-09T17:00:21Z</time>
					</trkpt>
					<trkpt lat="37.809150" lon="22.682830">
						<ele>391</ele>
						<time>2026-10-09T17:00:25Z</time>
					</trkpt>
					<trkpt lat="37.809350" lon="22.681940">
						<ele>386</ele>
						<time>2026-10-09T17:00:38Z</time>
					</trkpt>
					<trkpt lat="37.809520" lon="22.681010">
						<ele>384</ele>
						<time>2026-10-09T17:00:51Z</time>
					</trkpt>
					<trkpt lat="37.810110" lon="22.678720">
						<ele>372</ele>
						<time>2026-10-09T17:01:25Z</time>
					</trkpt>
					<trkpt lat="37.810210" lon="22.678090">
						<ele>368</ele>
						<time>2026-10-09T17:01:34Z</time>
					</trkpt>
					<trkpt lat="37.810180" lon="22.676230">
						<ele>352</ele>
						<time>2026-10-09T17:02:00Z</time>
					</trkpt>
					<trkpt lat="37.810190" lon="22.673960">
						<ele>340</ele>
						<time>2026-10-09T17:02:32Z</time>
					</trkpt>
					<trkpt lat="37.810220" lon="22.671230">
						<ele>330</ele>
						<time>2026-10-09T17:03:10Z</time>
					</trkpt>
					<trkpt lat="37.810250" lon="22.670560">
						<ele>326</ele>
						<time>2026-10-09T17:03:20Z</time>
					</trkpt>
					<trkpt lat="37.810340" lon="22.670190">
						<ele>325</ele>
						<time>2026-10-09T17:03:25Z</time>
					</trkpt>
					<trkpt lat="37.810440" lon="22.669960">
						<ele>324</ele>
						<time>2026-10-09T17:03:29Z</time>
					</trkpt>
					<trkpt lat="37.810550" lon="22.669750">
						<ele>322</ele>
						<time>2026-10-09T17:03:32Z</time>
					</trkpt>
					<trkpt lat="37.810820" lon="22.669440">
						<ele>320</ele>
						<time>2026-10-09T17:03:39Z</time>
					</trkpt>
					<trkpt lat="37.812240" lon="22.668290">
						<ele>319</ele>
						<time>2026-10-09T17:04:09Z</time>
					</trkpt>
					<trkpt lat="37.813140" lon="22.667660">
						<ele>318</ele>
						<time>2026-10-09T17:04:27Z</time>
					</trkpt>
					<trkpt lat="37.813250" lon="22.667770">
						<ele>319</ele>
						<time>2026-10-09T17:04:30Z</time>
					</trkpt>
					<trkpt lat="37.813460" lon="22.667860">
						<ele>318</ele>
						<time>2026-10-09T17:04:34Z</time>
					</trkpt>
					<trkpt lat="37.813650" lon="22.667820">
						<ele>317</ele>
						<time>2026-10-09T17:04:37Z</time>
					</trkpt>
					<trkpt lat="37.813860" lon="22.667690">
						<ele>316</ele>
						<time>2026-10-09T17:04:41Z</time>
					</trkpt>
					<trkpt lat="37.814010" lon="22.667520">
						<ele>316</ele>
						<time>2026-10-09T17:04:45Z</time>
					</trkpt>
					<trkpt lat="37.814100" lon="22.667360">
						<ele>315</ele>
						<time>2026-10-09T17:04:48Z</time>
					</trkpt>
					<trkpt lat="37.814120" lon="22.667040">
						<ele>315</ele>
						<time>2026-10-09T17:04:52Z</time>
					</trkpt>
					<trkpt lat="37.814080" lon="22.666850">
						<ele>314</ele>
						<time>2026-10-09T17:04:55Z</time>
					</trkpt>
					<trkpt lat="37.819300" lon="22.662700">
						<ele>309</ele>
						<time>2026-10-09T17:06:45Z</time>
					</trkpt>
					<trkpt lat="37.822010" lon="22.660350">
						<ele>309</ele>
						<time>2026-10-09T17:07:43Z</time>
					</trkpt>
					<trkpt lat="37.819300" lon="22.662700">
						<ele>309</ele>
						<time>2026-10-09T17:08:41Z</time>
					</trkpt>
					<trkpt lat="37.814080" lon="22.666850">
						<ele>314</ele>
						<time>2026-10-09T17:10:31Z</time>
					</trkpt>
					<trkpt lat="37.813990" lon="22.666750">
						<ele>314</ele>
						<time>2026-10-09T17:10:33Z</time>
					</trkpt>
					<trkpt lat="37.813800" lon="22.666690">
						<ele>314</ele>
						<time>2026-10-09T17:10:37Z</time>
					</trkpt>
					<trkpt lat="37.813580" lon="22.666720">
						<ele>314</ele>
						<time>2026-10-09T17:10:41Z</time>
					</trkpt>
					<trkpt lat="37.813390" lon="22.666810">
						<ele>315</ele>
						<time>2026-10-09T17:10:44Z</time>
					</trkpt>
					<trkpt lat="37.813290" lon="22.666910">
						<ele>315</ele>
						<time>2026-10-09T17:10:47Z</time>
					</trkpt>
					<trkpt lat="37.813180" lon="22.667100">
						<ele>316</ele>
						<time>2026-10-09T17:10:50Z</time>
					</trkpt>
					<trkpt lat="37.813120" lon="22.667420">
						<ele>317</ele>
						<time>2026-10-09T17:10:55Z</time>
					</trkpt>
					<trkpt lat="37.813140" lon="22.667660">
						<ele>318</ele>
						<time>2026-10-09T17:10:58Z</time>
					</trkpt>
					<trkpt lat="37.812240" lon="22.668290">
						<ele>319</ele>
						<time>2026-10-09T17:11:16Z</time>
					</trkpt>
					<trkpt lat="37.810820" lon="22.669440">
						<ele>320</ele>
						<time>2026-10-09T17:11:46Z</time>
					</trkpt>
					<trkpt lat="37.810550" lon="22.669750">
						<ele>322</ele>
						<time>2026-10-09T17:11:53Z</time>
					</trkpt>
					<trkpt lat="37.810340" lon="22.670190">
						<ele>325</ele>
						<time>2026-10-09T17:12:00Z</time>
					</trkpt>
					<trkpt lat="37.810250" lon="22.670560">
						<ele>326</ele>
						<time>2026-10-09T17:12:05Z</time>
					</trkpt>
					<trkpt lat="37.810220" lon="22.671230">
						<ele>330</ele>
						<time>2026-10-09T17:12:15Z</time>
					</trkpt>
					<trkpt lat="37.810180" lon="22.676000">
						<ele>350</ele>
						<time>2026-10-09T17:13:22Z</time>
					</trkpt>
					<trkpt lat="37.810210" lon="22.678090">
						<ele>368</ele>
						<time>2026-10-09T17:13:51Z</time>
					</trkpt>
					<trkpt lat="37.810110" lon="22.678720">
						<ele>372</ele>
						<time>2026-10-09T17:14:00Z</time>
					</trkpt>
					<trkpt lat="37.809520" lon="22.681010">
						<ele>384</ele>
						<time>2026-10-09T17:14:34Z</time>
					</trkpt>
					<trkpt lat="37.809350" lon="22.681940">
						<ele>386</ele>
						<time>2026-10-09T17:14:48Z</time>
					</trkpt>
					<trkpt lat="37.809150" lon="22.682830">
						<ele>391</ele>
						<time>2026-10-09T17:15:01Z</time>
					</trkpt>
					<trkpt lat="37.809130" lon="22.683110">
						<ele>392</ele>
						<time>2026-10-09T17:15:05Z</time>
					</trkpt>
					<trkpt lat="37.809230" lon="22.683870">
						<ele>395</ele>
						<time>2026-10-09T17:15:15Z</time>
					</trkpt>
					<trkpt lat="37.809180" lon="22.684070">
						<ele>397</ele>
						<time>2026-10-09T17:15:18Z</time>
					</trkpt>
					<trkpt lat="37.809040" lon="22.684360">
						<ele>401</ele>
						<time>2026-10-09T17:15:23Z</time>
					</trkpt>
					<trkpt lat="37.809030" lon="22.684490">
						<ele>402</ele>
						<time>2026-10-09T17:15:25Z</time>
					</trkpt>
					<trkpt lat="37.809090" lon="22.684660">
						<ele>403</ele>
						<time>2026-10-09T17:15:28Z</time>
					</trkpt>
					<trkpt lat="37.809240" lon="22.684800">
						<ele>405</ele>
						<time>2026-10-09T17:15:31Z</time>
					</trkpt>
					<trkpt lat="37.809330" lon="22.684860">
						<ele>406</ele>
						<time>2026-10-09T17:15:33Z</time>
					</trkpt>
					<trkpt lat="37.809740" lon="22.685020">
						<ele>409</ele>
						<time>2026-10-09T17:15:40Z</time>
					</trkpt>
					<trkpt lat="37.809980" lon="22.685150">
						<ele>411</ele>
						<time>2026-10-09T17:15:45Z</time>
					</trkpt>
					<trkpt lat="37.810200" lon="22.685770">
						<ele>416</ele>
						<time>2026-10-09T17:15:54Z</time>
					</trkpt>
					<trkpt lat="37.810300" lon="22.685970">
						<ele>416</ele>
						<time>2026-10-09T17:15:58Z</time>
					</trkpt>
					<trkpt lat="37.810480" lon="22.686190">
						<ele>413</ele>
						<time>2026-10-09T17:16:02Z</time>
					</trkpt>
					<trkpt lat="37.810680" lon="22.686360">
						<ele>411</ele>
						<time>2026-10-09T17:16:07Z</time>
					</trkpt>
					<trkpt lat="37.810800" lon="22.686500">
						<ele>409</ele>
						<time>2026-10-09T17:16:09Z</time>
					</trkpt>
					<trkpt lat="37.811170" lon="22.687160">
						<ele>404</ele>
						<time>2026-10-09T17:16:21Z</time>
					</trkpt>
					<trkpt lat="37.811260" lon="22.687430">
						<ele>402</ele>
						<time>2026-10-09T17:16:25Z</time>
					</trkpt>
					<trkpt lat="37.811290" lon="22.687680">
						<ele>401</ele>
						<time>2026-10-09T17:16:28Z</time>
					</trkpt>
					<trkpt lat="37.811200" lon="22.688670">
						<ele>393</ele>
						<time>2026-10-09T17:16:43Z</time>
					</trkpt>
					<trkpt lat="37.811200" lon="22.689220">
						<ele>390</ele>
						<time>2026-10-09T17:16:50Z</time>
					</trkpt>
					<trkpt lat="37.811310" lon="22.689550">
						<ele>390</ele>
						<time>2026-10-09T17:16:55Z</time>
					</trkpt>
					<trkpt lat="37.811460" lon="22.689800">
						<ele>391</ele>
						<time>2026-10-09T17:17:00Z</time>
					</trkpt>
					<trkpt lat="37.811490" lon="22.689940">
						<ele>390</ele>
						<time>2026-10-09T17:17:02Z</time>
					</trkpt>
					<trkpt lat="37.811470" lon="22.690060">
						<ele>388</ele>
						<time>2026-10-09T17:17:03Z</time>
					</trkpt>
					<trkpt lat="37.811420" lon="22.690140">
						<ele>386</ele>
						<time>2026-10-09T17:17:05Z</time>
					</trkpt>
					<trkpt lat="37.811320" lon="22.690150">
						<ele>384</ele>
						<time>2026-10-09T17:17:07Z</time>
					</trkpt>
					<trkpt lat="37.811230" lon="22.690080">
						<ele>384</ele>
						<time>2026-10-09T17:17:09Z</time>
					</trkpt>
					<trkpt lat="37.811150" lon="22.689890">
						<ele>384</ele>
						<time>2026-10-09T17:17:12Z</time>
					</trkpt>
					<trkpt lat="37.810750" lon="22.688650">
						<ele>384</ele>
						<time>2026-10-09T17:17:30Z</time>
					</trkpt>
					<trkpt lat="37.810600" lon="22.688470">
						<ele>384</ele>
						<time>2026-10-09T17:17:34Z</time>
					</trkpt>
					<trkpt lat="37.810460" lon="22.688430">
						<ele>384</ele>
						<time>2026-10-09T17:17:37Z</time>
					</trkpt>
					<trkpt lat="37.810280" lon="22.688430">
						<ele>383</ele>
						<time>2026-10-09T17:17:40Z</time>
					</trkpt>
					<trkpt lat="37.810160" lon="22.688510">
						<ele>382</ele>
						<time>2026-10-09T17:17:42Z</time>
					</trkpt>
					<trkpt lat="37.809700" lon="22.688960">
						<ele>379</ele>
						<time>2026-10-09T17:17:53Z</time>
					</trkpt>
					<trkpt lat="37.809620" lon="22.689080">
						<ele>378</ele>
						<time>2026-10-09T17:17:55Z</time>
					</trkpt>
					<trkpt lat="37.809550" lon="22.689290">
						<ele>378</ele>
						<time>2026-10-09T17:17:58Z</time>
					</trkpt>
					<trkpt lat="37.809550" lon="22.689470">
						<ele>379</ele>
						<time>2026-10-09T17:18:01Z</time>
					</trkpt>
					<trkpt lat="37.809630" lon="22.689950">
						<ele>377</ele>
						<time>2026-10-09T17:18:07Z</time>
					</trkpt>
					<trkpt lat="37.809620" lon="22.690260">
						<ele>376</ele>
						<time>2026-10-09T17:18:12Z</time>
					</trkpt>
					<trkpt lat="37.809570" lon="22.690580">
						<ele>374</ele>
						<time>2026-10-09T17:18:16Z</time>
					</trkpt>
					<trkpt lat="37.809420" lon="22.691020">
						<ele>373</ele>
						<time>2026-10-09T17:18:23Z</time>
					</trkpt>
					<trkpt lat="37.809240" lon="22.691410">
						<ele>369</ele>
						<time>2026-10-09T17:18:29Z</time>
					</trkpt>
					<trkpt lat="37.809020" lon="22.691710">
						<ele>368</ele>
						<time>2026-10-09T17:18:35Z</time>
					</trkpt>
					<trkpt lat="37.808690" lon="22.692080">
						<ele>369</ele>
						<time>2026-10-09T17:18:43Z</time>
					</trkpt>
					<trkpt lat="37.808510" lon="22.692370">
						<ele>367</ele>
						<time>2026-10-09T17:18:48Z</time>
					</trkpt>
					<trkpt lat="37.807660" lon="22.693950">
						<ele>365</ele>
						<time>2026-10-09T17:19:15Z</time>
					</trkpt>
					<trkpt lat="37.807410" lon="22.694480">
						<ele>364</ele>
						<time>2026-10-09T17:19:24Z</time>
					</trkpt>
					<trkpt lat="37.807310" lon="22.694800">
						<ele>364</ele>
						<time>2026-10-09T17:19:29Z</time>
					</trkpt>
					<trkpt lat="37.806700" lon="22.697940">
						<ele>357</ele>
						<time>2026-10-09T17:20:14Z</time>
					</trkpt>
					<trkpt lat="37.806280" lon="22.699780">
						<ele>355</ele>
						<time>2026-10-09T17:20:41Z</time>
					</trkpt>
					<trkpt lat="37.805780" lon="22.702230">
						<ele>357</ele>
						<time>2026-10-09T17:21:17Z</time>
					</trkpt>
					<trkpt lat="37.805780" lon="22.702800">
						<ele>356</ele>
						<time>2026-10-09T17:21:25Z</time>
					</trkpt>
					<trkpt lat="37.805800" lon="22.703000">
						<ele>355</ele>
						<time>2026-10-09T17:21:27Z</time>
					</trkpt>
					<trkpt lat="37.805860" lon="22.703240">
						<ele>354</ele>
						<time>2026-10-09T17:21:31Z</time>
					</trkpt>
					<trkpt lat="37.806050" lon="22.703460">
						<ele>353</ele>
						<time>2026-10-09T17:21:36Z</time>
					</trkpt>
					<trkpt lat="37.806660" lon="22.703890">
						<ele>350</ele>
						<time>2026-10-09T17:21:48Z</time>
					</trkpt>
					<trkpt lat="37.806940" lon="22.704160">
						<ele>350</ele>
						<time>2026-10-09T17:21:54Z</time>
					</trkpt>
					<trkpt lat="37.807360" lon="22.705170">
						<ele>345</ele>
						<time>2026-10-09T17:22:10Z</time>
					</trkpt>
					<trkpt lat="37.807400" lon="22.705310">
						<ele>345</ele>
						<time>2026-10-09T17:22:12Z</time>
					</trkpt>
					<trkpt lat="37.807410" lon="22.705500">
						<ele>344</ele>
						<time>2026-10-09T17:22:15Z</time>
					</trkpt>
					<trkpt lat="37.807350" lon="22.705750">
						<ele>343</ele>
						<time>2026-10-09T17:22:19Z</time>
					</trkpt>
					<trkpt lat="37.806520" lon="22.707840">
						<ele>340</ele>
						<time>2026-10-09T17:22:52Z</time>
					</trkpt>
					<trkpt lat="37.806340" lon="22.708520">
						<ele>340</ele>
						<time>2026-10-09T17:23:02Z</time>
					</trkpt>
					<trkpt lat="37.806070" lon="22.711690">
						<ele>343</ele>
						<time>2026-10-09T17:23:47Z</time>
					</trkpt>
					<trkpt lat="37.806030" lon="22.711940">
						<ele>346</ele>
						<time>2026-10-09T17:23:50Z</time>
					</trkpt>
					<trkpt lat="37.805980" lon="22.712000">
						<ele>346</ele>
						<time>2026-10-09T17:23:51Z</time>
					</trkpt>
					<trkpt lat="37.805970" lon="22.712090">
						<ele>347</ele>
						<time>2026-10-09T17:23:53Z</time>
					</trkpt>
					<trkpt lat="37.805980" lon="22.712150">
						<ele>348</ele>
						<time>2026-10-09T17:23:53Z</time>
					</trkpt>
					<trkpt lat="37.806030" lon="22.712220">
						<ele>348</ele>
						<time>2026-10-09T17:23:55Z</time>
					</trkpt>
					<trkpt lat="37.806070" lon="22.712240">
						<ele>348</ele>
						<time>2026-10-09T17:23:56Z</time>
					</trkpt>
					<trkpt lat="37.806140" lon="22.712230">
						<ele>348</ele>
						<time>2026-10-09T17:23:57Z</time>
					</trkpt>
					<trkpt lat="37.806450" lon="22.712400">
						<ele>347</ele>
						<time>2026-10-09T17:24:03Z</time>
					</trkpt>
					<trkpt lat="37.806840" lon="22.712770">
						<ele>350</ele>
						<time>2026-10-09T17:24:11Z</time>
					</trkpt>
					<trkpt lat="37.807060" lon="22.712930">
						<ele>350</ele>
						<time>2026-10-09T17:24:16Z</time>
					</trkpt>
					<trkpt lat="37.807190" lon="22.712990">
						<ele>349</ele>
						<time>2026-10-09T17:24:18Z</time>
					</trkpt>
					<trkpt lat="37.807770" lon="22.713070">
						<ele>345</ele>
						<time>2026-10-09T17:24:29Z</time>
					</trkpt>
					<trkpt lat="37.808140" lon="22.713080">
						<ele>342</ele>
						<time>2026-10-09T17:24:35Z</time>
					</trkpt>
					<trkpt lat="37.808360" lon="22.713190">
						<ele>341</ele>
						<time>2026-10-09T17:24:40Z</time>
					</trkpt>
					<trkpt lat="37.808570" lon="22.713410">
						<ele>340</ele>
						<time>2026-10-09T17:24:44Z</time>
					</trkpt>
					<trkpt lat="37.808700" lon="22.713680">
						<ele>340</ele>
						<time>2026-10-09T17:24:49Z</time>
					</trkpt>
					<trkpt lat="37.808720" lon="22.713790">
						<ele>340</ele>
						<time>2026-10-09T17:24:51Z</time>
					</trkpt>
					<trkpt lat="37.808740" lon="22.714630">
						<ele>342</ele>
						<time>2026-10-09T17:25:02Z</time>
					</trkpt>
					<trkpt lat="37.808600" lon="22.716690">
						<ele>355</ele>
						<time>2026-10-09T17:25:31Z</time>
					</trkpt>
					<trkpt lat="37.808580" lon="22.717340">
						<ele>361</ele>
						<time>2026-10-09T17:25:41Z</time>
					</trkpt>
					<trkpt lat="37.808540" lon="22.717490">
						<ele>363</ele>
						<time>2026-10-09T17:25:43Z</time>
					</trkpt>
					<trkpt lat="37.808390" lon="22.717820">
						<ele>367</ele>
						<time>2026-10-09T17:25:48Z</time>
					</trkpt>
					<trkpt lat="37.808270" lon="22.718330">
						<ele>373</ele>
						<time>2026-10-09T17:25:56Z</time>
					</trkpt>
					<trkpt lat="37.808300" lon="22.718890">
						<ele>378</ele>
						<time>2026-10-09T17:26:03Z</time>
					</trkpt>
					<trkpt lat="37.808360" lon="22.719120">
						<ele>380</ele>
						<time>2026-10-09T17:26:07Z</time>
					</trkpt>
					<trkpt lat="37.808370" lon="22.719860">
						<ele>386</ele>
						<time>2026-10-09T17:26:17Z</time>
					</trkpt>
					<trkpt lat="37.808410" lon="22.720110">
						<ele>389</ele>
						<time>2026-10-09T17:26:21Z</time>
					</trkpt>
					<trkpt lat="37.808570" lon="22.720640">
						<ele>398</ele>
						<time>2026-10-09T17:26:29Z</time>
					</trkpt>
					<trkpt lat="37.808590" lon="22.720780">
						<ele>399</ele>
						<time>2026-10-09T17:26:31Z</time>
					</trkpt>
					<trkpt lat="37.808580" lon="22.721010">
						<ele>400</ele>
						<time>2026-10-09T17:26:34Z</time>
					</trkpt>
					<trkpt lat="37.808170" lon="22.723230">
						<ele>389</ele>
						<time>2026-10-09T17:27:06Z</time>
					</trkpt>
					<trkpt lat="37.808210" lon="22.723440">
						<ele>388</ele>
						<time>2026-10-09T17:27:09Z</time>
					</trkpt>
					<trkpt lat="37.808370" lon="22.723700">
						<ele>388</ele>
						<time>2026-10-09T17:27:14Z</time>
					</trkpt>
					<trkpt lat="37.808370" lon="22.723930">
						<ele>388</ele>
						<time>2026-10-09T17:27:17Z</time>
					</trkpt>
					<trkpt lat="37.808140" lon="22.724420">
						<ele>385</ele>
						<time>2026-10-09T17:27:25Z</time>
					</trkpt>
					<trkpt lat="37.808110" lon="22.724730">
						<ele>383</ele>
						<time>2026-10-09T17:27:29Z</time>
					</trkpt>
					<trkpt lat="37.808130" lon="22.724810">
						<ele>383</ele>
						<time>2026-10-09T17:27:31Z</time>
					</trkpt>
					<trkpt lat="37.808210" lon="22.724920">
						<ele>384</ele>
						<time>2026-10-09T17:27:33Z</time>
					</trkpt>
					<trkpt lat="37.808590" lon="22.725170">
						<ele>386</ele>
						<time>2026-10-09T17:27:40Z</time>
					</trkpt>
					<trkpt lat="37.808790" lon="22.725390">
						<ele>385</ele>
						<time>2026-10-09T17:27:45Z</time>
					</trkpt>
					<trkpt lat="37.808840" lon="22.725920">
						<ele>383</ele>
						<time>2026-10-09T17:27:53Z</time>
					</trkpt>
					<trkpt lat="37.808850" lon="22.726380">
						<ele>384</ele>
						<time>2026-10-09T17:27:59Z</time>
					</trkpt>
					<trkpt lat="37.808800" lon="22.726590">
						<ele>384</ele>
						<time>2026-10-09T17:28:02Z</time>
					</trkpt>
					<trkpt lat="37.808750" lon="22.726690">
						<ele>384</ele>
						<time>2026-10-09T17:28:04Z</time>
					</trkpt>
					<trkpt lat="37.809050" lon="22.727510">
						<ele>388</ele>
						<time>2026-10-09T17:28:16Z</time>
					</trkpt>
					<trkpt lat="37.809260" lon="22.728270">
						<ele>390</ele>
						<time>2026-10-09T17:28:28Z</time>
					</trkpt>
					<trkpt lat="37.809460" lon="22.729200">
						<ele>392</ele>
						<time>2026-10-09T17:28:41Z</time>
					</trkpt>
					<trkpt lat="37.809530" lon="22.729690">
						<ele>391</ele>
						<time>2026-10-09T17:28:48Z</time>
					</trkpt>
					<trkpt lat="37.809670" lon="22.732350">
						<ele>391</ele>
						<time>2026-10-09T17:29:26Z</time>
					</trkpt>
					<trkpt lat="37.809820" lon="22.733020">
						<ele>390</ele>
						<time>2026-10-09T17:29:36Z</time>
					</trkpt>
					<trkpt lat="37.810180" lon="22.734060">
						<ele>386</ele>
						<time>2026-10-09T17:29:52Z</time>
					</trkpt>
					<trkpt lat="37.810560" lon="22.735620">
						<ele>389</ele>
						<time>2026-10-09T17:30:15Z</time>
					</trkpt>
					<trkpt lat="37.810680" lon="22.736300">
						<ele>392</ele>
						<time>2026-10-09T17:30:24Z</time>
					</trkpt>
					<trkpt lat="37.810780" lon="22.736620">
						<ele>394</ele>
						<time>2026-10-09T17:30:29Z</time>
					</trkpt>
					<trkpt lat="37.811380" lon="22.737710">
						<ele>400</ele>
						<time>2026-10-09T17:30:48Z</time>
					</trkpt>
					<trkpt lat="37.811770" lon="22.738340">
						<ele>402</ele>
						<time>2026-10-09T17:30:59Z</time>
					</trkpt>
					<trkpt lat="37.812060" lon="22.738610">
						<ele>401</ele>
						<time>2026-10-09T17:31:06Z</time>
					</trkpt>
					<trkpt lat="37.812570" lon="22.739030">
						<ele>400</ele>
						<time>2026-10-09T17:31:16Z</time>
					</trkpt>
					<trkpt lat="37.812830" lon="22.739300">
						<ele>401</ele>
						<time>2026-10-09T17:31:22Z</time>
					</trkpt>
					<trkpt lat="37.813310" lon="22.739890">
						<ele>403</ele>
						<time>2026-10-09T17:31:34Z</time>
					</trkpt>
					<trkpt lat="37.813720" lon="22.740340">
						<ele>405</ele>
						<time>2026-10-09T17:31:44Z</time>
					</trkpt>
					<trkpt lat="37.814020" lon="22.740630">
						<ele>405</ele>
						<time>2026-10-09T17:31:51Z</time>
					</trkpt>
					<trkpt lat="37.814330" lon="22.741030">
						<ele>404</ele>
						<time>2026-10-09T17:31:58Z</time>
					</trkpt>
					<trkpt lat="37.815030" lon="22.742070">
						<ele>396</ele>
						<time>2026-10-09T17:32:18Z</time>
					</trkpt>
					<trkpt lat="37.815790" lon="22.743340">
						<ele>390</ele>
						<time>2026-10-09T17:32:40Z</time>
					</trkpt>
					<trkpt lat="37.816160" lon="22.744010">
						<ele>386</ele>
						<time>2026-10-09T17:32:52Z</time>
					</trkpt>
					<trkpt lat="37.816610" lon="22.744640">
						<ele>382</ele>
						<time>2026-10-09T17:33:03Z</time>
					</trkpt>
					<trkpt lat="37.816890" lon="22.744940">
						<ele>379</ele>
						<time>2026-10-09T17:33:10Z</time>
					</trkpt>
					<trkpt lat="37.817110" lon="22.745160">
						<ele>377</ele>
						<time>2026-10-09T17:33:15Z</time>
					</trkpt>
					<trkpt lat="37.817340" lon="22.745290">
						<ele>377</ele>
						<time>2026-10-09T17:33:19Z</time>
					</trkpt>
					<trkpt lat="37.818520" lon="22.745840">
						<ele>369</ele>
						<time>2026-10-09T17:33:42Z</time>
					</trkpt>
					<trkpt lat="37.818980" lon="22.746230">
						<ele>365</ele>
						<time>2026-10-09T17:33:52Z</time>
					</trkpt>
					<trkpt lat="37.819750" lon="22.746970">
						<ele>362</ele>
						<time>2026-10-09T17:34:09Z</time>
					</trkpt>
					<trkpt lat="37.820010" lon="22.747180">
						<ele>363</ele>
						<time>2026-10-09T17:34:14Z</time>
					</trkpt>
					<trkpt lat="37.820120" lon="22.747240">
						<ele>362</ele>
						<time>2026-10-09T17:34:17Z</time>
					</trkpt>
					<trkpt lat="37.820260" lon="22.747250">
						<ele>362</ele>
						<time>2026-10-09T17:34:19Z</time>
					</trkpt>
					<trkpt lat="37.820830" lon="22.747210">
						<ele>361</ele>
						<time>2026-10-09T17:34:29Z</time>
					</trkpt>
					<trkpt lat="37.821060" lon="22.747240">
						<ele>359</ele>
						<time>2026-10-09T17:34:33Z</time>
					</trkpt>
					<trkpt lat="37.821200" lon="22.747290">
						<ele>358</ele>
						<time>2026-10-09T17:34:36Z</time>
					</trkpt>
					<trkpt lat="37.821300" lon="22.747360">
						<ele>357</ele>
						<time>2026-10-09T17:34:38Z</time>
					</trkpt>
					<trkpt lat="37.821490" lon="22.747570">
						<ele>355</ele>
						<time>2026-10-09T17:34:42Z</time>
					</trkpt>
					<trkpt lat="37.821530" lon="22.747770">
						<ele>354</ele>
						<time>2026-10-09T17:34:45Z</time>
					</trkpt>
					<trkpt lat="37.821470" lon="22.748410">
						<ele>350</ele>
						<time>2026-10-09T17:34:54Z</time>
					</trkpt>
					<trkpt lat="37.821430" lon="22.748530">
						<ele>349</ele>
						<time>2026-10-09T17:34:56Z</time>
					</trkpt>
					<trkpt lat="37.821280" lon="22.748650">
						<ele>349</ele>
						<time>2026-10-09T17:34:59Z</time>
					</trkpt>
					<trkpt lat="37.820830" lon="22.748800">
						<ele>351</ele>
						<time>2026-10-09T17:35:08Z</time>
					</trkpt>
					<trkpt lat="37.820730" lon="22.748860">
						<ele>349</ele>
						<time>2026-10-09T17:35:10Z</time>
					</trkpt>
					<trkpt lat="37.820670" lon="22.748910">
						<ele>348</ele>
						<time>2026-10-09T17:35:11Z</time>
					</trkpt>
					<trkpt lat="37.820660" lon="22.748960">
						<ele>347</ele>
						<time>2026-10-09T17:35:12Z</time>
					</trkpt>
					<trkpt lat="37.820700" lon="22.749100">
						<ele>345</ele>
						<time>2026-10-09T17:35:14Z</time>
					</trkpt>
					<trkpt lat="37.820830" lon="22.749130">
						<ele>346</ele>
						<time>2026-10-09T17:35:16Z</time>
					</trkpt>
					<trkpt lat="37.821760" lon="22.748930">
						<ele>339</ele>
						<time>2026-10-09T17:35:33Z</time>
					</trkpt>
					<trkpt lat="37.821850" lon="22.748900">
						<ele>338</ele>
						<time>2026-10-09T17:35:34Z</time>
					</trkpt>
					<trkpt lat="37.821980" lon="22.748810">
						<ele>336</ele>
						<time>2026-10-09T17:35:37Z</time>
					</trkpt>
					<trkpt lat="37.822050" lon="22.748730">
						<ele>335</ele>
						<time>2026-10-09T17:35:39Z</time>
					</trkpt>
					<trkpt lat="37.822140" lon="22.748500">
						<ele>335</ele>
						<time>2026-10-09T17:35:42Z</time>
					</trkpt>
					<trkpt lat="37.822330" lon="22.747550">
						<ele>334</ele>
						<time>2026-10-09T17:35:56Z</time>
					</trkpt>
					<trkpt lat="37.822340" lon="22.747140">
						<ele>336</ele>
						<time>2026-10-09T17:36:02Z</time>
					</trkpt>
					<trkpt lat="37.822290" lon="22.746660">
						<ele>341</ele>
						<time>2026-10-09T17:36:09Z</time>
					</trkpt>
					<trkpt lat="37.822310" lon="22.746610">
						<ele>341</ele>
						<time>2026-10-09T17:36:10Z</time>
					</trkpt>
					<trkpt lat="37.822360" lon="22.746590">
						<ele>341</ele>
						<time>2026-10-09T17:36:10Z</time>
					</trkpt>
					<trkpt lat="37.822400" lon="22.746610">
						<ele>340</ele>
						<time>2026-10-09T17:36:11Z</time>
					</trkpt>
					<trkpt lat="37.822450" lon="22.746690">
						<ele>338</ele>
						<time>2026-10-09T17:36:13Z</time>
					</trkpt>
					<trkpt lat="37.822630" lon="22.747510">
						<ele>329</ele>
						<time>2026-10-09T17:36:25Z</time>
					</trkpt>
					<trkpt lat="37.822700" lon="22.747980">
						<ele>326</ele>
						<time>2026-10-09T17:36:31Z</time>
					</trkpt>
					<trkpt lat="37.823080" lon="22.749310">
						<ele>314</ele>
						<time>2026-10-09T17:36:51Z</time>
					</trkpt>
					<trkpt lat="37.823220" lon="22.749920">
						<ele>311</ele>
						<time>2026-10-09T17:37:00Z</time>
					</trkpt>
					<trkpt lat="37.823230" lon="22.750330">
						<ele>309</ele>
						<time>2026-10-09T17:37:06Z</time>
					</trkpt>
					<trkpt lat="37.823290" lon="22.751020">
						<ele>305</ele>
						<time>2026-10-09T17:37:16Z</time>
					</trkpt>
					<trkpt lat="37.823280" lon="22.751140">
						<ele>303</ele>
						<time>2026-10-09T17:37:17Z</time>
					</trkpt>
					<trkpt lat="37.823490" lon="22.751460">
						<ele>299</ele>
						<time>2026-10-09T17:37:23Z</time>
					</trkpt>
					<trkpt lat="37.823880" lon="22.751540">
						<ele>297</ele>
						<time>2026-10-09T17:37:30Z</time>
					</trkpt>
					<trkpt lat="37.823960" lon="22.751580">
						<ele>297</ele>
						<time>2026-10-09T17:37:32Z</time>
					</trkpt>
					<trkpt lat="37.824030" lon="22.751690">
						<ele>296</ele>
						<time>2026-10-09T17:37:34Z</time>
					</trkpt>
					<trkpt lat="37.824210" lon="22.752280">
						<ele>292</ele>
						<time>2026-10-09T17:37:43Z</time>
					</trkpt>
					<trkpt lat="37.824600" lon="22.753780">
						<ele>280</ele>
						<time>2026-10-09T17:38:05Z</time>
					</trkpt>
					<trkpt lat="37.824950" lon="22.755780">
						<ele>267</ele>
						<time>2026-10-09T17:38:34Z</time>
					</trkpt>
					<trkpt lat="37.825010" lon="22.756230">
						<ele>266</ele>
						<time>2026-10-09T17:38:40Z</time>
					</trkpt>
					<trkpt lat="37.825020" lon="22.756490">
						<ele>265</ele>
						<time>2026-10-09T17:38:44Z</time>
					</trkpt>
					<trkpt lat="37.825000" lon="22.756660">
						<ele>265</ele>
						<time>2026-10-09T17:38:46Z</time>
					</trkpt>
					<trkpt lat="37.824900" lon="22.757050">
						<ele>263</ele>
						<time>2026-10-09T17:38:52Z</time>
					</trkpt>
					<trkpt lat="37.824870" lon="22.757490">
						<ele>260</ele>
						<time>2026-10-09T17:38:58Z</time>
					</trkpt>
					<trkpt lat="37.824840" lon="22.758470">
						<ele>254</ele>
						<time>2026-10-09T17:39:12Z</time>
					</trkpt>
					<trkpt lat="37.824730" lon="22.759810">
						<ele>246</ele>
						<time>2026-10-09T17:39:31Z</time>
					</trkpt>
					<trkpt lat="37.824710" lon="22.760520">
						<ele>241</ele>
						<time>2026-10-09T17:39:41Z</time>
					</trkpt>
					<trkpt lat="37.824660" lon="22.761180">
						<ele>239</ele>
						<time>2026-10-09T17:39:50Z</time>
					</trkpt>
					<trkpt lat="37.824670" lon="22.761370">
						<ele>239</ele>
						<time>2026-10-09T17:39:53Z</time>
					</trkpt>
					<trkpt lat="37.824990" lon="22.761830">
						<ele>237</ele>
						<time>2026-10-09T17:40:01Z</time>
					</trkpt>
					<trkpt lat="37.825100" lon="22.762080">
						<ele>237</ele>
						<time>2026-10-09T17:40:05Z</time>
					</trkpt>
					<trkpt lat="37.825130" lon="22.762370">
						<ele>237</ele>
						<time>2026-10-09T17:40:10Z</time>
					</trkpt>
					<trkpt lat="37.825230" lon="22.762810">
						<ele>237</ele>
						<time>2026-10-09T17:40:16Z</time>
					</trkpt>
					<trkpt lat="37.825510" lon="22.763530">
						<ele>235</ele>
						<time>2026-10-09T17:40:27Z</time>
					</trkpt>
					<trkpt lat="37.825770" lon="22.764470">
						<ele>239</ele>
						<time>2026-10-09T17:40:41Z</time>
					</trkpt>
					<trkpt lat="37.826030" lon="22.765090">
						<ele>238</ele>
						<time>2026-10-09T17:40:51Z</time>
					</trkpt>
					<trkpt lat="37.826280" lon="22.766190">
						<ele>236</ele>
						<time>2026-10-09T17:41:07Z</time>
					</trkpt>
					<trkpt lat="37.826370" lon="22.766860">
						<ele>233</ele>
						<time>2026-10-09T17:41:17Z</time>
					</trkpt>
					<trkpt lat="37.826350" lon="22.767200">
						<ele>233</ele>
						<time>2026-10-09T17:41:22Z</time>
					</trkpt>
					<trkpt lat="37.826300" lon="22.767420">
						<ele>234</ele>
						<time>2026-10-09T17:41:25Z</time>
					</trkpt>
					<trkpt lat="37.826140" lon="22.767870">
						<ele>232</ele>
						<time>2026-10-09T17:41:32Z</time>
					</trkpt>
					<trkpt lat="37.825910" lon="22.768150">
						<ele>231</ele>
						<time>2026-10-09T17:41:37Z</time>
					</trkpt>
					<trkpt lat="37.825460" lon="22.768540">
						<ele>231</ele>
						<time>2026-10-09T17:41:47Z</time>
					</trkpt>
					<trkpt lat="37.825400" lon="22.768620">
						<ele>231</ele>
						<time>2026-10-09T17:41:49Z</time>
					</trkpt>
					<trkpt lat="37.825340" lon="22.768780">
						<ele>231</ele>
						<time>2026-10-09T17:41:51Z</time>
					</trkpt>
					<trkpt lat="37.825350" lon="22.768870">
						<ele>231</ele>
						<time>2026-10-09T17:41:52Z</time>
					</trkpt>
					<trkpt lat="37.825440" lon="22.769010">
						<ele>230</ele>
						<time>2026-10-09T17:41:55Z</time>
					</trkpt>
					<trkpt lat="37.825890" lon="22.769360">
						<ele>228</ele>
						<time>2026-10-09T17:42:04Z</time>
					</trkpt>
					<trkpt lat="37.826110" lon="22.769600">
						<ele>229</ele>
						<time>2026-10-09T17:42:10Z</time>
					</trkpt>
					<trkpt lat="37.826250" lon="22.769810">
						<ele>230</ele>
						<time>2026-10-09T17:42:13Z</time>
					</trkpt>
					<trkpt lat="37.826510" lon="22.770120">
						<ele>231</ele>
						<time>2026-10-09T17:42:20Z</time>
					</trkpt>
					<trkpt lat="37.826760" lon="22.770280">
						<ele>232</ele>
						<time>2026-10-09T17:42:25Z</time>
					</trkpt>
					<trkpt lat="37.827540" lon="22.770590">
						<ele>236</ele>
						<time>2026-10-09T17:42:39Z</time>
					</trkpt>
					<trkpt lat="37.828730" lon="22.771240">
						<ele>234</ele>
						<time>2026-10-09T17:43:02Z</time>
					</trkpt>
					<trkpt lat="37.828950" lon="22.771430">
						<ele>232</ele>
						<time>2026-10-09T17:43:07Z</time>
					</trkpt>
					<trkpt lat="37.829160" lon="22.771730">
						<ele>232</ele>
						<time>2026-10-09T17:43:13Z</time>
					</trkpt>
					<trkpt lat="37.829260" lon="22.771920">
						<ele>230</ele>
						<time>2026-10-09T17:43:16Z</time>
					</trkpt>
					<trkpt lat="37.829450" lon="22.772430">
						<ele>229</ele>
						<time>2026-10-09T17:43:24Z</time>
					</trkpt>
					<trkpt lat="37.829640" lon="22.773270">
						<ele>223</ele>
						<time>2026-10-09T17:43:36Z</time>
					</trkpt>
					<trkpt lat="37.829610" lon="22.773660">
						<ele>221</ele>
						<time>2026-10-09T17:43:42Z</time>
					</trkpt>
					<trkpt lat="37.829460" lon="22.774420">
						<ele>219</ele>
						<time>2026-10-09T17:43:53Z</time>
					</trkpt>
					<trkpt lat="37.829470" lon="22.774680">
						<ele>218</ele>
						<time>2026-10-09T17:43:56Z</time>
					</trkpt>
					<trkpt lat="37.829710" lon="22.775130">
						<ele>213</ele>
						<time>2026-10-09T17:44:04Z</time>
					</trkpt>
					<trkpt lat="37.829820" lon="22.775430">
						<ele>212</ele>
						<time>2026-10-09T17:44:09Z</time>
					</trkpt>
					<trkpt lat="37.829860" lon="22.775580">
						<ele>212</ele>
						<time>2026-10-09T17:44:11Z</time>
					</trkpt>
					<trkpt lat="37.829920" lon="22.776100">
						<ele>212</ele>
						<time>2026-10-09T17:44:18Z</time>
					</trkpt>
					<trkpt lat="37.830120" lon="22.776770">
						<ele>207</ele>
						<time>2026-10-09T17:44:28Z</time>
					</trkpt>
					<trkpt lat="37.830140" lon="22.776900">
						<ele>206</ele>
						<time>2026-10-09T17:44:30Z</time>
					</trkpt>
					<trkpt lat="37.830120" lon="22.777540">
						<ele>204</ele>
						<time>2026-10-09T17:44:39Z</time>
					</trkpt>
					<trkpt lat="37.830060" lon="22.777880">
						<ele>203</ele>
						<time>2026-10-09T17:44:44Z</time>
					</trkpt>
					<trkpt lat="37.830040" lon="22.778240">
						<ele>201</ele>
						<time>2026-10-09T17:44:49Z</time>
					</trkpt>
					<trkpt lat="37.830040" lon="22.778550">
						<ele>200</ele>
						<time>2026-10-09T17:44:53Z</time>
					</trkpt>
					<trkpt lat="37.830100" lon="22.778900">
						<ele>198</ele>
						<time>2026-10-09T17:44:58Z</time>
					</trkpt>
					<trkpt lat="37.830230" lon="22.779320">
						<ele>195</ele>
						<time>2026-10-09T17:45:05Z</time>
					</trkpt>
					<trkpt lat="37.830520" lon="22.779920">
						<ele>191</ele>
						<time>2026-10-09T17:45:15Z</time>
					</trkpt>
					<trkpt lat="37.830870" lon="22.780390">
						<ele>187</ele>
						<time>2026-10-09T17:45:24Z</time>
					</trkpt>
					<trkpt lat="37.831010" lon="22.780670">
						<ele>185</ele>
						<time>2026-10-09T17:45:28Z</time>
					</trkpt>
					<trkpt lat="37.831110" lon="22.780950">
						<ele>184</ele>
						<time>2026-10-09T17:45:33Z</time>
					</trkpt>
					<trkpt lat="37.831230" lon="22.781480">
						<ele>181</ele>
						<time>2026-10-09T17:45:40Z</time>
					</trkpt>
					<trkpt lat="37.831330" lon="22.782360">
						<ele>177</ele>
						<time>2026-10-09T17:45:53Z</time>
					</trkpt>
					<trkpt lat="37.831520" lon="22.782800">
						<ele>175</ele>
						<time>2026-10-09T17:46:00Z</time>
					</trkpt>
					<trkpt lat="37.831660" lon="22.783050">
						<ele>174</ele>
						<time>2026-10-09T17:46:04Z</time>
					</trkpt>
					<trkpt lat="37.832250" lon="22.783560">
						<ele>174</ele>
						<time>2026-10-09T17:46:17Z</time>
					</trkpt>
					<trkpt lat="37.832630" lon="22.784030">
						<ele>173</ele>
						<time>2026-10-09T17:46:26Z</time>
					</trkpt>
					<trkpt lat="37.832690" lon="22.784230">
						<ele>173</ele>
						<time>2026-10-09T17:46:29Z</time>
					</trkpt>
					<trkpt lat="37.832770" lon="22.784370">
						<ele>172</ele>
						<time>2026-10-09T17:46:32Z</time>
					</trkpt>
					<trkpt lat="37.832960" lon="22.784600">
						<ele>172</ele>
						<time>2026-10-09T17:46:37Z</time>
					</trkpt>
					<trkpt lat="37.833080" lon="22.784700">
						<ele>172</ele>
						<time>2026-10-09T17:46:39Z</time>
					</trkpt>
					<trkpt lat="37.833590" lon="22.784940">
						<ele>173</ele>
						<time>2026-10-09T17:46:49Z</time>
					</trkpt>
					<trkpt lat="37.833760" lon="22.785070">
						<ele>173</ele>
						<time>2026-10-09T17:46:52Z</time>
					</trkpt>
					<trkpt lat="37.834690" lon="22.786000">
						<ele>171</ele>
						<time>2026-10-09T17:47:13Z</time>
					</trkpt>
					<trkpt lat="37.834840" lon="22.786230">
						<ele>171</ele>
						<time>2026-10-09T17:47:18Z</time>
					</trkpt>
					<trkpt lat="37.834980" lon="22.786570">
						<ele>170</ele>
						<time>2026-10-09T17:47:23Z</time>
					</trkpt>
					<trkpt lat="37.835160" lon="22.786840">
						<ele>170</ele>
						<time>2026-10-09T17:47:28Z</time>
					</trkpt>
					<trkpt lat="37.835420" lon="22.787130">
						<ele>169</ele>
						<time>2026-10-09T17:47:34Z</time>
					</trkpt>
					<trkpt lat="37.835890" lon="22.787570">
						<ele>169</ele>
						<time>2026-10-09T17:47:45Z</time>
					</trkpt>
					<trkpt lat="37.836070" lon="22.787850">
						<ele>168</ele>
						<time>2026-10-09T17:47:50Z</time>
					</trkpt>
					<trkpt lat="37.836160" lon="22.788050">
						<ele>168</ele>
						<time>2026-10-09T17:47:53Z</time>
					</trkpt>
					<trkpt lat="37.836460" lon="22.788920">
						<ele>166</ele>
						<time>2026-10-09T17:48:06Z</time>
					</trkpt>
					<trkpt lat="37.836650" lon="22.789340">
						<ele>165</ele>
						<time>2026-10-09T17:48:13Z</time>
					</trkpt>
					<trkpt lat="37.837290" lon="22.790590">
						<ele>161</ele>
						<time>2026-10-09T17:48:34Z</time>
					</trkpt>
					<trkpt lat="37.837530" lon="22.790930">
						<ele>161</ele>
						<time>2026-10-09T17:48:40Z</time>
					</trkpt>
					<trkpt lat="37.838010" lon="22.791740">
						<ele>158</ele>
						<time>2026-10-09T17:48:55Z</time>
					</trkpt>
					<trkpt lat="37.838600" lon="22.792900">
						<ele>156</ele>
						<time>2026-10-09T17:49:14Z</time>
					</trkpt>
					<trkpt lat="37.838860" lon="22.793360">
						<ele>154</ele>
						<time>2026-10-09T17:49:22Z</time>
					</trkpt>
					<trkpt lat="37.838990" lon="22.793630">
						<ele>154</ele>
						<time>2026-10-09T17:49:26Z</time>
					</trkpt>
					<trkpt lat="37.839040" lon="22.793820">
						<ele>153</ele>
						<time>2026-10-09T17:49:29Z</time>
					</trkpt>
					<trkpt lat="37.839500" lon="22.794060">
						<ele>154</ele>
						<time>2026-10-09T17:49:38Z</time>
					</trkpt>
					<trkpt lat="37.839750" lon="22.794160">
						<ele>154</ele>
						<time>2026-10-09T17:49:43Z</time>
					</trkpt>
					<trkpt lat="37.840300" lon="22.794280">
						<ele>154</ele>
						<time>2026-10-09T17:49:53Z</time>
					</trkpt>
					<trkpt lat="37.841280" lon="22.794730">
						<ele>152</ele>
						<time>2026-10-09T17:50:11Z</time>
					</trkpt>
					<trkpt lat="37.841630" lon="22.794860">
						<ele>150</ele>
						<time>2026-10-09T17:50:18Z</time>
					</trkpt>
					<trkpt lat="37.842020" lon="22.794950">
						<ele>148</ele>
						<time>2026-10-09T17:50:25Z</time>
					</trkpt>
					<trkpt lat="37.842160" lon="22.794960">
						<ele>148</ele>
						<time>2026-10-09T17:50:27Z</time>
					</trkpt>
					<trkpt lat="37.842360" lon="22.794960">
						<ele>147</ele>
						<time>2026-10-09T17:50:31Z</time>
					</trkpt>
					<trkpt lat="37.842580" lon="22.794900">
						<ele>146</ele>
						<time>2026-10-09T17:50:35Z</time>
					</trkpt>
					<trkpt lat="37.842810" lon="22.794880">
						<ele>146</ele>
						<time>2026-10-09T17:50:39Z</time>
					</trkpt>
					<trkpt lat="37.843020" lon="22.794960">
						<ele>146</ele>
						<time>2026-10-09T17:50:43Z</time>
					</trkpt>
					<trkpt lat="37.843240" lon="22.795100">
						<ele>146</ele>
						<time>2026-10-09T17:50:47Z</time>
					</trkpt>
					<trkpt lat="37.843490" lon="22.795330">
						<ele>145</ele>
						<time>2026-10-09T17:50:53Z</time>
					</trkpt>
					<trkpt lat="37.844320" lon="22.796220">
						<ele>144</ele>
						<time>2026-10-09T17:51:12Z</time>
					</trkpt>
					<trkpt lat="37.844810" lon="22.796660">
						<ele>143</ele>
						<time>2026-10-09T17:51:23Z</time>
					</trkpt>
					<trkpt lat="37.845600" lon="22.797020">
						<ele>141</ele>
						<time>2026-10-09T17:51:38Z</time>
					</trkpt>
					<trkpt lat="37.845870" lon="22.797180">
						<ele>138</ele>
						<time>2026-10-09T17:51:43Z</time>
					</trkpt>
					<trkpt lat="37.846620" lon="22.797430">
						<ele>136</ele>
						<time>2026-10-09T17:51:57Z</time>
					</trkpt>
					<trkpt lat="37.846960" lon="22.797570">
						<ele>136</ele>
						<time>2026-10-09T17:52:03Z</time>
					</trkpt>
					<trkpt lat="37.847250" lon="22.797810">
						<ele>134</ele>
						<time>2026-10-09T17:52:09Z</time>
					</trkpt>
					<trkpt lat="37.847780" lon="22.798470">
						<ele>131</ele>
						<time>2026-10-09T17:52:22Z</time>
					</trkpt>
					<trkpt lat="37.848440" lon="22.799180">
						<ele>129</ele>
						<time>2026-10-09T17:52:38Z</time>
					</trkpt>
					<trkpt lat="37.848580" lon="22.799300">
						<ele>128</ele>
						<time>2026-10-09T17:52:41Z</time>
					</trkpt>
					<trkpt lat="37.848770" lon="22.799350">
						<ele>128</ele>
						<time>2026-10-09T17:52:44Z</time>
					</trkpt>
					<trkpt lat="37.849200" lon="22.799670">
						<ele>126</ele>
						<time>2026-10-09T17:52:53Z</time>
					</trkpt>
					<trkpt lat="37.849230" lon="22.799710">
						<ele>126</ele>
						<time>2026-10-09T17:52:54Z</time>
					</trkpt>
					<trkpt lat="37.849190" lon="22.799760">
						<ele>126</ele>
						<time>2026-10-09T17:52:55Z</time>
					</trkpt>
					<trkpt lat="37.849160" lon="22.799890">
						<ele>126</ele>
						<time>2026-10-09T17:52:57Z</time>
					</trkpt>
					<trkpt lat="37.849150" lon="22.800110">
						<ele>127</ele>
						<time>2026-10-09T17:53:00Z</time>
					</trkpt>
					<trkpt lat="37.849230" lon="22.800290">
						<ele>128</ele>
						<time>2026-10-09T17:53:03Z</time>
					</trkpt>
					<trkpt lat="37.849280" lon="22.800340">
						<ele>128</ele>
						<time>2026-10-09T17:53:04Z</time>
					</trkpt>
					<trkpt lat="37.849510" lon="22.800470">
						<ele>129</ele>
						<time>2026-10-09T17:53:09Z</time>
					</trkpt>
					<trkpt lat="37.849670" lon="22.800880">
						<ele>133</ele>
						<time>2026-10-09T17:53:15Z</time>
					</trkpt>
					<trkpt lat="37.849660" lon="22.801110">
						<ele>136</ele>
						<time>2026-10-09T17:53:18Z</time>
					</trkpt>
					<trkpt lat="37.849990" lon="22.801230">
						<ele>138</ele>
						<time>2026-10-09T17:53:24Z</time>
					</trkpt>
					<trkpt lat="37.850220" lon="22.801240">
						<ele>136</ele>
						<time>2026-10-09T17:53:28Z</time>
					</trkpt>
					<trkpt lat="37.850720" lon="22.801370">
						<ele>135</ele>
						<time>2026-10-09T17:53:37Z</time>
					</trkpt>
					<trkpt lat="37.851410" lon="22.801640">
						<ele>130</ele>
						<time>2026-10-09T17:53:50Z</time>
					</trkpt>
					<trkpt lat="37.851630" lon="22.801750">
						<ele>127</ele>
						<time>2026-10-09T17:53:55Z</time>
					</trkpt>
					<trkpt lat="37.851710" lon="22.801820">
						<ele>126</ele>
						<time>2026-10-09T17:53:56Z</time>
					</trkpt>
					<trkpt lat="37.851770" lon="22.801950">
						<ele>126</ele>
						<time>2026-10-09T17:53:58Z</time>
					</trkpt>
					<trkpt lat="37.851990" lon="22.801810">
						<ele>125</ele>
						<time>2026-10-09T17:54:03Z</time>
					</trkpt>
					<trkpt lat="37.852070" lon="22.801720">
						<ele>124</ele>
						<time>2026-10-09T17:54:05Z</time>
					</trkpt>
					<trkpt lat="37.852180" lon="22.801360">
						<ele>122</ele>
						<time>2026-10-09T17:54:10Z</time>
					</trkpt>
					<trkpt lat="37.852330" lon="22.801150">
						<ele>121</ele>
						<time>2026-10-09T17:54:14Z</time>
					</trkpt>
					<trkpt lat="37.852420" lon="22.801090">
						<ele>120</ele>
						<time>2026-10-09T17:54:16Z</time>
					</trkpt>
					<trkpt lat="37.852600" lon="22.801070">
						<ele>120</ele>
						<time>2026-10-09T17:54:19Z</time>
					</trkpt>
					<trkpt lat="37.852640" lon="22.801540">
						<ele>121</ele>
						<time>2026-10-09T17:54:26Z</time>
					</trkpt>
					<trkpt lat="37.852690" lon="22.801710">
						<ele>122</ele>
						<time>2026-10-09T17:54:28Z</time>
					</trkpt>
					<trkpt lat="37.852760" lon="22.801810">
						<ele>122</ele>
						<time>2026-10-09T17:54:30Z</time>
					</trkpt>
					<trkpt lat="37.852990" lon="22.801930">
						<ele>122</ele>
						<time>2026-10-09T17:54:35Z</time>
					</trkpt>
					<trkpt lat="37.853420" lon="22.802030">
						<ele>122</ele>
						<time>2026-10-09T17:54:42Z</time>
					</trkpt>
					<trkpt lat="37.854140" lon="22.802040">
						<ele>123</ele>
						<time>2026-10-09T17:54:55Z</time>
					</trkpt>
					<trkpt lat="37.854650" lon="22.802430">
						<ele>122</ele>
						<time>2026-10-09T17:55:06Z</time>
					</trkpt>
					<trkpt lat="37.855240" lon="22.802830">
						<ele>122</ele>
						<time>2026-10-09T17:55:18Z</time>
					</trkpt>
					<trkpt lat="37.855650" lon="22.803160">
						<ele>121</ele>
						<time>2026-10-09T17:55:26Z</time>
					</trkpt>
					<trkpt lat="37.856680" lon="22.803830">
						<ele>122</ele>
						<time>2026-10-09T17:55:47Z</time>
					</trkpt>
					<trkpt lat="37.857700" lon="22.804600">
						<ele>117</ele>
						<time>2026-10-09T17:56:08Z</time>
					</trkpt>
					<trkpt lat="37.857840" lon="22.804650">
						<ele>116</ele>
						<time>2026-10-09T17:56:11Z</time>
					</trkpt>
					<trkpt lat="37.858100" lon="22.804660">
						<ele>116</ele>
						<time>2026-10-09T17:56:15Z</time>
					</trkpt>
					<trkpt lat="37.858650" lon="22.804600">
						<ele>118</ele>
						<time>2026-10-09T17:56:25Z</time>
					</trkpt>
					<trkpt lat="37.858990" lon="22.804620">
						<ele>119</ele>
						<time>2026-10-09T17:56:31Z</time>
					</trkpt>
					<trkpt lat="37.859370" lon="22.804790">
						<ele>117</ele>
						<time>2026-10-09T17:56:38Z</time>
					</trkpt>
					<trkpt lat="37.859660" lon="22.804860">
						<ele>116</ele>
						<time>2026-10-09T17:56:44Z</time>
					</trkpt>
					<trkpt lat="37.860060" lon="22.804770">
						<ele>119</ele>
						<time>2026-10-09T17:56:51Z</time>
					</trkpt>
					<trkpt lat="37.860380" lon="22.804760">
						<ele>122</ele>
						<time>2026-10-09T17:56:57Z</time>
					</trkpt>
					<trkpt lat="37.860780" lon="22.805040">
						<ele>122</ele>
						<time>2026-10-09T17:57:05Z</time>
					</trkpt>
					<trkpt lat="37.861180" lon="22.805110">
						<ele>123</ele>
						<time>2026-10-09T17:57:12Z</time>
					</trkpt>
					<trkpt lat="37.861830" lon="22.805270">
						<ele>125</ele>
						<time>2026-10-09T17:57:24Z</time>
					</trkpt>
					<trkpt lat="37.861920" lon="22.805360">
						<ele>126</ele>
						<time>2026-10-09T17:57:26Z</time>
					</trkpt>
					<trkpt lat="37.861990" lon="22.805550">
						<ele>125</ele>
						<time>2026-10-09T17:57:29Z</time>
					</trkpt>
					<trkpt lat="37.862040" lon="22.805850">
						<ele>124</ele>
						<time>2026-10-09T17:57:33Z</time>
					</trkpt>
					<trkpt lat="37.862270" lon="22.806500">
						<ele>122</ele>
						<time>2026-10-09T17:57:43Z</time>
					</trkpt>
					<trkpt lat="37.862470" lon="22.806880">
						<ele>123</ele>
						<time>2026-10-09T17:57:49Z</time>
					</trkpt>
					<trkpt lat="37.862670" lon="22.807350">
						<ele>124</ele>
						<time>2026-10-09T17:57:57Z</time>
					</trkpt>
					<trkpt lat="37.862960" lon="22.807830">
						<ele>125</ele>
						<time>2026-10-09T17:58:05Z</time>
					</trkpt>
					<trkpt lat="37.863120" lon="22.808030">
						<ele>125</ele>
						<time>2026-10-09T17:58:09Z</time>
					</trkpt>
					<trkpt lat="37.863450" lon="22.808410">
						<ele>123</ele>
						<time>2026-10-09T17:58:17Z</time>
					</trkpt>
					<trkpt lat="37.863610" lon="22.808500">
						<ele>123</ele>
						<time>2026-10-09T17:58:20Z</time>
					</trkpt>
					<trkpt lat="37.864180" lon="22.808710">
						<ele>121</ele>
						<time>2026-10-09T17:58:31Z</time>
					</trkpt>
					<trkpt lat="37.864660" lon="22.808750">
						<ele>118</ele>
						<time>2026-10-09T17:58:39Z</time>
					</trkpt>
					<trkpt lat="37.865070" lon="22.808830">
						<ele>117</ele>
						<time>2026-10-09T17:58:47Z</time>
					</trkpt>
					<trkpt lat="37.865350" lon="22.808950">
						<ele>118</ele>
						<time>2026-10-09T17:58:52Z</time>
					</trkpt>
					<trkpt lat="37.865990" lon="22.809150">
						<ele>118</ele>
						<time>2026-10-09T17:59:04Z</time>
					</trkpt>
					<trkpt lat="37.866480" lon="22.809220">
						<ele>119</ele>
						<time>2026-10-09T17:59:13Z</time>
					</trkpt>
					<trkpt lat="37.866950" lon="22.809240">
						<ele>118</ele>
						<time>2026-10-09T17:59:21Z</time>
					</trkpt>
					<trkpt lat="37.867160" lon="22.809310">
						<ele>117</ele>
						<time>2026-10-09T17:59:25Z</time>
					</trkpt>
					<trkpt lat="37.867500" lon="22.809480">
						<ele>115</ele>
						<time>2026-10-09T17:59:31Z</time>
					</trkpt>
					<trkpt lat="37.867750" lon="22.809550">
						<ele>114</ele>
						<time>2026-10-09T17:59:36Z</time>
					</trkpt>
					<trkpt lat="37.868250" lon="22.809980">
						<ele>110</ele>
						<time>2026-10-09T17:59:47Z</time>
					</trkpt>
					<trkpt lat="37.868290" lon="22.809990">
						<ele>110</ele>
						<time>2026-10-09T17:59:47Z</time>
					</trkpt>
					<trkpt lat="37.869080" lon="22.809900">
						<ele>110</ele>
						<time>2026-10-09T18:00:02Z</time>
					</trkpt>
					<trkpt lat="37.869720" lon="22.809750">
						<ele>110</ele>
						<time>2026-10-09T18:00:13Z</time>
					</trkpt>
					<trkpt lat="37.870280" lon="22.809670">
						<ele>109</ele>
						<time>2026-10-09T18:00:23Z</time>
					</trkpt>
					<trkpt lat="37.870820" lon="22.809550">
						<ele>108</ele>
						<time>2026-10-09T18:00:33Z</time>
					</trkpt>
					<trkpt lat="37.871220" lon="22.809390">
						<ele>107</ele>
						<time>2026-10-09T18:00:40Z</time>
					</trkpt>
					<trkpt lat="37.871370" lon="22.809400">
						<ele>105</ele>
						<time>2026-10-09T18:00:43Z</time>
					</trkpt>
					<trkpt lat="37.871710" lon="22.809340">
						<ele>103</ele>
						<time>2026-10-09T18:00:49Z</time>
					</trkpt>
					<trkpt lat="37.872130" lon="22.809350">
						<ele>105</ele>
						<time>2026-10-09T18:00:57Z</time>
					</trkpt>
					<trkpt lat="37.873150" lon="22.809560">
						<ele>104</ele>
						<time>2026-10-09T18:01:15Z</time>
					</trkpt>
					<trkpt lat="37.873430" lon="22.809730">
						<ele>102</ele>
						<time>2026-10-09T18:01:20Z</time>
					</trkpt>
					<trkpt lat="37.873780" lon="22.810050">
						<ele>100</ele>
						<time>2026-10-09T18:01:28Z</time>
					</trkpt>
					<trkpt lat="37.873920" lon="22.810200">
						<ele>99</ele>
						<time>2026-10-09T18:01:31Z</time>
					</trkpt>
					<trkpt lat="37.874120" lon="22.810540">
						<ele>96</ele>
						<time>2026-10-09T18:01:37Z</time>
					</trkpt>
					<trkpt lat="37.874230" lon="22.810660">
						<ele>96</ele>
						<time>2026-10-09T18:01:40Z</time>
					</trkpt>
					<trkpt lat="37.874540" lon="22.811800">
						<ele>89</ele>
						<time>2026-10-09T18:01:57Z</time>
					</trkpt>
					<trkpt lat="37.874620" lon="22.811990">
						<ele>89</ele>
						<time>2026-10-09T18:02:00Z</time>
					</trkpt>
					<trkpt lat="37.874930" lon="22.812190">
						<ele>88</ele>
						<time>2026-10-09T18:02:06Z</time>
					</trkpt>
					<trkpt lat="37.875100" lon="22.812250">
						<ele>88</ele>
						<time>2026-10-09T18:02:09Z</time>
					</trkpt>
					<trkpt lat="37.875630" lon="22.812370">
						<ele>88</ele>
						<time>2026-10-09T18:02:19Z</time>
					</trkpt>
					<trkpt lat="37.875790" lon="22.812460">
						<ele>89</ele>
						<time>2026-10-09T18:02:22Z</time>
					</trkpt>
					<trkpt lat="37.875880" lon="22.812550">
						<ele>89</ele>
						<time>2026-10-09T18:02:24Z</time>
					</trkpt>
					<trkpt lat="37.875950" lon="22.812650">
						<ele>90</ele>
						<time>2026-10-09T18:02:26Z</time>
					</trkpt>
					<trkpt lat="37.876180" lon="22.813310">
						<ele>91</ele>
						<time>2026-10-09T18:02:36Z</time>
					</trkpt>
					<trkpt lat="37.876250" lon="22.813430">
						<ele>91</ele>
						<time>2026-10-09T18:02:38Z</time>
					</trkpt>
					<trkpt lat="37.876570" lon="22.813600">
						<ele>88</ele>
						<time>2026-10-09T18:02:44Z</time>
					</trkpt>
					<trkpt lat="37.876820" lon="22.813800">
						<ele>88</ele>
						<time>2026-10-09T18:02:50Z</time>
					</trkpt>
					<trkpt lat="37.877240" lon="22.814370">
						<ele>90</ele>
						<time>2026-10-09T18:03:00Z</time>
					</trkpt>
					<trkpt lat="37.878310" lon="22.815520">
						<ele>88</ele>
						<time>2026-10-09T18:03:25Z</time>
					</trkpt>
					<trkpt lat="37.878900" lon="22.816440">
						<ele>88</ele>
						<time>2026-10-09T18:03:42Z</time>
					</trkpt>
					<trkpt lat="37.879000" lon="22.816630">
						<ele>88</ele>
						<time>2026-10-09T18:03:45Z</time>
					</trkpt>
					<trkpt lat="37.879440" lon="22.817000">
						<ele>93</ele>
						<time>2026-10-09T18:03:55Z</time>
					</trkpt>
					<trkpt lat="37.880170" lon="22.817450">
						<ele>93</ele>
						<time>2026-10-09T18:04:09Z</time>
					</trkpt>
					<trkpt lat="37.880900" lon="22.817710">
						<ele>93</ele>
						<time>2026-10-09T18:04:23Z</time>
					</trkpt>
					<trkpt lat="37.881680" lon="22.817840">
						<ele>92</ele>
						<time>2026-10-09T18:04:37Z</time>
					</trkpt>
					<trkpt lat="37.882140" lon="22.818000">
						<ele>90</ele>
						<time>2026-10-09T18:04:45Z</time>
					</trkpt>
					<trkpt lat="37.882280" lon="22.818000">
						<ele>88</ele>
						<time>2026-10-09T18:04:48Z</time>
					</trkpt>
					<trkpt lat="37.882460" lon="22.817950">
						<ele>87</ele>
						<time>2026-10-09T18:04:51Z</time>
					</trkpt>
					<trkpt lat="37.882680" lon="22.817840">
						<ele>86</ele>
						<time>2026-10-09T18:04:55Z</time>
					</trkpt>
					<trkpt lat="37.882920" lon="22.817780">
						<ele>85</ele>
						<time>2026-10-09T18:04:59Z</time>
					</trkpt>
					<trkpt lat="37.883230" lon="22.817530">
						<ele>84</ele>
						<time>2026-10-09T18:05:06Z</time>
					</trkpt>
					<trkpt lat="37.883450" lon="22.817390">
						<ele>83</ele>
						<time>2026-10-09T18:05:10Z</time>
					</trkpt>
					<trkpt lat="37.883650" lon="22.817330">
						<ele>83</ele>
						<time>2026-10-09T18:05:14Z</time>
					</trkpt>
					<trkpt lat="37.883800" lon="22.817330">
						<ele>82</ele>
						<time>2026-10-09T18:05:17Z</time>
					</trkpt>
					<trkpt lat="37.884310" lon="22.817430">
						<ele>82</ele>
						<time>2026-10-09T18:05:26Z</time>
					</trkpt>
					<trkpt lat="37.884580" lon="22.817540">
						<ele>82</ele>
						<time>2026-10-09T18:05:31Z</time>
					</trkpt>
					<trkpt lat="37.885770" lon="22.817900">
						<ele>78</ele>
						<time>2026-10-09T18:05:53Z</time>
					</trkpt>
					<trkpt lat="37.886130" lon="22.817860">
						<ele>76</ele>
						<time>2026-10-09T18:05:59Z</time>
					</trkpt>
					<trkpt lat="37.886530" lon="22.817730">
						<ele>74</ele>
						<time>2026-10-09T18:06:06Z</time>
					</trkpt>
					<trkpt lat="37.886710" lon="22.817710">
						<ele>73</ele>
						<time>2026-10-09T18:06:10Z</time>
					</trkpt>
					<trkpt lat="37.886780" lon="22.817740">
						<ele>73</ele>
						<time>2026-10-09T18:06:11Z</time>
					</trkpt>
					<trkpt lat="37.886970" lon="22.817960">
						<ele>74</ele>
						<time>2026-10-09T18:06:16Z</time>
					</trkpt>
					<trkpt lat="37.887120" lon="22.818020">
						<ele>74</ele>
						<time>2026-10-09T18:06:18Z</time>
					</trkpt>
					<trkpt lat="37.887490" lon="22.818010">
						<ele>76</ele>
						<time>2026-10-09T18:06:25Z</time>
					</trkpt>
					<trkpt lat="37.888070" lon="22.817940">
						<ele>76</ele>
						<time>2026-10-09T18:06:35Z</time>
					</trkpt>
					<trkpt lat="37.888800" lon="22.817910">
						<ele>77</ele>
						<time>2026-10-09T18:06:48Z</time>
					</trkpt>
					<trkpt lat="37.889770" lon="22.817750">
						<ele>77</ele>
						<time>2026-10-09T18:07:06Z</time>
					</trkpt>
					<trkpt lat="37.890050" lon="22.817690">
						<ele>77</ele>
						<time>2026-10-09T18:07:11Z</time>
					</trkpt>
					<trkpt lat="37.890200" lon="22.817630">
						<ele>77</ele>
						<time>2026-10-09T18:07:14Z</time>
					</trkpt>
					<trkpt lat="37.890380" lon="22.817520">
						<ele>77</ele>
						<time>2026-10-09T18:07:17Z</time>
					</trkpt>
					<trkpt lat="37.890710" lon="22.817130">
						<ele>79</ele>
						<time>2026-10-09T18:07:25Z</time>
					</trkpt>
					<trkpt lat="37.891120" lon="22.816840">
						<ele>81</ele>
						<time>2026-10-09T18:07:34Z</time>
					</trkpt>
					<trkpt lat="37.891440" lon="22.816700">
						<ele>81</ele>
						<time>2026-10-09T18:07:40Z</time>
					</trkpt>
					<trkpt lat="37.892000" lon="22.816700">
						<ele>79</ele>
						<time>2026-10-09T18:07:50Z</time>
					</trkpt>
					<trkpt lat="37.892130" lon="22.816640">
						<ele>80</ele>
						<time>2026-10-09T18:07:52Z</time>
					</trkpt>
					<trkpt lat="37.892330" lon="22.816620">
						<ele>80</ele>
						<time>2026-10-09T18:07:56Z</time>
					</trkpt>
					<trkpt lat="37.892400" lon="22.816630">
						<ele>79</ele>
						<time>2026-10-09T18:07:57Z</time>
					</trkpt>
					<trkpt lat="37.892900" lon="22.816890">
						<ele>74</ele>
						<time>2026-10-09T18:08:06Z</time>
					</trkpt>
					<trkpt lat="37.893160" lon="22.816950">
						<ele>73</ele>
						<time>2026-10-09T18:08:11Z</time>
					</trkpt>
					<trkpt lat="37.893410" lon="22.816940">
						<ele>73</ele>
						<time>2026-10-09T18:08:16Z</time>
					</trkpt>
					<trkpt lat="37.893860" lon="22.816760">
						<ele>72</ele>
						<time>2026-10-09T18:08:24Z</time>
					</trkpt>
					<trkpt lat="37.894110" lon="22.816490">
						<ele>75</ele>
						<time>2026-10-09T18:08:30Z</time>
					</trkpt>
					<trkpt lat="37.894260" lon="22.816410">
						<ele>76</ele>
						<time>2026-10-09T18:08:33Z</time>
					</trkpt>
					<trkpt lat="37.894390" lon="22.816400">
						<ele>76</ele>
						<time>2026-10-09T18:08:35Z</time>
					</trkpt>
					<trkpt lat="37.894480" lon="22.816420">
						<ele>76</ele>
						<time>2026-10-09T18:08:37Z</time>
					</trkpt>
					<trkpt lat="37.894670" lon="22.816520">
						<ele>74</ele>
						<time>2026-10-09T18:08:40Z</time>
					</trkpt>
					<trkpt lat="37.894880" lon="22.816670">
						<ele>72</ele>
						<time>2026-10-09T18:08:45Z</time>
					</trkpt>
					<trkpt lat="37.895040" lon="22.816680">
						<ele>72</ele>
						<time>2026-10-09T18:08:47Z</time>
					</trkpt>
					<trkpt lat="37.895160" lon="22.816610">
						<ele>73</ele>
						<time>2026-10-09T18:08:50Z</time>
					</trkpt>
					<trkpt lat="37.895410" lon="22.816350">
						<ele>78</ele>
						<time>2026-10-09T18:08:56Z</time>
					</trkpt>
					<trkpt lat="37.895460" lon="22.816350">
						<ele>78</ele>
						<time>2026-10-09T18:08:56Z</time>
					</trkpt>
					<trkpt lat="37.895530" lon="22.816390">
						<ele>77</ele>
						<time>2026-10-09T18:08:58Z</time>
					</trkpt>
					<trkpt lat="37.895550" lon="22.816440">
						<ele>77</ele>
						<time>2026-10-09T18:08:59Z</time>
					</trkpt>
					<trkpt lat="37.895620" lon="22.816810">
						<ele>72</ele>
						<time>2026-10-09T18:09:04Z</time>
					</trkpt>
					<trkpt lat="37.895690" lon="22.816910">
						<ele>70</ele>
						<time>2026-10-09T18:09:06Z</time>
					</trkpt>
					<trkpt lat="37.895750" lon="22.816950">
						<ele>70</ele>
						<time>2026-10-09T18:09:07Z</time>
					</trkpt>
					<trkpt lat="37.895830" lon="22.816970">
						<ele>70</ele>
						<time>2026-10-09T18:09:08Z</time>
					</trkpt>
					<trkpt lat="37.896230" lon="22.816960">
						<ele>71</ele>
						<time>2026-10-09T18:09:16Z</time>
					</trkpt>
					<trkpt lat="37.896320" lon="22.816980">
						<ele>71</ele>
						<time>2026-10-09T18:09:17Z</time>
					</trkpt>
					<trkpt lat="37.897080" lon="22.817290">
						<ele>68</ele>
						<time>2026-10-09T18:09:31Z</time>
					</trkpt>
					<trkpt lat="37.897430" lon="22.817400">
						<ele>66</ele>
						<time>2026-10-09T18:09:38Z</time>
					</trkpt>
					<trkpt lat="37.898810" lon="22.817340">
						<ele>63</ele>
						<time>2026-10-09T18:10:02Z</time>
					</trkpt>
					<trkpt lat="37.899030" lon="22.817150">
						<ele>64</ele>
						<time>2026-10-09T18:10:07Z</time>
					</trkpt>
					<trkpt lat="37.899180" lon="22.817100">
						<ele>64</ele>
						<time>2026-10-09T18:10:10Z</time>
					</trkpt>
					<trkpt lat="37.899380" lon="22.817180">
						<ele>65</ele>
						<time>2026-10-09T18:10:14Z</time>
					</trkpt>
					<trkpt lat="37.899710" lon="22.817500">
						<ele>65</ele>
						<time>2026-10-09T18:10:21Z</time>
					</trkpt>
					<trkpt lat="37.899960" lon="22.817610">
						<ele>65</ele>
						<time>2026-10-09T18:10:26Z</time>
					</trkpt>
					<trkpt lat="37.900280" lon="22.817690">
						<ele>65</ele>
						<time>2026-10-09T18:10:32Z</time>
					</trkpt>
					<trkpt lat="37.900590" lon="22.817810">
						<ele>66</ele>
						<time>2026-10-09T18:10:37Z</time>
					</trkpt>
					<trkpt lat="37.900890" lon="22.817990">
						<ele>65</ele>
						<time>2026-10-09T18:10:43Z</time>
					</trkpt>
					<trkpt lat="37.901100" lon="22.818080">
						<ele>64</ele>
						<time>2026-10-09T18:10:47Z</time>
					</trkpt>
					<trkpt lat="37.901230" lon="22.818120">
						<ele>64</ele>
						<time>2026-10-09T18:10:50Z</time>
					</trkpt>
					<trkpt lat="37.901950" lon="22.818130">
						<ele>65</ele>
						<time>2026-10-09T18:11:02Z</time>
					</trkpt>
					<trkpt lat="37.902310" lon="22.818190">
						<ele>65</ele>
						<time>2026-10-09T18:11:09Z</time>
					</trkpt>
					<trkpt lat="37.902730" lon="22.818290">
						<ele>65</ele>
						<time>2026-10-09T18:11:16Z</time>
					</trkpt>
					<trkpt lat="37.903150" lon="22.818480">
						<ele>64</ele>
						<time>2026-10-09T18:11:24Z</time>
					</trkpt>
					<trkpt lat="37.903350" lon="22.818490">
						<ele>64</ele>
						<time>2026-10-09T18:11:28Z</time>
					</trkpt>
					<trkpt lat="37.903990" lon="22.818380">
						<ele>62</ele>
						<time>2026-10-09T18:11:39Z</time>
					</trkpt>
					<trkpt lat="37.905140" lon="22.818380">
						<ele>63</ele>
						<time>2026-10-09T18:12:00Z</time>
					</trkpt>
					<trkpt lat="37.905680" lon="22.818430">
						<ele>64</ele>
						<time>2026-10-09T18:12:10Z</time>
					</trkpt>
					<trkpt lat="37.906110" lon="22.818440">
						<ele>64</ele>
						<time>2026-10-09T18:12:17Z</time>
					</trkpt>
					<trkpt lat="37.906390" lon="22.818480">
						<ele>64</ele>
						<time>2026-10-09T18:12:22Z</time>
					</trkpt>
					<trkpt lat="37.906660" lon="22.818460">
						<ele>64</ele>
						<time>2026-10-09T18:12:27Z</time>
					</trkpt>
					<trkpt lat="37.907330" lon="22.818540">
						<ele>62</ele>
						<time>2026-10-09T18:12:39Z</time>
					</trkpt>
					<trkpt lat="37.907830" lon="22.818570">
						<ele>64</ele>
						<time>2026-10-09T18:12:48Z</time>
					</trkpt>
					<trkpt lat="37.908320" lon="22.818640">
						<ele>67</ele>
						<time>2026-10-09T18:12:57Z</time>
					</trkpt>
					<trkpt lat="37.908610" lon="22.818770">
						<ele>69</ele>
						<time>2026-10-09T18:13:02Z</time>
					</trkpt>
					<trkpt lat="37.908770" lon="22.818910">
						<ele>69</ele>
						<time>2026-10-09T18:13:06Z</time>
					</trkpt>
					<trkpt lat="37.909110" lon="22.819460">
						<ele>66</ele>
						<time>2026-10-09T18:13:15Z</time>
					</trkpt>
					<trkpt lat="37.909270" lon="22.819930">
						<ele>62</ele>
						<time>2026-10-09T18:13:23Z</time>
					</trkpt>
					<trkpt lat="37.909440" lon="22.820100">
						<ele>63</ele>
						<time>2026-10-09T18:13:26Z</time>
					</trkpt>
					<trkpt lat="37.909710" lon="22.820290">
						<ele>63</ele>
						<time>2026-10-09T18:13:32Z</time>
					</trkpt>
					<trkpt lat="37.909820" lon="22.820400">
						<ele>63</ele>
						<time>2026-10-09T18:13:34Z</time>
					</trkpt>
					<trkpt lat="37.909900" lon="22.820490">
						<ele>63</ele>
						<time>2026-10-09T18:13:36Z</time>
					</trkpt>
					<trkpt lat="37.910170" lon="22.820930">
						<ele>58</ele>
						<time>2026-10-09T18:13:44Z</time>
					</trkpt>
					<trkpt lat="37.910230" lon="22.820980">
						<ele>58</ele>
						<time>2026-10-09T18:13:45Z</time>
					</trkpt>
					<trkpt lat="37.910580" lon="22.821110">
						<ele>59</ele>
						<time>2026-10-09T18:13:52Z</time>
					</trkpt>
					<trkpt lat="37.910880" lon="22.821280">
						<ele>59</ele>
						<time>2026-10-09T18:13:58Z</time>
					</trkpt>
					<trkpt lat="37.911160" lon="22.821540">
						<ele>57</ele>
						<time>2026-10-09T18:14:04Z</time>
					</trkpt>
					<trkpt lat="37.911340" lon="22.821750">
						<ele>56</ele>
						<time>2026-10-09T18:14:08Z</time>
					</trkpt>
					<trkpt lat="37.911710" lon="22.822490">
						<ele>49</ele>
						<time>2026-10-09T18:14:21Z</time>
					</trkpt>
					<trkpt lat="37.912180" lon="22.822860">
						<ele>50</ele>
						<time>2026-10-09T18:14:30Z</time>
					</trkpt>
					<trkpt lat="37.913210" lon="22.823390">
						<ele>50</ele>
						<time>2026-10-09T18:14:50Z</time>
					</trkpt>
					<trkpt lat="37.914310" lon="22.823850">
						<ele>49</ele>
						<time>2026-10-09T18:15:11Z</time>
					</trkpt>
					<trkpt lat="37.915440" lon="22.824450">
						<ele>48</ele>
						<time>2026-10-09T18:15:33Z</time>
					</trkpt>
					<trkpt lat="37.915630" lon="22.824580">
						<ele>47</ele>
						<time>2026-10-09T18:15:36Z</time>
					</trkpt>
					<trkpt lat="37.916550" lon="22.825330">
						<ele>42</ele>
						<time>2026-10-09T18:15:56Z</time>
					</trkpt>
					<trkpt lat="37.916690" lon="22.825400">
						<ele>42</ele>
						<time>2026-10-09T18:15:59Z</time>
					</trkpt>
					<trkpt lat="37.916820" lon="22.825420">
						<ele>42</ele>
						<time>2026-10-09T18:16:01Z</time>
					</trkpt>
					<trkpt lat="37.917130" lon="22.825410">
						<ele>42</ele>
						<time>2026-10-09T18:16:06Z</time>
					</trkpt>
					<trkpt lat="37.917240" lon="22.825440">
						<ele>42</ele>
						<time>2026-10-09T18:16:08Z</time>
					</trkpt>
					<trkpt lat="37.917490" lon="22.825570">
						<ele>42</ele>
						<time>2026-10-09T18:16:13Z</time>
					</trkpt>
					<trkpt lat="37.918410" lon="22.826200">
						<ele>38</ele>
						<time>2026-10-09T18:16:32Z</time>
					</trkpt>
					<trkpt lat="37.918660" lon="22.826290">
						<ele>37</ele>
						<time>2026-10-09T18:16:36Z</time>
					</trkpt>
					<trkpt lat="37.918860" lon="22.826290">
						<ele>36</ele>
						<time>2026-10-09T18:16:40Z</time>
					</trkpt>
					<trkpt lat="37.919210" lon="22.826170">
						<ele>36</ele>
						<time>2026-10-09T18:16:46Z</time>
					</trkpt>
					<trkpt lat="37.919410" lon="22.826130">
						<ele>36</ele>
						<time>2026-10-09T18:16:50Z</time>
					</trkpt>
					<trkpt lat="37.919880" lon="22.826160">
						<ele>36</ele>
						<time>2026-10-09T18:16:58Z</time>
					</trkpt>
					<trkpt lat="37.920250" lon="22.826290">
						<ele>36</ele>
						<time>2026-10-09T18:17:05Z</time>
					</trkpt>
					<trkpt lat="37.920430" lon="22.826300">
						<ele>36</ele>
						<time>2026-10-09T18:17:08Z</time>
					</trkpt>
					<trkpt lat="37.920610" lon="22.826300">
						<ele>36</ele>
						<time>2026-10-09T18:17:12Z</time>
					</trkpt>
					<trkpt lat="37.921320" lon="22.826180">
						<ele>36</ele>
						<time>2026-10-09T18:17:24Z</time>
					</trkpt>
					<trkpt lat="37.921680" lon="22.826180">
						<ele>35</ele>
						<time>2026-10-09T18:17:31Z</time>
					</trkpt>
					<trkpt lat="37.921910" lon="22.826210">
						<ele>35</ele>
						<time>2026-10-09T18:17:35Z</time>
					</trkpt>
					<trkpt lat="37.922030" lon="22.826250">
						<ele>35</ele>
						<time>2026-10-09T18:17:37Z</time>
					</trkpt>
					<trkpt lat="37.922540" lon="22.826480">
						<ele>34</ele>
						<time>2026-10-09T18:17:47Z</time>
					</trkpt>
					<trkpt lat="37.923360" lon="22.826430">
						<ele>31</ele>
						<time>2026-10-09T18:18:01Z</time>
					</trkpt>
					<trkpt lat="37.923700" lon="22.826460">
						<ele>30</ele>
						<time>2026-10-09T18:18:07Z</time>
					</trkpt>
					<trkpt lat="37.924030" lon="22.826520">
						<ele>30</ele>
						<time>2026-10-09T18:18:13Z</time>
					</trkpt>
					<trkpt lat="37.924410" lon="22.826630">
						<ele>30</ele>
						<time>2026-10-09T18:18:20Z</time>
					</trkpt>
					<trkpt lat="37.925250" lon="22.826910">
						<ele>30</ele>
						<time>2026-10-09T18:18:36Z</time>
					</trkpt>
					<trkpt lat="37.925590" lon="22.827050">
						<ele>29</ele>
						<time>2026-10-09T18:18:42Z</time>
					</trkpt>
					<trkpt lat="37.926140" lon="22.827330">
						<ele>28</ele>
						<time>2026-10-09T18:18:53Z</time>
					</trkpt>
					<trkpt lat="37.926440" lon="22.827420">
						<ele>27</ele>
						<time>2026-10-09T18:18:58Z</time>
					</trkpt>
					<trkpt lat="37.926600" lon="22.827420">
						<ele>27</ele>
						<time>2026-10-09T18:19:01Z</time>
					</trkpt>
					<trkpt lat="37.926860" lon="22.827280">
						<ele>26</ele>
						<time>2026-10-09T18:19:06Z</time>
					</trkpt>
					<trkpt lat="37.926970" lon="22.827260">
						<ele>26</ele>
						<time>2026-10-09T18:19:08Z</time>
					</trkpt>
					<trkpt lat="37.927560" lon="22.827400">
						<ele>25</ele>
						<time>2026-10-09T18:19:19Z</time>
					</trkpt>
					<trkpt lat="37.928140" lon="22.827430">
						<ele>26</ele>
						<time>2026-10-09T18:19:29Z</time>
					</trkpt>
					<trkpt lat="37.928440" lon="22.827400">
						<ele>26</ele>
						<time>2026-10-09T18:19:34Z</time>
					</trkpt>
					<trkpt lat="37.928600" lon="22.827440">
						<ele>25</ele>
						<time>2026-10-09T18:19:37Z</time>
					</trkpt>
					<trkpt lat="37.928720" lon="22.827430">
						<ele>25</ele>
						<time>2026-10-09T18:19:39Z</time>
					</trkpt>
					<trkpt lat="37.929220" lon="22.827480">
						<ele>24</ele>
						<time>2026-10-09T18:19:48Z</time>
					</trkpt>
					<trkpt lat="37.929470" lon="22.827470">
						<ele>24</ele>
						<time>2026-10-09T18:19:53Z</time>
					</trkpt>
					<trkpt lat="37.930000" lon="22.827390">
						<ele>23</ele>
						<time>2026-10-09T18:20:02Z</time>
					</trkpt>
					<trkpt lat="37.931350" lon="22.827380">
						<ele>23</ele>
						<time>2026-10-09T18:20:26Z</time>
					</trkpt>
					<trkpt lat="37.931890" lon="22.827410">
						<ele>23</ele>
						<time>2026-10-09T18:20:36Z</time>
					</trkpt>
					<trkpt lat="37.932240" lon="22.826880">
						<ele>22</ele>
						<time>2026-10-09T18:20:46Z</time>
					</trkpt>
					<trkpt lat="37.932510" lon="22.826580">
						<ele>22</ele>
						<time>2026-10-09T18:20:52Z</time>
					</trkpt>
					<trkpt lat="37.932810" lon="22.826300">
						<ele>22</ele>
						<time>2026-10-09T18:20:59Z</time>
					</trkpt>
					<trkpt lat="37.933300" lon="22.825740">
						<ele>21</ele>
						<time>2026-10-09T18:21:10Z</time>
					</trkpt>
					<trkpt lat="37.933510" lon="22.825400">
						<ele>21</ele>
						<time>2026-10-09T18:21:16Z</time>
					</trkpt>
					<trkpt lat="37.933770" lon="22.825040">
						<ele>22</ele>
						<time>2026-10-09T18:21:23Z</time>
					</trkpt>
					<trkpt lat="37.934150" lon="22.824570">
						<ele>21</ele>
						<time>2026-10-09T18:21:33Z</time>
					</trkpt>
					<trkpt lat="37.934870" lon="22.823870">
						<ele>20</ele>
						<time>2026-10-09T18:21:49Z</time>
					</trkpt>
					<trkpt lat="37.935420" lon="22.823160">
						<ele>21</ele>
						<time>2026-10-09T18:22:03Z</time>
					</trkpt>
					<trkpt lat="37.935560" lon="22.823010">
						<ele>21</ele>
						<time>2026-10-09T18:22:06Z</time>
					</trkpt>
					<trkpt lat="37.935720" lon="22.822890">
						<ele>20</ele>
						<time>2026-10-09T18:22:09Z</time>
					</trkpt>
					<trkpt lat="37.935980" lon="22.823150">
						<ele>21</ele>
						<time>2026-10-09T18:22:15Z</time>
					</trkpt>
					<trkpt lat="37.936150" lon="22.823260">
						<ele>21</ele>
						<time>2026-10-09T18:22:19Z</time>
					</trkpt>
					<trkpt lat="37.936820" lon="22.823660">
						<ele>20</ele>
						<time>2026-10-09T18:22:32Z</time>
					</trkpt>
					<trkpt lat="37.937300" lon="22.823880">
						<ele>20</ele>
						<time>2026-10-09T18:22:41Z</time>
					</trkpt>
					<trkpt lat="37.938860" lon="22.824510">
						<ele>19</ele>
						<time>2026-10-09T18:23:10Z</time>
					</trkpt>
					<trkpt lat="37.940020" lon="22.824810">
						<ele>15</ele>
						<time>2026-10-09T18:23:31Z</time>
					</trkpt>
					<trkpt lat="37.941540" lon="22.825320">
						<ele>15</ele>
						<time>2026-10-09T18:23:59Z</time>
					</trkpt>
					<trkpt lat="37.942010" lon="22.825510">
						<ele>15</ele>
						<time>2026-10-09T18:24:08Z</time>
					</trkpt>
					<trkpt lat="37.942820" lon="22.823470">
						<ele>14</ele>
						<time>2026-10-09T18:24:40Z</time>
					</trkpt>
					<trkpt lat="37.944030" lon="22.821090">
						<ele>14</ele>
						<time>2026-10-09T18:25:20Z</time>
					</trkpt>
					<trkpt lat="37.944810" lon="22.819660">
						<ele>13</ele>
						<time>2026-10-09T18:25:44Z</time>
					</trkpt>
					<trkpt lat="37.947550" lon="22.815230">
						<ele>15</ele>
						<time>2026-10-09T18:27:03Z</time>
					</trkpt>
					<trkpt lat="37.948200" lon="22.814120">
						<ele>13</ele>
						<time>2026-10-09T18:27:23Z</time>
					</trkpt>
					<trkpt lat="37.949850" lon="22.811410">
						<ele>16</ele>
						<time>2026-10-09T18:28:11Z</time>
					</trkpt>
					<trkpt lat="37.951440" lon="22.808910">
						<ele>13</ele>
						<time>2026-10-09T18:28:56Z</time>
					</trkpt>
					<trkpt lat="37.951710" lon="22.808450">
						<ele>14</ele>
						<time>2026-10-09T18:29:04Z</time>
					</trkpt>
					<trkpt lat="37.952940" lon="22.806550">
						<ele>15</ele>
						<time>2026-10-09T18:29:38Z</time>
					</trkpt>
					<trkpt lat="37.953790" lon="22.805130">
						<ele>16</ele>
						<time>2026-10-09T18:30:03Z</time>
					</trkpt>
					<trkpt lat="37.954750" lon="22.803650">
						<ele>14</ele>
						<time>2026-10-09T18:30:30Z</time>
					</trkpt>
					<trkpt lat="37.955010" lon="22.803150">
						<ele>14</ele>
						<time>2026-10-09T18:30:38Z</time>
					</trkpt>
					<trkpt lat="37.955210" lon="22.802860">
						<ele>14</ele>
						<time>2026-10-09T18:30:44Z</time>
					</trkpt>
					<trkpt lat="37.955650" lon="22.802360">
						<ele>15</ele>
						<time>2026-10-09T18:30:54Z</time>
					</trkpt>
					<trkpt lat="37.955780" lon="22.802130">
						<ele>15</ele>
						<time>2026-10-09T18:30:58Z</time>
					</trkpt>
					<trkpt lat="37.956080" lon="22.801570">
						<ele>14</ele>
						<time>2026-10-09T18:31:08Z</time>
					</trkpt>
					<trkpt lat="37.956710" lon="22.800230">
						<ele>14</ele>
						<time>2026-10-09T18:31:30Z</time>
					</trkpt>
					<trkpt lat="37.959210" lon="22.795180">
						<ele>12</ele>
						<time>2026-10-09T18:32:53Z</time>
					</trkpt>
					<trkpt lat="37.959910" lon="22.793680">
						<ele>12</ele>
						<time>2026-10-09T18:33:18Z</time>
					</trkpt>
					<trkpt lat="37.960720" lon="22.792090">
						<ele>11</ele>
						<time>2026-10-09T18:33:44Z</time>
					</trkpt>
					<trkpt lat="37.961280" lon="22.790930">
						<ele>14</ele>
						<time>2026-10-09T18:34:03Z</time>
					</trkpt>
					<trkpt lat="37.961520" lon="22.790490">
						<ele>13</ele>
						<time>2026-10-09T18:34:11Z</time>
					</trkpt>
					<trkpt lat="37.961760" lon="22.790150">
						<ele>13</ele>
						<time>2026-10-09T18:34:17Z</time>
					</trkpt>
					<trkpt lat="37.962090" lon="22.789770">
						<ele>12</ele>
						<time>2026-10-09T18:34:25Z</time>
					</trkpt>
					<trkpt lat="37.964110" lon="22.787600">
						<ele>14</ele>
						<time>2026-10-09T18:35:12Z</time>
					</trkpt>
					<trkpt lat="37.967060" lon="22.784350">
						<ele>12</ele>
						<time>2026-10-09T18:36:22Z</time>
					</trkpt>
					<trkpt lat="37.969820" lon="22.781370">
						<ele>12</ele>
						<time>2026-10-09T18:37:26Z</time>
					</trkpt>
					<trkpt lat="37.970480" lon="22.780460">
						<ele>12</ele>
						<time>2026-10-09T18:37:44Z</time>
					</trkpt>
					<trkpt lat="37.970900" lon="22.779750">
						<ele>11</ele>
						<time>2026-10-09T18:37:56Z</time>
					</trkpt>
					<trkpt lat="37.971700" lon="22.778520">
						<ele>11</ele>
						<time>2026-10-09T18:38:19Z</time>
					</trkpt>
					<trkpt lat="37.972660" lon="22.776610">
						<ele>11</ele>
						<time>2026-10-09T18:38:50Z</time>
					</trkpt>
					<trkpt lat="37.973010" lon="22.776110">
						<ele>11</ele>
						<time>2026-10-09T18:39:00Z</time>
					</trkpt>
					<trkpt lat="37.973760" lon="22.775130">
						<ele>12</ele>
						<time>2026-10-09T18:39:19Z</time>
					</trkpt>
					<trkpt lat="37.974160" lon="22.774550">
						<ele>13</ele>
						<time>2026-10-09T18:39:30Z</time>
					</trkpt>
					<trkpt lat="37.974490" lon="22.774120">
						<ele>13</ele>
						<time>2026-10-09T18:39:38Z</time>
					</trkpt>
					<trkpt lat="37.975000" lon="22.773520">
						<ele>14</ele>
						<time>2026-10-09T18:39:50Z</time>
					</trkpt>
					<trkpt lat="37.975920" lon="22.772620">
						<ele>14</ele>
						<time>2026-10-09T18:40:11Z</time>
					</trkpt>
					<trkpt lat="37.976910" lon="22.771570">
						<ele>15</ele>
						<time>2026-10-09T18:40:34Z</time>
					</trkpt>
					<trkpt lat="37.977260" lon="22.771270">
						<ele>15</ele>
						<time>2026-10-09T18:40:42Z</time>
					</trkpt>
					<trkpt lat="37.978210" lon="22.770590">
						<ele>14</ele>
						<time>2026-10-09T18:41:01Z</time>
					</trkpt>
					<trkpt lat="37.979350" lon="22.769850">
						<ele>16</ele>
						<time>2026-10-09T18:41:24Z</time>
					</trkpt>
					<trkpt lat="37.980260" lon="22.769210">
						<ele>14</ele>
						<time>2026-10-09T18:41:42Z</time>
					</trkpt>
					<trkpt lat="37.980870" lon="22.768720">
						<ele>14</ele>
						<time>2026-10-09T18:41:55Z</time>
					</trkpt>
					<trkpt lat="37.983180" lon="22.766730">
						<ele>16</ele>
						<time>2026-10-09T18:42:45Z</time>
					</trkpt>
					<trkpt lat="37.983710" lon="22.766310">
						<ele>16</ele>
						<time>2026-10-09T18:42:56Z</time>
					</trkpt>
					<trkpt lat="37.983960" lon="22.766160">
						<ele>16</ele>
						<time>2026-10-09T18:43:01Z</time>
					</trkpt>
					<trkpt lat="37.984110" lon="22.766020">
						<ele>16</ele>
						<time>2026-10-09T18:43:04Z</time>
					</trkpt>
					<trkpt lat="37.984380" lon="22.766060">
						<ele>15</ele>
						<time>2026-10-09T18:43:09Z</time>
					</trkpt>
					<trkpt lat="37.984860" lon="22.766190">
						<ele>14</ele>
						<time>2026-10-09T18:43:18Z</time>
					</trkpt>
					<trkpt lat="37.985600" lon="22.766430">
						<ele>13</ele>
						<time>2026-10-09T18:43:31Z</time>
					</trkpt>
					<trkpt lat="37.987630" lon="22.766980">
						<ele>12</ele>
						<time>2026-10-09T18:44:08Z</time>
					</trkpt>
					<trkpt lat="37.988090" lon="22.766940">
						<ele>10</ele>
						<time>2026-10-09T18:44:17Z</time>
					</trkpt>
					<trkpt lat="37.988880" lon="22.766800">
						<ele>8</ele>
						<time>2026-10-09T18:44:31Z</time>
					</trkpt>
					<trkpt lat="37.989090" lon="22.766730">
						<ele>7</ele>
						<time>2026-10-09T18:44:35Z</time>
					</trkpt>
					<trkpt lat="37.989220" lon="22.766650">
						<ele>7</ele>
						<time>2026-10-09T18:44:37Z</time>
					</trkpt>
					<trkpt lat="37.990590" lon="22.765310">
						<ele>12</ele>
						<time>2026-10-09T18:45:08Z</time>
					</trkpt>
					<trkpt lat="37.990770" lon="22.765190">
						<ele>13</ele>
						<time>2026-10-09T18:45:12Z</time>
					</trkpt>
					<trkpt lat="37.990940" lon="22.765140">
						<ele>13</ele>
						<time>2026-10-09T18:45:15Z</time>
					</trkpt>
					<trkpt lat="37.991020" lon="22.765140">
						<ele>13</ele>
						<time>2026-10-09T18:45:16Z</time>
					</trkpt>
					<trkpt lat="37.991950" lon="22.765350">
						<ele>11</ele>
						<time>2026-10-09T18:45:33Z</time>
					</trkpt>
					<trkpt lat="37.992390" lon="22.765310">
						<ele>11</ele>
						<time>2026-10-09T18:45:41Z</time>
					</trkpt>
					<trkpt lat="37.992640" lon="22.765250">
						<ele>11</ele>
						<time>2026-10-09T18:45:45Z</time>
					</trkpt>
					<trkpt lat="37.993340" lon="22.765050">
						<ele>12</ele>
						<time>2026-10-09T18:45:58Z</time>
					</trkpt>
					<trkpt lat="37.993830" lon="22.764880">
						<ele>12</ele>
						<time>2026-10-09T18:46:07Z</time>
					</trkpt>
					<trkpt lat="37.994160" lon="22.764710">
						<ele>12</ele>
						<time>2026-10-09T18:46:13Z</time>
					</trkpt>
					<trkpt lat="37.994780" lon="22.764330">
						<ele>12</ele>
						<time>2026-10-09T18:46:26Z</time>
					</trkpt>
					<trkpt lat="37.995280" lon="22.764070">
						<ele>12</ele>
						<time>2026-10-09T18:46:35Z</time>
					</trkpt>
					<trkpt lat="37.995930" lon="22.763880">
						<ele>13</ele>
						<time>2026-10-09T18:46:47Z</time>
					</trkpt>
					<trkpt lat="37.996280" lon="22.763810">
						<ele>12</ele>
						<time>2026-10-09T18:46:53Z</time>
					</trkpt>
					<trkpt lat="37.996490" lon="22.763790">
						<ele>12</ele>
						<time>2026-10-09T18:46:57Z</time>
					</trkpt>
					<trkpt lat="37.997160" lon="22.763790">
						<ele>11</ele>
						<time>2026-10-09T18:47:09Z</time>
					</trkpt>
					<trkpt lat="37.997320" lon="22.763760">
						<ele>11</ele>
						<time>2026-10-09T18:47:12Z</time>
					</trkpt>
					<trkpt lat="37.997480" lon="22.763690">
						<ele>11</ele>
						<time>2026-10-09T18:47:15Z</time>
					</trkpt>
					<trkpt lat="37.998110" lon="22.763180">
						<ele>11</ele>
						<time>2026-10-09T18:47:28Z</time>
					</trkpt>
					<trkpt lat="37.998240" lon="22.763100">
						<ele>10</ele>
						<time>2026-10-09T18:47:31Z</time>
					</trkpt>
					<trkpt lat="37.998410" lon="22.763070">
						<ele>10</ele>
						<time>2026-10-09T18:47:34Z</time>
					</trkpt>
					<trkpt lat="37.999580" lon="22.763070">
						<ele>9</ele>
						<time>2026-10-09T18:47:55Z</time>
					</trkpt>
					<trkpt lat="37.999930" lon="22.763100">
						<ele>9</ele>
						<time>2026-10-09T18:48:01Z</time>
					</trkpt>
					<trkpt lat="38.000130" lon="22.763160">
						<ele>9</ele>
						<time>2026-10-09T18:48:05Z</time>
					</trkpt>
					<trkpt lat="38.000240" lon="22.763230">
						<ele>9</ele>
						<time>2026-10-09T18:48:07Z</time>
					</trkpt>
					<trkpt lat="38.000360" lon="22.763350">
						<ele>9</ele>
						<time>2026-10-09T18:48:10Z</time>
					</trkpt>
					<trkpt lat="38.001040" lon="22.764170">
						<ele>6</ele>
						<time>2026-10-09T18:48:26Z</time>
					</trkpt>
					<trkpt lat="38.001580" lon="22.764750">
						<ele>6</ele>
						<time>2026-10-09T18:48:39Z</time>
					</trkpt>
					<trkpt lat="38.002060" lon="22.765100">
						<ele>5</ele>
						<time>2026-10-09T18:48:49Z</time>
					</trkpt>
					<trkpt lat="38.002290" lon="22.765140">
						<ele>5</ele>
						<time>2026-10-09T18:48:53Z</time>
					</trkpt>
					<trkpt lat="38.002510" lon="22.765090">
						<ele>4</ele>
						<time>2026-10-09T18:48:57Z</time>
					</trkpt>
					<trkpt lat="38.002760" lon="22.764870">
						<ele>3</ele>
						<time>2026-10-09T18:49:02Z</time>
					</trkpt>
					<trkpt lat="38.002970" lon="22.764520">
						<ele>2</ele>
						<time>2026-10-09T18:49:08Z</time>
					</trkpt>
					<trkpt lat="38.003790" lon="22.762850">
						<ele>2</ele>
						<time>2026-10-09T18:49:36Z</time>
					</trkpt>
					<trkpt lat="38.005050" lon="22.760180">
						<ele>4</ele>
						<time>2026-10-09T18:50:20Z</time>
					</trkpt>
					<trkpt lat="38.005250" lon="22.759790">
						<ele>5</ele>
						<time>2026-10-09T18:50:26Z</time>
					</trkpt>
					<trkpt lat="38.005930" lon="22.758630">
						<ele>5</ele>
						<time>2026-10-09T18:50:46Z</time>
					</trkpt>
					<trkpt lat="38.007000" lon="22.756580">
						<ele>6</ele>
						<time>2026-10-09T18:51:21Z</time>
					</trkpt>
					<trkpt lat="38.007640" lon="22.755890">
						<ele>5</ele>
						<time>2026-10-09T18:51:36Z</time>
					</trkpt>
					<trkpt lat="38.009350" lon="22.753410">
						<ele>7</ele>
						<time>2026-10-09T18:52:22Z</time>
					</trkpt>
					<trkpt lat="38.009370" lon="22.753390">
						<ele>7</ele>
						<time>2026-10-09T18:52:22Z</time>
					</trkpt>
					<trkpt lat="38.009390" lon="22.753410">
						<ele>7</ele>
						<time>2026-10-09T18:52:23Z</time>
					</trkpt>
					<trkpt lat="38.009610" lon="22.753150">
						<ele>7</ele>
						<time>2026-10-09T18:52:28Z</time>
					</trkpt>
					<trkpt lat="38.011170" lon="22.751550">
						<ele>7</ele>
						<time>2026-10-09T18:53:04Z</time>
					</trkpt>
					<trkpt lat="38.013200" lon="22.749570">
						<ele>7</ele>
						<time>2026-10-09T18:53:49Z</time>
					</trkpt>
					<trkpt lat="38.013470" lon="22.749250">
						<ele>8</ele>
						<time>2026-10-09T18:53:56Z</time>
					</trkpt>
					<trkpt lat="38.013930" lon="22.748790">
						<ele>7</ele>
						<time>2026-10-09T18:54:06Z</time>
					</trkpt>
					<trkpt lat="38.014440" lon="22.748230">
						<ele>6</ele>
						<time>2026-10-09T18:54:18Z</time>
					</trkpt>
					<trkpt lat="38.013950" lon="22.747730">
						<ele>8</ele>
						<time>2026-10-09T18:54:30Z</time>
					</trkpt>
					<trkpt lat="38.014090" lon="22.747310">
						<ele>8</ele>
						<time>2026-10-09T18:54:36Z</time>
					</trkpt>
					<trkpt lat="38.016040" lon="22.743790">
						<ele>6</ele>
						<time>2026-10-09T18:55:36Z</time>
					</trkpt>
					<trkpt lat="38.016710" lon="22.742530">
						<ele>8</ele>
						<time>2026-10-09T18:55:58Z</time>
					</trkpt>
					<trkpt lat="38.017400" lon="22.741320">
						<ele>9</ele>
						<time>2026-10-09T18:56:19Z</time>
					</trkpt>
					<trkpt lat="38.017680" lon="22.740860">
						<ele>8</ele>
						<time>2026-10-09T18:56:27Z</time>
					</trkpt>
					<trkpt lat="38.018040" lon="22.740350">
						<ele>6</ele>
						<time>2026-10-09T18:56:36Z</time>
					</trkpt>
					<trkpt lat="38.018060" lon="22.740370">
						<ele>6</ele>
						<time>2026-10-09T18:56:37Z</time>
					</trkpt>
					<trkpt lat="38.018120" lon="22.740290">
						<ele>6</ele>
						<time>2026-10-09T18:56:38Z</time>
					</trkpt>
					<trkpt lat="38.018350" lon="22.739950">
						<ele>5</ele>
						<time>2026-10-09T18:56:45Z</time>
					</trkpt>
					<trkpt lat="38.018920" lon="22.739050">
						<ele>5</ele>
						<time>2026-10-09T18:57:01Z</time>
					</trkpt>
					<trkpt lat="38.019320" lon="22.738540">
						<ele>6</ele>
						<time>2026-10-09T18:57:11Z</time>
					</trkpt>
					<trkpt lat="38.019730" lon="22.738100">
						<ele>7</ele>
						<time>2026-10-09T18:57:20Z</time>
					</trkpt>
					<trkpt lat="38.020300" lon="22.737540">
						<ele>8</ele>
						<time>2026-10-09T18:57:33Z</time>
					</trkpt>
					<trkpt lat="38.020600" lon="22.737280">
						<ele>7</ele>
						<time>2026-10-09T18:57:40Z</time>
					</trkpt>
					<trkpt lat="38.021030" lon="22.736960">
						<ele>7</ele>
						<time>2026-10-09T18:57:49Z</time>
					</trkpt>
					<trkpt lat="38.021590" lon="22.736470">
						<ele>7</ele>
						<time>2026-10-09T18:58:01Z</time>
					</trkpt>
					<trkpt lat="38.022660" lon="22.735510">
						<ele>6</ele>
						<time>2026-10-09T18:58:24Z</time>
					</trkpt>
					<trkpt lat="38.023290" lon="22.734880">
						<ele>7</ele>
						<time>2026-10-09T18:58:38Z</time>
					</trkpt>
					<trkpt lat="38.026210" lon="22.732290">
						<ele>5</ele>
						<time>2026-10-09T18:59:42Z</time>
					</trkpt>
					<trkpt lat="38.026570" lon="22.732050">
						<ele>5</ele>
						<time>2026-10-09T18:59:49Z</time>
					</trkpt>
					<trkpt lat="38.026550" lon="22.732010">
						<ele>6</ele>
						<time>2026-10-09T18:59:50Z</time>
					</trkpt>
					<trkpt lat="38.029020" lon="22.730130">
						<ele>4</ele>
						<time>2026-10-09T19:00:41Z</time>
					</trkpt>
					<trkpt lat="38.029460" lon="22.729870">
						<ele>5</ele>
						<time>2026-10-09T19:00:49Z</time>
					</trkpt>
					<trkpt lat="38.030500" lon="22.729420">
						<ele>6</ele>
						<time>2026-10-09T19:01:09Z</time>
					</trkpt>
					<trkpt lat="38.031740" lon="22.728510">
						<ele>4</ele>
						<time>2026-10-09T19:01:35Z</time>
					</trkpt>
					<trkpt lat="38.033250" lon="22.727320">
						<ele>4</ele>
						<time>2026-10-09T19:02:06Z</time>
					</trkpt>
					<trkpt lat="38.035000" lon="22.725410">
						<ele>5</ele>
						<time>2026-10-09T19:02:47Z</time>
					</trkpt>
					<trkpt lat="38.035140" lon="22.725210">
						<ele>5</ele>
						<time>2026-10-09T19:02:51Z</time>
					</trkpt>
					<trkpt lat="38.035220" lon="22.725010">
						<ele>5</ele>
						<time>2026-10-09T19:02:54Z</time>
					</trkpt>
					<trkpt lat="38.035230" lon="22.724670">
						<ele>5</ele>
						<time>2026-10-09T19:02:59Z</time>
					</trkpt>
					<trkpt lat="38.035180" lon="22.724330">
						<ele>5</ele>
						<time>2026-10-09T19:03:04Z</time>
					</trkpt>
					<trkpt lat="38.034800" lon="22.722880">
						<ele>7</ele>
						<time>2026-10-09T19:03:25Z</time>
					</trkpt>
					<trkpt lat="38.034790" lon="22.722730">
						<ele>8</ele>
						<time>2026-10-09T19:03:27Z</time>
					</trkpt>
					<trkpt lat="38.034830" lon="22.722550">
						<ele>8</ele>
						<time>2026-10-09T19:03:30Z</time>
					</trkpt>
					<trkpt lat="38.034930" lon="22.722300">
						<ele>7</ele>
						<time>2026-10-09T19:03:34Z</time>
					</trkpt>
					<trkpt lat="38.035570" lon="22.720970">
						<ele>6</ele>
						<time>2026-10-09T19:03:56Z</time>
					</trkpt>
					<trkpt lat="38.035780" lon="22.720590">
						<ele>7</ele>
						<time>2026-10-09T19:04:02Z</time>
					</trkpt>
					<trkpt lat="38.036220" lon="22.719880">
						<ele>6</ele>
						<time>2026-10-09T19:04:15Z</time>
					</trkpt>
					<trkpt lat="38.036910" lon="22.718990">
						<ele>3</ele>
						<time>2026-10-09T19:04:32Z</time>
					</trkpt>
					<trkpt lat="38.037100" lon="22.718630">
						<ele>3</ele>
						<time>2026-10-09T19:04:38Z</time>
					</trkpt>
					<trkpt lat="38.037440" lon="22.717700">
						<ele>3</ele>
						<time>2026-10-09T19:04:53Z</time>
					</trkpt>
					<trkpt lat="38.037570" lon="22.717210">
						<ele>3</ele>
						<time>2026-10-09T19:05:00Z</time>
					</trkpt>
					<trkpt lat="38.037910" lon="22.715550">
						<ele>3</ele>
						<time>2026-10-09T19:05:24Z</time>
					</trkpt>
					<trkpt lat="38.038010" lon="22.715120">
						<ele>3</ele>
						<time>2026-10-09T19:05:30Z</time>
					</trkpt>
					<trkpt lat="38.038220" lon="22.714400">
						<ele>3</ele>
						<time>2026-10-09T19:05:41Z</time>
					</trkpt>
					<trkpt lat="38.038920" lon="22.712550">
						<ele>4</ele>
						<time>2026-10-09T19:06:10Z</time>
					</trkpt>
					<trkpt lat="38.039420" lon="22.711670">
						<ele>5</ele>
						<time>2026-10-09T19:06:25Z</time>
					</trkpt>
					<trkpt lat="38.039730" lon="22.711070">
						<ele>5</ele>
						<time>2026-10-09T19:06:35Z</time>
					</trkpt>
					<trkpt lat="38.040090" lon="22.710170">
						<ele>5</ele>
						<time>2026-10-09T19:06:49Z</time>
					</trkpt>
					<trkpt lat="38.040520" lon="22.708700">
						<ele>4</ele>
						<time>2026-10-09T19:07:11Z</time>
					</trkpt>
					<trkpt lat="38.040720" lon="22.708120">
						<ele>4</ele>
						<time>2026-10-09T19:07:20Z</time>
					</trkpt>
					<trkpt lat="38.040970" lon="22.707630">
						<ele>5</ele>
						<time>2026-10-09T19:07:28Z</time>
					</trkpt>
					<trkpt lat="38.041300" lon="22.707070">
						<ele>5</ele>
						<time>2026-10-09T19:07:38Z</time>
					</trkpt>
					<trkpt lat="38.041660" lon="22.706490">
						<ele>6</ele>
						<time>2026-10-09T19:07:48Z</time>
					</trkpt>
					<trkpt lat="38.042050" lon="22.705920">
						<ele>5</ele>
						<time>2026-10-09T19:07:59Z</time>
					</trkpt>
					<trkpt lat="38.042580" lon="22.704990">
						<ele>4</ele>
						<time>2026-10-09T19:08:15Z</time>
					</trkpt>
					<trkpt lat="38.042880" lon="22.704280">
						<ele>7</ele>
						<time>2026-10-09T19:08:26Z</time>
					</trkpt>
					<trkpt lat="38.043490" lon="22.703030">
						<ele>6</ele>
						<time>2026-10-09T19:08:47Z</time>
					</trkpt>
					<trkpt lat="38.044870" lon="22.700240">
						<ele>7</ele>
						<time>2026-10-09T19:09:33Z</time>
					</trkpt>
					<trkpt lat="38.045860" lon="22.698390">
						<ele>4</ele>
						<time>2026-10-09T19:10:04Z</time>
					</trkpt>
					<trkpt lat="38.046260" lon="22.697490">
						<ele>4</ele>
						<time>2026-10-09T19:10:19Z</time>
					</trkpt>
					<trkpt lat="38.047300" lon="22.694960">
						<ele>10</ele>
						<time>2026-10-09T19:10:59Z</time>
					</trkpt>
					<trkpt lat="38.047760" lon="22.693910">
						<ele>5</ele>
						<time>2026-10-09T19:11:16Z</time>
					</trkpt>
					<trkpt lat="38.048660" lon="22.691080">
						<ele>7</ele>
						<time>2026-10-09T19:11:59Z</time>
					</trkpt>
					<trkpt lat="38.049230" lon="22.689450">
						<ele>9</ele>
						<time>2026-10-09T19:12:24Z</time>
					</trkpt>
					<trkpt lat="38.049350" lon="22.688790">
						<ele>8</ele>
						<time>2026-10-09T19:12:33Z</time>
					</trkpt>
					<trkpt lat="38.049400" lon="22.688100">
						<ele>7</ele>
						<time>2026-10-09T19:12:43Z</time>
					</trkpt>
					<trkpt lat="38.049440" lon="22.687870">
						<ele>7</ele>
						<time>2026-10-09T19:12:46Z</time>
					</trkpt>
					<trkpt lat="38.049570" lon="22.687320">
						<ele>8</ele>
						<time>2026-10-09T19:12:54Z</time>
					</trkpt>
					<trkpt lat="38.049690" lon="22.687040">
						<ele>8</ele>
						<time>2026-10-09T19:12:59Z</time>
					</trkpt>
					<trkpt lat="38.051090" lon="22.684630">
						<ele>8</ele>
						<time>2026-10-09T19:13:41Z</time>
					</trkpt>
					<trkpt lat="38.052310" lon="22.682380">
						<ele>7</ele>
						<time>2026-10-09T19:14:19Z</time>
					</trkpt>
					<trkpt lat="38.053460" lon="22.680600">
						<ele>5</ele>
						<time>2026-10-09T19:14:51Z</time>
					</trkpt>
					<trkpt lat="38.055600" lon="22.677040">
						<ele>3</ele>
						<time>2026-10-09T19:15:54Z</time>
					</trkpt>
					<trkpt lat="38.055770" lon="22.676660">
						<ele>3</ele>
						<time>2026-10-09T19:16:00Z</time>
					</trkpt>
					<trkpt lat="38.056590" lon="22.673750">
						<ele>2</ele>
						<time>2026-10-09T19:16:43Z</time>
					</trkpt>
					<trkpt lat="38.056810" lon="22.673250">
						<ele>3</ele>
						<time>2026-10-09T19:16:51Z</time>
					</trkpt>
					<trkpt lat="38.058210" lon="22.670500">
						<ele>3</ele>
						<time>2026-10-09T19:17:37Z</time>
					</trkpt>
					<trkpt lat="38.058710" lon="22.669420">
						<ele>4</ele>
						<time>2026-10-09T19:17:55Z</time>
					</trkpt>
					<trkpt lat="38.059330" lon="22.667710">
						<ele>1</ele>
						<time>2026-10-09T19:18:21Z</time>
					</trkpt>
					<trkpt lat="38.059520" lon="22.667130">
						<ele>2</ele>
						<time>2026-10-09T19:18:30Z</time>
					</trkpt>
					<trkpt lat="38.059600" lon="22.666750">
						<ele>1</ele>
						<time>2026-10-09T19:18:35Z</time>
					</trkpt>
					<trkpt lat="38.059590" lon="22.666280">
						<ele>1</ele>
						<time>2026-10-09T19:18:42Z</time>
					</trkpt>
					<trkpt lat="38.059520" lon="22.665640">
						<ele>2</ele>
						<time>2026-10-09T19:18:51Z</time>
					</trkpt>
					<trkpt lat="38.059190" lon="22.664290">
						<ele>5</ele>
						<time>2026-10-09T19:19:11Z</time>
					</trkpt>
					<trkpt lat="38.059190" lon="22.663950">
						<ele>5</ele>
						<time>2026-10-09T19:19:16Z</time>
					</trkpt>
					<trkpt lat="38.059240" lon="22.663790">
						<ele>5</ele>
						<time>2026-10-09T19:19:18Z</time>
					</trkpt>
					<trkpt lat="38.059380" lon="22.663500">
						<ele>5</ele>
						<time>2026-10-09T19:19:23Z</time>
					</trkpt>
					<trkpt lat="38.059560" lon="22.663280">
						<ele>4</ele>
						<time>2026-10-09T19:19:27Z</time>
					</trkpt>
					<trkpt lat="38.060220" lon="22.662580">
						<ele>2</ele>
						<time>2026-10-09T19:19:42Z</time>
					</trkpt>
					<trkpt lat="38.060340" lon="22.662390">
						<ele>2</ele>
						<time>2026-10-09T19:19:46Z</time>
					</trkpt>
					<trkpt lat="38.060520" lon="22.661960">
						<ele>2</ele>
						<time>2026-10-09T19:19:53Z</time>
					</trkpt>
					<trkpt lat="38.060800" lon="22.661130">
						<ele>2</ele>
						<time>2026-10-09T19:20:05Z</time>
					</trkpt>
					<trkpt lat="38.060960" lon="22.660790">
						<ele>2</ele>
						<time>2026-10-09T19:20:11Z</time>
					</trkpt>
					<trkpt lat="38.061080" lon="22.660620">
						<ele>2</ele>
						<time>2026-10-09T19:20:14Z</time>
					</trkpt>
					<trkpt lat="38.061450" lon="22.660180">
						<ele>2</ele>
						<time>2026-10-09T19:20:23Z</time>
					</trkpt>
					<trkpt lat="38.062780" lon="22.658940">
						<ele>3</ele>
						<time>2026-10-09T19:20:52Z</time>
					</trkpt>
					<trkpt lat="38.063520" lon="22.658430">
						<ele>5</ele>
						<time>2026-10-09T19:21:07Z</time>
					</trkpt>
					<trkpt lat="38.063850" lon="22.658260">
						<ele>6</ele>
						<time>2026-10-09T19:21:14Z</time>
					</trkpt>
					<trkpt lat="38.065250" lon="22.657660">
						<ele>6</ele>
						<time>2026-10-09T19:21:40Z</time>
					</trkpt>
					<trkpt lat="38.066620" lon="22.656970">
						<ele>5</ele>
						<time>2026-10-09T19:22:06Z</time>
					</trkpt>
					<trkpt lat="38.066970" lon="22.656690">
						<ele>5</ele>
						<time>2026-10-09T19:22:14Z</time>
					</trkpt>
					<trkpt lat="38.067310" lon="22.656330">
						<ele>6</ele>
						<time>2026-10-09T19:22:22Z</time>
					</trkpt>
					<trkpt lat="38.068620" lon="22.653940">
						<ele>8</ele>
						<time>2026-10-09T19:23:02Z</time>
					</trkpt>
					<trkpt lat="38.072090" lon="22.647200">
						<ele>5</ele>
						<time>2026-10-09T19:24:55Z</time>
					</trkpt>
					<trkpt lat="38.072210" lon="22.646870">
						<ele>4</ele>
						<time>2026-10-09T19:25:00Z</time>
					</trkpt>
					<trkpt lat="38.072920" lon="22.643790">
						<ele>5</ele>
						<time>2026-10-09T19:25:45Z</time>
					</trkpt>
					<trkpt lat="38.073060" lon="22.643370">
						<ele>6</ele>
						<time>2026-10-09T19:25:52Z</time>
					</trkpt>
					<trkpt lat="38.073550" lon="22.642410">
						<ele>5</ele>
						<time>2026-10-09T19:26:08Z</time>
					</trkpt>
					<trkpt lat="38.074200" lon="22.641310">
						<ele>5</ele>
						<time>2026-10-09T19:26:27Z</time>
					</trkpt>
					<trkpt lat="38.074670" lon="22.640440">
						<ele>6</ele>
						<time>2026-10-09T19:26:42Z</time>
					</trkpt>
					<trkpt lat="38.076000" lon="22.637820">
						<ele>9</ele>
						<time>2026-10-09T19:27:25Z</time>
					</trkpt>
					<trkpt lat="38.076080" lon="22.637840">
						<ele>9</ele>
						<time>2026-10-09T19:27:27Z</time>
					</trkpt>
					<trkpt lat="38.076180" lon="22.637820">
						<ele>9</ele>
						<time>2026-10-09T19:27:29Z</time>
					</trkpt>
					<trkpt lat="38.077280" lon="22.637050">
						<ele>7</ele>
						<time>2026-10-09T19:27:51Z</time>
					</trkpt>
					<trkpt lat="38.077590" lon="22.636110">
						<ele>6</ele>
						<time>2026-10-09T19:28:05Z</time>
					</trkpt>
					<trkpt lat="38.077810" lon="22.635270">
						<ele>6</ele>
						<time>2026-10-09T19:28:18Z</time>
					</trkpt>
					<trkpt lat="38.077980" lon="22.634800">
						<ele>6</ele>
						<time>2026-10-09T19:28:25Z</time>
					</trkpt>
					<trkpt lat="38.078410" lon="22.633360">
						<ele>6</ele>
						<time>2026-10-09T19:28:46Z</time>
					</trkpt>
					<trkpt lat="38.079180" lon="22.633640">
						<ele>3</ele>
						<time>2026-10-09T19:29:01Z</time>
					</trkpt>
					<trkpt lat="38.079280" lon="22.633090">
						<ele>2</ele>
						<time>2026-10-09T19:29:09Z</time>
					</trkpt>
					<trkpt lat="38.079360" lon="22.632170">
						<ele>4</ele>
						<time>2026-10-09T19:29:22Z</time>
					</trkpt>
					<trkpt lat="38.079360" lon="22.631870">
						<ele>4</ele>
						<time>2026-10-09T19:29:26Z</time>
					</trkpt>
					<trkpt lat="38.079330" lon="22.631640">
						<ele>5</ele>
						<time>2026-10-09T19:29:29Z</time>
					</trkpt>
					<trkpt lat="38.078940" lon="22.630140">
						<ele>2</ele>
						<time>2026-10-09T19:29:51Z</time>
					</trkpt>
					<trkpt lat="38.078800" lon="22.629020">
						<ele>3</ele>
						<time>2026-10-09T19:30:07Z</time>
					</trkpt>
					<trkpt lat="38.078780" lon="22.628610">
						<ele>4</ele>
						<time>2026-10-09T19:30:13Z</time>
					</trkpt>
					<trkpt lat="38.078830" lon="22.628120">
						<ele>3</ele>
						<time>2026-10-09T19:30:20Z</time>
					</trkpt>
					<trkpt lat="38.079110" lon="22.626790">
						<ele>4</ele>
						<time>2026-10-09T19:30:39Z</time>
					</trkpt>
					<trkpt lat="38.079240" lon="22.626410">
						<ele>4</ele>
						<time>2026-10-09T19:30:45Z</time>
					</trkpt>
					<trkpt lat="38.079410" lon="22.626040">
						<ele>3</ele>
						<time>2026-10-09T19:30:51Z</time>
					</trkpt>
					<trkpt lat="38.080060" lon="22.625010">
						<ele>4</ele>
						<time>2026-10-09T19:31:09Z</time>
					</trkpt>
					<trkpt lat="38.080600" lon="22.623740">
						<ele>1</ele>
						<time>2026-10-09T19:31:29Z</time>
					</trkpt>
					<trkpt lat="38.081140" lon="22.621760">
						<ele>3</ele>
						<time>2026-10-09T19:31:59Z</time>
					</trkpt>
					<trkpt lat="38.081460" lon="22.620080">
						<ele>4</ele>
						<time>2026-10-09T19:32:23Z</time>
					</trkpt>
					<trkpt lat="38.081560" lon="22.619370">
						<ele>2</ele>
						<time>2026-10-09T19:32:33Z</time>
					</trkpt>
					<trkpt lat="38.081870" lon="22.616440">
						<ele>3</ele>
						<time>2026-10-09T19:33:15Z</time>
					</trkpt>
					<trkpt lat="38.081890" lon="22.615320">
						<ele>0</ele>
						<time>2026-10-09T19:33:30Z</time>
					</trkpt>
					<trkpt lat="38.080980" lon="22.615980">
						<ele>3</ele>
						<time>2026-10-09T19:33:49Z</time>
					</trkpt>
					<trkpt lat="38.080410" lon="22.616310">
						<ele>4</ele>
						<time>2026-10-09T19:34:00Z</time>
					</trkpt>
					<trkpt lat="38.079140" lon="22.617130">
						<ele>7</ele>
						<time>2026-10-09T19:34:25Z</time>
					</trkpt>
					<trkpt lat="38.078360" lon="22.617640">
						<ele>9</ele>
						<time>2026-10-09T19:34:41Z</time>
					</trkpt>
					<trkpt lat="38.077870" lon="22.617990">
						<ele>10</ele>
						<time>2026-10-09T19:34:51Z</time>
					</trkpt>
					<trkpt lat="38.077690" lon="22.618160">
						<ele>10</ele>
						<time>2026-10-09T19:34:55Z</time>
					</trkpt>
					<trkpt lat="38.077030" lon="22.619030">
						<ele>12</ele>
						<time>2026-10-09T19:35:12Z</time>
					</trkpt>
					<trkpt lat="38.076270" lon="22.619960">
						<ele>10</ele>
						<time>2026-10-09T19:35:31Z</time>
					</trkpt>
					<trkpt lat="38.075850" lon="22.620550">
						<ele>10</ele>
						<time>2026-10-09T19:35:42Z</time>
					</trkpt>
					<trkpt lat="38.075450" lon="22.621060">
						<ele>11</ele>
						<time>2026-10-09T19:35:52Z</time>
					</trkpt>
					<trkpt lat="38.075340" lon="22.621240">
						<ele>11</ele>
						<time>2026-10-09T19:35:55Z</time>
					</trkpt>
					<trkpt lat="38.075290" lon="22.621410">
						<ele>11</ele>
						<time>2026-10-09T19:35:58Z</time>
					</trkpt>
					<trkpt lat="38.075290" lon="22.621530">
						<ele>11</ele>
						<time>2026-10-09T19:35:59Z</time>
					</trkpt>
					<trkpt lat="38.075350" lon="22.621770">
						<ele>10</ele>
						<time>2026-10-09T19:36:03Z</time>
					</trkpt>
					<trkpt lat="38.075930" lon="22.623110">
						<ele>8</ele>
						<time>2026-10-09T19:36:24Z</time>
					</trkpt>
					<trkpt lat="38.076030" lon="22.623270">
						<ele>8</ele>
						<time>2026-10-09T19:36:27Z</time>
					</trkpt>
					<trkpt lat="38.077050" lon="22.625690">
						<ele>5</ele>
						<time>2026-10-09T19:37:06Z</time>
					</trkpt>
					<trkpt lat="38.077760" lon="22.627260">
						<ele>5</ele>
						<time>2026-10-09T19:37:31Z</time>
					</trkpt>
					<trkpt lat="38.078270" lon="22.628470">
						<ele>6</ele>
						<time>2026-10-09T19:37:50Z</time>
					</trkpt>
					<trkpt lat="38.078080" lon="22.629300">
						<ele>6</ele>
						<time>2026-10-09T19:38:02Z</time>
					</trkpt>
					<trkpt lat="38.077740" lon="22.631250">
						<ele>8</ele>
						<time>2026-10-09T19:38:30Z</time>
					</trkpt>
					<trkpt lat="38.077210" lon="22.632900">
						<ele>8</ele>
						<time>2026-10-09T19:38:55Z</time>
					</trkpt>
					<trkpt lat="38.076980" lon="22.633730">
						<ele>8</ele>
						<time>2026-10-09T19:39:08Z</time>
					</trkpt>
					<trkpt lat="38.076930" lon="22.634840">
						<ele>9</ele>
						<time>2026-10-09T19:39:23Z</time>
					</trkpt>
					<trkpt lat="38.076860" lon="22.635660">
						<ele>7</ele>
						<time>2026-10-09T19:39:35Z</time>
					</trkpt>
					<trkpt lat="38.076820" lon="22.635840">
						<ele>6</ele>
						<time>2026-10-09T19:39:37Z</time>
					</trkpt>
					<trkpt lat="38.076480" lon="22.636800">
						<ele>8</ele>
						<time>2026-10-09T19:39:52Z</time>
					</trkpt>
					<trkpt lat="38.075530" lon="22.638690">
						<ele>8</ele>
						<time>2026-10-09T19:40:23Z</time>
					</trkpt>
					<trkpt lat="38.075130" lon="22.639550">
						<ele>6</ele>
						<time>2026-10-09T19:40:37Z</time>
					</trkpt>
					<trkpt lat="38.074700" lon="22.640370">
						<ele>6</ele>
						<time>2026-10-09T19:40:51Z</time>
					</trkpt>
					<trkpt lat="38.074270" lon="22.641110">
						<ele>6</ele>
						<time>2026-10-09T19:41:04Z</time>
					</trkpt>
					<trkpt lat="38.073830" lon="22.641960">
						<ele>5</ele>
						<time>2026-10-09T19:41:18Z</time>
					</trkpt>
					<trkpt lat="38.073550" lon="22.642410">
						<ele>5</ele>
						<time>2026-10-09T19:41:26Z</time>
					</trkpt>
					<trkpt lat="38.073060" lon="22.643370">
						<ele>6</ele>
						<time>2026-10-09T19:41:42Z</time>
					</trkpt>
					<trkpt lat="38.072920" lon="22.643790">
						<ele>5</ele>
						<time>2026-10-09T19:41:49Z</time>
					</trkpt>
					<trkpt lat="38.072210" lon="22.646870">
						<ele>4</ele>
						<time>2026-10-09T19:42:34Z</time>
					</trkpt>
					<trkpt lat="38.072090" lon="22.647200">
						<ele>5</ele>
						<time>2026-10-09T19:42:39Z</time>
					</trkpt>
					<trkpt lat="38.068620" lon="22.653940">
						<ele>8</ele>
						<time>2026-10-09T19:44:32Z</time>
					</trkpt>
					<trkpt lat="38.067310" lon="22.656330">
						<ele>6</ele>
						<time>2026-10-09T19:45:12Z</time>
					</trkpt>
					<trkpt lat="38.066970" lon="22.656690">
						<ele>5</ele>
						<time>2026-10-09T19:45:20Z</time>
					</trkpt>
					<trkpt lat="38.066620" lon="22.656970">
						<ele>5</ele>
						<time>2026-10-09T19:45:28Z</time>
					</trkpt>
					<trkpt lat="38.065250" lon="22.657660">
						<ele>6</ele>
						<time>2026-10-09T19:45:54Z</time>
					</trkpt>
					<trkpt lat="38.063850" lon="22.658260">
						<ele>6</ele>
						<time>2026-10-09T19:46:20Z</time>
					</trkpt>
					<trkpt lat="38.063520" lon="22.658430">
						<ele>5</ele>
						<time>2026-10-09T19:46:27Z</time>
					</trkpt>
					<trkpt lat="38.062780" lon="22.658940">
						<ele>3</ele>
						<time>2026-10-09T19:46:41Z</time>
					</trkpt>
					<trkpt lat="38.061450" lon="22.660180">
						<ele>2</ele>
						<time>2026-10-09T19:47:11Z</time>
					</trkpt>
					<trkpt lat="38.061080" lon="22.660620">
						<ele>2</ele>
						<time>2026-10-09T19:47:20Z</time>
					</trkpt>
					<trkpt lat="38.060960" lon="22.660790">
						<ele>2</ele>
						<time>2026-10-09T19:47:23Z</time>
					</trkpt>
					<trkpt lat="38.060800" lon="22.661130">
						<ele>2</ele>
						<time>2026-10-09T19:47:29Z</time>
					</trkpt>
					<trkpt lat="38.060520" lon="22.661960">
						<ele>2</ele>
						<time>2026-10-09T19:47:41Z</time>
					</trkpt>
					<trkpt lat="38.060340" lon="22.662390">
						<ele>2</ele>
						<time>2026-10-09T19:47:48Z</time>
					</trkpt>
					<trkpt lat="38.060220" lon="22.662580">
						<ele>2</ele>
						<time>2026-10-09T19:47:51Z</time>
					</trkpt>
					<trkpt lat="38.059560" lon="22.663280">
						<ele>4</ele>
						<time>2026-10-09T19:48:07Z</time>
					</trkpt>
					<trkpt lat="38.059260" lon="22.663620">
						<ele>5</ele>
						<time>2026-10-09T19:48:14Z</time>
					</trkpt>
					<trkpt lat="38.059150" lon="22.663780">
						<ele>6</ele>
						<time>2026-10-09T19:48:17Z</time>
					</trkpt>
					<trkpt lat="38.059090" lon="22.664000">
						<ele>5</ele>
						<time>2026-10-09T19:48:20Z</time>
					</trkpt>
					<trkpt lat="38.059110" lon="22.664300">
						<ele>5</ele>
						<time>2026-10-09T19:48:24Z</time>
					</trkpt>
					<trkpt lat="38.059240" lon="22.664700">
						<ele>4</ele>
						<time>2026-10-09T19:48:30Z</time>
					</trkpt>
					<trkpt lat="38.059350" lon="22.664920">
						<ele>4</ele>
						<time>2026-10-09T19:48:34Z</time>
					</trkpt>
					<trkpt lat="38.059500" lon="22.665540">
						<ele>2</ele>
						<time>2026-10-09T19:48:43Z</time>
					</trkpt>
					<trkpt lat="38.059590" lon="22.666280">
						<ele>1</ele>
						<time>2026-10-09T19:48:54Z</time>
					</trkpt>
					<trkpt lat="38.059600" lon="22.666750">
						<ele>1</ele>
						<time>2026-10-09T19:49:00Z</time>
					</trkpt>
					<trkpt lat="38.059520" lon="22.667130">
						<ele>2</ele>
						<time>2026-10-09T19:49:06Z</time>
					</trkpt>
					<trkpt lat="38.059330" lon="22.667710">
						<ele>1</ele>
						<time>2026-10-09T19:49:15Z</time>
					</trkpt>
					<trkpt lat="38.058710" lon="22.669420">
						<ele>4</ele>
						<time>2026-10-09T19:49:41Z</time>
					</trkpt>
					<trkpt lat="38.058210" lon="22.670500">
						<ele>3</ele>
						<time>2026-10-09T19:49:59Z</time>
					</trkpt>
					<trkpt lat="38.056810" lon="22.673250">
						<ele>3</ele>
						<time>2026-10-09T19:50:44Z</time>
					</trkpt>
					<trkpt lat="38.056590" lon="22.673750">
						<ele>2</ele>
						<time>2026-10-09T19:50:52Z</time>
					</trkpt>
					<trkpt lat="38.055770" lon="22.676660">
						<ele>3</ele>
						<time>2026-10-09T19:51:36Z</time>
					</trkpt>
					<trkpt lat="38.055600" lon="22.677040">
						<ele>3</ele>
						<time>2026-10-09T19:51:42Z</time>
					</trkpt>
					<trkpt lat="38.053460" lon="22.680600">
						<ele>5</ele>
						<time>2026-10-09T19:52:45Z</time>
					</trkpt>
					<trkpt lat="38.052310" lon="22.682380">
						<ele>7</ele>
						<time>2026-10-09T19:53:17Z</time>
					</trkpt>
					<trkpt lat="38.051090" lon="22.684630">
						<ele>8</ele>
						<time>2026-10-09T19:53:55Z</time>
					</trkpt>
					<trkpt lat="38.049770" lon="22.686900">
						<ele>7</ele>
						<time>2026-10-09T19:54:35Z</time>
					</trkpt>
					<trkpt lat="38.049540" lon="22.687490">
						<ele>8</ele>
						<time>2026-10-09T19:54:44Z</time>
					</trkpt>
					<trkpt lat="38.049440" lon="22.687930">
						<ele>7</ele>
						<time>2026-10-09T19:54:50Z</time>
					</trkpt>
					<trkpt lat="38.049320" lon="22.689020">
						<ele>8</ele>
						<time>2026-10-09T19:55:06Z</time>
					</trkpt>
					<trkpt lat="38.049230" lon="22.689420">
						<ele>9</ele>
						<time>2026-10-09T19:55:12Z</time>
					</trkpt>
					<trkpt lat="38.048020" lon="22.693200">
						<ele>6</ele>
						<time>2026-10-09T19:56:09Z</time>
					</trkpt>
					<trkpt lat="38.047730" lon="22.694030">
						<ele>5</ele>
						<time>2026-10-09T19:56:21Z</time>
					</trkpt>
					<trkpt lat="38.047150" lon="22.695360">
						<ele>8</ele>
						<time>2026-10-09T19:56:43Z</time>
					</trkpt>
					<trkpt lat="38.046740" lon="22.696420">
						<ele>5</ele>
						<time>2026-10-09T19:56:59Z</time>
					</trkpt>
					<trkpt lat="38.046280" lon="22.697520">
						<ele>4</ele>
						<time>2026-10-09T19:57:17Z</time>
					</trkpt>
					<trkpt lat="38.045530" lon="22.699100">
						<ele>7</ele>
						<time>2026-10-09T19:57:43Z</time>
					</trkpt>
					<trkpt lat="38.044620" lon="22.700780">
						<ele>7</ele>
						<time>2026-10-09T19:58:11Z</time>
					</trkpt>
					<trkpt lat="38.042490" lon="22.705250">
						<ele>3</ele>
						<time>2026-10-09T19:59:24Z</time>
					</trkpt>
					<trkpt lat="38.041790" lon="22.706410">
						<ele>6</ele>
						<time>2026-10-09T19:59:45Z</time>
					</trkpt>
					<trkpt lat="38.041470" lon="22.706850">
						<ele>6</ele>
						<time>2026-10-09T19:59:53Z</time>
					</trkpt>
					<trkpt lat="38.041020" lon="22.707560">
						<ele>5</ele>
						<time>2026-10-09T20:00:06Z</time>
					</trkpt>
					<trkpt lat="38.040810" lon="22.707930">
						<ele>4</ele>
						<time>2026-10-09T20:00:12Z</time>
					</trkpt>
					<trkpt lat="38.040640" lon="22.708290">
						<ele>3</ele>
						<time>2026-10-09T20:00:18Z</time>
					</trkpt>
					<trkpt lat="38.040490" lon="22.708750">
						<ele>4</ele>
						<time>2026-10-09T20:00:25Z</time>
					</trkpt>
					<trkpt lat="38.040130" lon="22.710070">
						<ele>5</ele>
						<time>2026-10-09T20:00:45Z</time>
					</trkpt>
					<trkpt lat="38.039870" lon="22.710740">
						<ele>5</ele>
						<time>2026-10-09T20:00:55Z</time>
					</trkpt>
					<trkpt lat="38.039630" lon="22.711260">
						<ele>5</ele>
						<time>2026-10-09T20:01:04Z</time>
					</trkpt>
					<trkpt lat="38.038930" lon="22.712560">
						<ele>4</ele>
						<time>2026-10-09T20:01:26Z</time>
					</trkpt>
					<trkpt lat="38.038790" lon="22.712860">
						<ele>4</ele>
						<time>2026-10-09T20:01:31Z</time>
					</trkpt>
					<trkpt lat="38.038190" lon="22.714470">
						<ele>3</ele>
						<time>2026-10-09T20:01:56Z</time>
					</trkpt>
					<trkpt lat="38.037950" lon="22.715330">
						<ele>3</ele>
						<time>2026-10-09T20:02:08Z</time>
					</trkpt>
					<trkpt lat="38.037590" lon="22.717070">
						<ele>3</ele>
						<time>2026-10-09T20:02:34Z</time>
					</trkpt>
					<trkpt lat="38.037360" lon="22.717910">
						<ele>3</ele>
						<time>2026-10-09T20:02:46Z</time>
					</trkpt>
					<trkpt lat="38.037180" lon="22.718410">
						<ele>3</ele>
						<time>2026-10-09T20:02:54Z</time>
					</trkpt>
					<trkpt lat="38.036820" lon="22.719090">
						<ele>4</ele>
						<time>2026-10-09T20:03:05Z</time>
					</trkpt>
					<trkpt lat="38.036020" lon="22.720200">
						<ele>6</ele>
						<time>2026-10-09T20:03:26Z</time>
					</trkpt>
					<trkpt lat="38.035670" lon="22.720740">
						<ele>7</ele>
						<time>2026-10-09T20:03:36Z</time>
					</trkpt>
					<trkpt lat="38.034870" lon="22.722430">
						<ele>7</ele>
						<time>2026-10-09T20:04:04Z</time>
					</trkpt>
					<trkpt lat="38.034800" lon="22.722720">
						<ele>8</ele>
						<time>2026-10-09T20:04:08Z</time>
					</trkpt>
					<trkpt lat="38.034800" lon="22.722970">
						<ele>7</ele>
						<time>2026-10-09T20:04:12Z</time>
					</trkpt>
					<trkpt lat="38.035000" lon="22.723600">
						<ele>6</ele>
						<time>2026-10-09T20:04:21Z</time>
					</trkpt>
					<trkpt lat="38.035190" lon="22.724460">
						<ele>5</ele>
						<time>2026-10-09T20:04:34Z</time>
					</trkpt>
					<trkpt lat="38.035230" lon="22.724830">
						<ele>5</ele>
						<time>2026-10-09T20:04:39Z</time>
					</trkpt>
					<trkpt lat="38.035190" lon="22.725080">
						<ele>5</ele>
						<time>2026-10-09T20:04:42Z</time>
					</trkpt>
					<trkpt lat="38.034920" lon="22.725450">
						<ele>4</ele>
						<time>2026-10-09T20:04:50Z</time>
					</trkpt>
					<trkpt lat="38.034650" lon="22.725760">
						<ele>4</ele>
						<time>2026-10-09T20:04:56Z</time>
					</trkpt>
					<trkpt lat="38.033130" lon="22.727430">
						<ele>4</ele>
						<time>2026-10-09T20:05:32Z</time>
					</trkpt>
					<trkpt lat="38.031990" lon="22.728340">
						<ele>4</ele>
						<time>2026-10-09T20:05:56Z</time>
					</trkpt>
					<trkpt lat="38.030750" lon="22.729220">
						<ele>7</ele>
						<time>2026-10-09T20:06:21Z</time>
					</trkpt>
					<trkpt lat="38.030370" lon="22.729450">
						<ele>6</ele>
						<time>2026-10-09T20:06:28Z</time>
					</trkpt>
					<trkpt lat="38.029110" lon="22.730080">
						<ele>4</ele>
						<time>2026-10-09T20:06:53Z</time>
					</trkpt>
					<trkpt lat="38.028190" lon="22.730760">
						<ele>7</ele>
						<time>2026-10-09T20:07:12Z</time>
					</trkpt>
					<trkpt lat="38.026540" lon="22.732070">
						<ele>5</ele>
						<time>2026-10-09T20:07:46Z</time>
					</trkpt>
					<trkpt lat="38.026210" lon="22.732290">
						<ele>5</ele>
						<time>2026-10-09T20:07:53Z</time>
					</trkpt>
					<trkpt lat="38.023290" lon="22.734880">
						<ele>7</ele>
						<time>2026-10-09T20:08:56Z</time>
					</trkpt>
					<trkpt lat="38.022660" lon="22.735510">
						<ele>6</ele>
						<time>2026-10-09T20:09:10Z</time>
					</trkpt>
					<trkpt lat="38.021590" lon="22.736470">
						<ele>7</ele>
						<time>2026-10-09T20:09:34Z</time>
					</trkpt>
					<trkpt lat="38.021030" lon="22.736960">
						<ele>7</ele>
						<time>2026-10-09T20:09:46Z</time>
					</trkpt>
					<trkpt lat="38.020600" lon="22.737280">
						<ele>7</ele>
						<time>2026-10-09T20:09:55Z</time>
					</trkpt>
					<trkpt lat="38.020300" lon="22.737540">
						<ele>8</ele>
						<time>2026-10-09T20:10:01Z</time>
					</trkpt>
					<trkpt lat="38.019730" lon="22.738090">
						<ele>7</ele>
						<time>2026-10-09T20:10:14Z</time>
					</trkpt>
					<trkpt lat="38.019320" lon="22.738540">
						<ele>6</ele>
						<time>2026-10-09T20:10:24Z</time>
					</trkpt>
					<trkpt lat="38.018920" lon="22.739050">
						<ele>5</ele>
						<time>2026-10-09T20:10:34Z</time>
					</trkpt>
					<trkpt lat="38.018350" lon="22.739950">
						<ele>5</ele>
						<time>2026-10-09T20:10:50Z</time>
					</trkpt>
					<trkpt lat="38.017500" lon="22.741190">
						<ele>8</ele>
						<time>2026-10-09T20:11:13Z</time>
					</trkpt>
					<trkpt lat="38.016830" lon="22.742340">
						<ele>8</ele>
						<time>2026-10-09T20:11:33Z</time>
					</trkpt>
					<trkpt lat="38.015620" lon="22.744580">
						<ele>5</ele>
						<time>2026-10-09T20:12:11Z</time>
					</trkpt>
					<trkpt lat="38.014580" lon="22.746390">
						<ele>9</ele>
						<time>2026-10-09T20:12:42Z</time>
					</trkpt>
					<trkpt lat="38.013900" lon="22.747670">
						<ele>8</ele>
						<time>2026-10-09T20:13:04Z</time>
					</trkpt>
					<trkpt lat="38.013720" lon="22.747930">
						<ele>8</ele>
						<time>2026-10-09T20:13:09Z</time>
					</trkpt>
					<trkpt lat="38.013480" lon="22.748450">
						<ele>9</ele>
						<time>2026-10-09T20:13:17Z</time>
					</trkpt>
					<trkpt lat="38.013430" lon="22.748880">
						<ele>8</ele>
						<time>2026-10-09T20:13:23Z</time>
					</trkpt>
					<trkpt lat="38.013450" lon="22.749240">
						<ele>8</ele>
						<time>2026-10-09T20:13:29Z</time>
					</trkpt>
					<trkpt lat="38.013230" lon="22.749540">
						<ele>7</ele>
						<time>2026-10-09T20:13:34Z</time>
					</trkpt>
					<trkpt lat="38.009790" lon="22.752940">
						<ele>7</ele>
						<time>2026-10-09T20:14:52Z</time>
					</trkpt>
					<trkpt lat="38.009350" lon="22.753410">
						<ele>7</ele>
						<time>2026-10-09T20:15:02Z</time>
					</trkpt>
					<trkpt lat="38.007640" lon="22.755890">
						<ele>5</ele>
						<time>2026-10-09T20:15:48Z</time>
					</trkpt>
					<trkpt lat="38.007000" lon="22.756580">
						<ele>6</ele>
						<time>2026-10-09T20:16:03Z</time>
					</trkpt>
					<trkpt lat="38.005930" lon="22.758630">
						<ele>5</ele>
						<time>2026-10-09T20:16:38Z</time>
					</trkpt>
					<trkpt lat="38.005250" lon="22.759790">
						<ele>5</ele>
						<time>2026-10-09T20:16:58Z</time>
					</trkpt>
					<trkpt lat="38.005050" lon="22.760180">
						<ele>4</ele>
						<time>2026-10-09T20:17:04Z</time>
					</trkpt>
					<trkpt lat="38.003790" lon="22.762850">
						<ele>2</ele>
						<time>2026-10-09T20:17:48Z</time>
					</trkpt>
					<trkpt lat="38.002840" lon="22.764770">
						<ele>3</ele>
						<time>2026-10-09T20:18:20Z</time>
					</trkpt>
					<trkpt lat="38.002700" lon="22.764970">
						<ele>3</ele>
						<time>2026-10-09T20:18:24Z</time>
					</trkpt>
					<trkpt lat="38.002580" lon="22.765080">
						<ele>4</ele>
						<time>2026-10-09T20:18:26Z</time>
					</trkpt>
					<trkpt lat="38.002390" lon="22.765180">
						<ele>4</ele>
						<time>2026-10-09T20:18:30Z</time>
					</trkpt>
					<trkpt lat="38.002300" lon="22.765190">
						<ele>4</ele>
						<time>2026-10-09T20:18:32Z</time>
					</trkpt>
					<trkpt lat="38.002170" lon="22.765190">
						<ele>5</ele>
						<time>2026-10-09T20:18:34Z</time>
					</trkpt>
					<trkpt lat="38.001930" lon="22.765100">
						<ele>5</ele>
						<time>2026-10-09T20:18:38Z</time>
					</trkpt>
					<trkpt lat="38.001560" lon="22.764790">
						<ele>6</ele>
						<time>2026-10-09T20:18:46Z</time>
					</trkpt>
					<trkpt lat="38.001290" lon="22.764510">
						<ele>6</ele>
						<time>2026-10-09T20:18:52Z</time>
					</trkpt>
					<trkpt lat="38.001030" lon="22.764210">
						<ele>6</ele>
						<time>2026-10-09T20:18:59Z</time>
					</trkpt>
					<trkpt lat="38.000400" lon="22.763400">
						<ele>8</ele>
						<time>2026-10-09T20:19:15Z</time>
					</trkpt>
					<trkpt lat="38.000240" lon="22.763240">
						<ele>9</ele>
						<time>2026-10-09T20:19:18Z</time>
					</trkpt>
					<trkpt lat="38.000110" lon="22.763160">
						<ele>9</ele>
						<time>2026-10-09T20:19:21Z</time>
					</trkpt>
					<trkpt lat="37.999880" lon="22.763110">
						<ele>9</ele>
						<time>2026-10-09T20:19:25Z</time>
					</trkpt>
					<trkpt lat="37.998350" lon="22.763110">
						<ele>10</ele>
						<time>2026-10-09T20:19:52Z</time>
					</trkpt>
					<trkpt lat="37.998170" lon="22.763140">
						<ele>11</ele>
						<time>2026-10-09T20:19:55Z</time>
					</trkpt>
					<trkpt lat="37.997480" lon="22.763700">
						<ele>11</ele>
						<time>2026-10-09T20:20:10Z</time>
					</trkpt>
					<trkpt lat="37.997350" lon="22.763770">
						<ele>11</ele>
						<time>2026-10-09T20:20:12Z</time>
					</trkpt>
					<trkpt lat="37.997210" lon="22.763810">
						<ele>11</ele>
						<time>2026-10-09T20:20:15Z</time>
					</trkpt>
					<trkpt lat="37.996350" lon="22.763830">
						<ele>12</ele>
						<time>2026-10-09T20:20:30Z</time>
					</trkpt>
					<trkpt lat="37.995390" lon="22.764060">
						<ele>13</ele>
						<time>2026-10-09T20:20:48Z</time>
					</trkpt>
					<trkpt lat="37.995020" lon="22.764220">
						<ele>12</ele>
						<time>2026-10-09T20:20:55Z</time>
					</trkpt>
					<trkpt lat="37.994370" lon="22.764620">
						<ele>12</ele>
						<time>2026-10-09T20:21:08Z</time>
					</trkpt>
					<trkpt lat="37.993890" lon="22.764870">
						<ele>12</ele>
						<time>2026-10-09T20:21:17Z</time>
					</trkpt>
					<trkpt lat="37.993300" lon="22.765090">
						<ele>12</ele>
						<time>2026-10-09T20:21:28Z</time>
					</trkpt>
					<trkpt lat="37.992620" lon="22.765290">
						<ele>11</ele>
						<time>2026-10-09T20:21:40Z</time>
					</trkpt>
					<trkpt lat="37.992070" lon="22.765400">
						<ele>11</ele>
						<time>2026-10-09T20:21:50Z</time>
					</trkpt>
					<trkpt lat="37.991830" lon="22.765380">
						<ele>11</ele>
						<time>2026-10-09T20:21:54Z</time>
					</trkpt>
					<trkpt lat="37.991230" lon="22.765200">
						<ele>12</ele>
						<time>2026-10-09T20:22:05Z</time>
					</trkpt>
					<trkpt lat="37.991020" lon="22.765160">
						<ele>13</ele>
						<time>2026-10-09T20:22:09Z</time>
					</trkpt>
					<trkpt lat="37.990850" lon="22.765170">
						<ele>13</ele>
						<time>2026-10-09T20:22:12Z</time>
					</trkpt>
					<trkpt lat="37.990680" lon="22.765230">
						<ele>13</ele>
						<time>2026-10-09T20:22:15Z</time>
					</trkpt>
					<trkpt lat="37.990560" lon="22.765310">
						<ele>12</ele>
						<time>2026-10-09T20:22:18Z</time>
					</trkpt>
					<trkpt lat="37.989190" lon="22.766660">
						<ele>7</ele>
						<time>2026-10-09T20:22:49Z</time>
					</trkpt>
					<trkpt lat="37.988930" lon="22.766830">
						<ele>8</ele>
						<time>2026-10-09T20:22:54Z</time>
					</trkpt>
					<trkpt lat="37.988740" lon="22.766880">
						<ele>8</ele>
						<time>2026-10-09T20:22:57Z</time>
					</trkpt>
					<trkpt lat="37.987940" lon="22.766990">
						<ele>10</ele>
						<time>2026-10-09T20:23:11Z</time>
					</trkpt>
					<trkpt lat="37.987630" lon="22.767000">
						<ele>12</ele>
						<time>2026-10-09T20:23:17Z</time>
					</trkpt>
					<trkpt lat="37.987150" lon="22.766890">
						<ele>12</ele>
						<time>2026-10-09T20:23:26Z</time>
					</trkpt>
					<trkpt lat="37.984350" lon="22.766100">
						<ele>15</ele>
						<time>2026-10-09T20:24:17Z</time>
					</trkpt>
					<trkpt lat="37.984150" lon="22.766060">
						<ele>15</ele>
						<time>2026-10-09T20:24:20Z</time>
					</trkpt>
					<trkpt lat="37.984000" lon="22.766110">
						<ele>16</ele>
						<time>2026-10-09T20:24:23Z</time>
					</trkpt>
					<trkpt lat="37.983600" lon="22.766390">
						<ele>16</ele>
						<time>2026-10-09T20:24:31Z</time>
					</trkpt>
					<trkpt lat="37.982140" lon="22.767660">
						<ele>17</ele>
						<time>2026-10-09T20:25:03Z</time>
					</trkpt>
					<trkpt lat="37.980430" lon="22.769080">
						<ele>14</ele>
						<time>2026-10-09T20:25:39Z</time>
					</trkpt>
					<trkpt lat="37.979970" lon="22.769420">
						<ele>14</ele>
						<time>2026-10-09T20:25:49Z</time>
					</trkpt>
					<trkpt lat="37.978780" lon="22.770210">
						<ele>16</ele>
						<time>2026-10-09T20:26:12Z</time>
					</trkpt>
					<trkpt lat="37.977200" lon="22.771310">
						<ele>15</ele>
						<time>2026-10-09T20:26:45Z</time>
					</trkpt>
					<trkpt lat="37.977030" lon="22.771450">
						<ele>15</ele>
						<time>2026-10-09T20:26:48Z</time>
					</trkpt>
					<trkpt lat="37.976570" lon="22.771910">
						<ele>15</ele>
						<time>2026-10-09T20:26:59Z</time>
					</trkpt>
					<trkpt lat="37.975890" lon="22.772680">
						<ele>14</ele>
						<time>2026-10-09T20:27:15Z</time>
					</trkpt>
					<trkpt lat="37.975350" lon="22.773170">
						<ele>13</ele>
						<time>2026-10-09T20:27:27Z</time>
					</trkpt>
					<trkpt lat="37.974480" lon="22.774110">
						<ele>13</ele>
						<time>2026-10-09T20:27:47Z</time>
					</trkpt>
					<trkpt lat="37.972520" lon="22.776760">
						<ele>12</ele>
						<time>2026-10-09T20:28:38Z</time>
					</trkpt>
					<trkpt lat="37.971870" lon="22.778180">
						<ele>11</ele>
						<time>2026-10-09T20:29:01Z</time>
					</trkpt>
					<trkpt lat="37.971650" lon="22.778580">
						<ele>11</ele>
						<time>2026-10-09T20:29:08Z</time>
					</trkpt>
					<trkpt lat="37.970640" lon="22.780230">
						<ele>11</ele>
						<time>2026-10-09T20:29:37Z</time>
					</trkpt>
					<trkpt lat="37.969930" lon="22.781230">
						<ele>12</ele>
						<time>2026-10-09T20:29:56Z</time>
					</trkpt>
					<trkpt lat="37.969680" lon="22.781530">
						<ele>12</ele>
						<time>2026-10-09T20:30:02Z</time>
					</trkpt>
					<trkpt lat="37.962300" lon="22.789570">
						<ele>12</ele>
						<time>2026-10-09T20:32:55Z</time>
					</trkpt>
					<trkpt lat="37.961590" lon="22.790380">
						<ele>13</ele>
						<time>2026-10-09T20:33:12Z</time>
					</trkpt>
					<trkpt lat="37.961130" lon="22.791200">
						<ele>13</ele>
						<time>2026-10-09T20:33:26Z</time>
					</trkpt>
					<trkpt lat="37.959400" lon="22.794770">
						<ele>12</ele>
						<time>2026-10-09T20:34:25Z</time>
					</trkpt>
					<trkpt lat="37.957590" lon="22.798430">
						<ele>13</ele>
						<time>2026-10-09T20:35:26Z</time>
					</trkpt>
					<trkpt lat="37.956190" lon="22.801340">
						<ele>14</ele>
						<time>2026-10-09T20:36:13Z</time>
					</trkpt>
					<trkpt lat="37.955710" lon="22.802260">
						<ele>15</ele>
						<time>2026-10-09T20:36:29Z</time>
					</trkpt>
					<trkpt lat="37.955100" lon="22.803030">
						<ele>14</ele>
						<time>2026-10-09T20:36:44Z</time>
					</trkpt>
					<trkpt lat="37.954600" lon="22.803910">
						<ele>14</ele>
						<time>2026-10-09T20:36:59Z</time>
					</trkpt>
					<trkpt lat="37.951060" lon="22.809460">
						<ele>13</ele>
						<time>2026-10-09T20:38:40Z</time>
					</trkpt>
					<trkpt lat="37.947440" lon="22.815410">
						<ele>15</ele>
						<time>2026-10-09T20:40:25Z</time>
					</trkpt>
					<trkpt lat="37.944770" lon="22.819680">
						<ele>13</ele>
						<time>2026-10-09T20:41:42Z</time>
					</trkpt>
					<trkpt lat="37.944420" lon="22.820310">
						<ele>13</ele>
						<time>2026-10-09T20:41:52Z</time>
					</trkpt>
					<trkpt lat="37.943250" lon="22.822620">
						<ele>14</ele>
						<time>2026-10-09T20:42:31Z</time>
					</trkpt>
					<trkpt lat="37.942370" lon="22.824550">
						<ele>13</ele>
						<time>2026-10-09T20:43:02Z</time>
					</trkpt>
					<trkpt lat="37.942050" lon="22.825430">
						<ele>14</ele>
						<time>2026-10-09T20:43:16Z</time>
					</trkpt>
					<trkpt lat="37.940080" lon="22.830440">
						<ele>17</ele>
						<time>2026-10-09T20:44:34Z</time>
					</trkpt>
					<trkpt lat="37.939730" lon="22.831480">
						<ele>17</ele>
						<time>2026-10-09T20:44:50Z</time>
					</trkpt>
					<trkpt lat="37.939600" lon="22.831740">
						<ele>17</ele>
						<time>2026-10-09T20:44:54Z</time>
					</trkpt>
					<trkpt lat="37.939030" lon="22.832690">
						<ele>16</ele>
						<time>2026-10-09T20:45:11Z</time>
					</trkpt>
					<trkpt lat="37.938930" lon="22.832940">
						<ele>17</ele>
						<time>2026-10-09T20:45:15Z</time>
					</trkpt>
					<trkpt lat="37.937900" lon="22.837060">
						<ele>17</ele>
						<time>2026-10-09T20:46:16Z</time>
					</trkpt>
					<trkpt lat="37.937480" lon="22.838330">
						<ele>17</ele>
						<time>2026-10-09T20:46:35Z</time>
					</trkpt>
					<trkpt lat="37.934490" lon="22.845900">
						<ele>15</ele>
						<time>2026-10-09T20:48:34Z</time>
					</trkpt>
					<trkpt lat="37.932740" lon="22.850210">
						<ele>18</ele>
						<time>2026-10-09T20:49:42Z</time>
					</trkpt>
					<trkpt lat="37.932620" lon="22.850700">
						<ele>19</ele>
						<time>2026-10-09T20:49:49Z</time>
					</trkpt>
					<trkpt lat="37.932590" lon="22.850980">
						<ele>19</ele>
						<time>2026-10-09T20:49:53Z</time>
					</trkpt>
					<trkpt lat="37.932310" lon="22.855280">
						<ele>16</ele>
						<time>2026-10-09T20:50:54Z</time>
					</trkpt>
					<trkpt lat="37.932070" lon="22.859530">
						<ele>14</ele>
						<time>2026-10-09T20:51:54Z</time>
					</trkpt>
					<trkpt lat="37.932230" lon="22.862910">
						<ele>9</ele>
						<time>2026-10-09T20:52:41Z</time>
					</trkpt>
					<trkpt lat="37.932280" lon="22.864500">
						<ele>7</ele>
						<time>2026-10-09T20:53:03Z</time>
					</trkpt>
					<trkpt lat="37.932240" lon="22.865420">
						<ele>7</ele>
						<time>2026-10-09T20:53:16Z</time>
					</trkpt>
					<trkpt lat="37.932190" lon="22.865860">
						<ele>7</ele>
						<time>2026-10-09T20:53:23Z</time>
					</trkpt>
					<trkpt lat="37.932060" lon="22.866580">
						<ele>7</ele>
						<time>2026-10-09T20:53:33Z</time>
					</trkpt>
					<trkpt lat="37.931250" lon="22.869310">
						<ele>4</ele>
						<time>2026-10-09T20:54:14Z</time>
					</trkpt>
					<trkpt lat="37.931140" lon="22.869860">
						<ele>4</ele>
						<time>2026-10-09T20:54:22Z</time>
					</trkpt>
					<trkpt lat="37.930950" lon="22.871910">
						<ele>5</ele>
						<time>2026-10-09T20:54:51Z</time>
					</trkpt>
					<trkpt lat="37.930500" lon="22.877560">
						<ele>5</ele>
						<time>2026-10-09T20:56:10Z</time>
					</trkpt>
					<trkpt lat="37.930760" lon="22.877590">
						<ele>5</ele>
						<time>2026-10-09T20:56:15Z</time>
					</trkpt>
					<trkpt lat="37.931190" lon="22.877690">
						<ele>5</ele>
						<time>2026-10-09T20:56:23Z</time>
					</trkpt>
					<trkpt lat="37.931430" lon="22.877870">
						<ele>4</ele>
						<time>2026-10-09T20:56:28Z</time>
					</trkpt>
					<trkpt lat="37.931570" lon="22.878100">
						<ele>4</ele>
						<time>2026-10-09T20:56:32Z</time>
					</trkpt>
					<trkpt lat="37.931650" lon="22.878380">
						<ele>4</ele>
						<time>2026-10-09T20:56:36Z</time>
					</trkpt>
					<trkpt lat="37.931640" lon="22.878740">
						<ele>4</ele>
						<time>2026-10-09T20:56:41Z</time>
					</trkpt>
					<trkpt lat="37.931530" lon="22.879120">
						<ele>4</ele>
						<time>2026-10-09T20:56:47Z</time>
					</trkpt>
					<trkpt lat="37.931390" lon="22.879340">
						<ele>4</ele>
						<time>2026-10-09T20:56:51Z</time>
					</trkpt>
					<trkpt lat="37.931190" lon="22.879530">
						<ele>5</ele>
						<time>2026-10-09T20:56:55Z</time>
					</trkpt>
					<trkpt lat="37.925840" lon="22.882640">
						<ele>17</ele>
						<time>2026-10-09T20:58:40Z</time>
					</trkpt>
					<trkpt lat="37.925340" lon="22.882870">
						<ele>16</ele>
						<time>2026-10-09T20:58:49Z</time>
					</trkpt>
					<trkpt lat="37.924940" lon="22.882980">
						<ele>15</ele>
						<time>2026-10-09T20:58:57Z</time>
					</trkpt>
					<trkpt lat="37.923430" lon="22.883270">
						<ele>15</ele>
						<time>2026-10-09T20:59:24Z</time>
					</trkpt>
					<trkpt lat="37.923590" lon="22.883350">
						<ele>15</ele>
						<time>2026-10-09T20:59:27Z</time>
					</trkpt>
					<trkpt lat="37.923720" lon="22.883310">
						<ele>15</ele>
						<time>2026-10-09T20:59:29Z</time>
					</trkpt>
					<trkpt lat="37.923850" lon="22.883190">
						<ele>16</ele>
						<time>2026-10-09T20:59:32Z</time>
					</trkpt>
					<trkpt lat="37.916430" lon="22.884640">
						<ele>20</ele>
						<time>2026-10-09T21:01:46Z</time>
					</trkpt>
					<trkpt lat="37.916280" lon="22.884640">
						<ele>21</ele>
						<time>2026-10-09T21:01:48Z</time>
					</trkpt>
					<trkpt lat="37.916020" lon="22.884550">
						<ele>21</ele>
						<time>2026-10-09T21:01:53Z</time>
					</trkpt>
					<trkpt lat="37.915930" lon="22.884580">
						<ele>22</ele>
						<time>2026-10-09T21:01:55Z</time>
					</trkpt>
					<trkpt lat="37.915860" lon="22.884670">
						<ele>22</ele>
						<time>2026-10-09T21:01:57Z</time>
					</trkpt>
					<trkpt lat="37.915860" lon="22.884820">
						<ele>22</ele>
						<time>2026-10-09T21:01:59Z</time>
					</trkpt>
					<trkpt lat="37.916040" lon="22.885130">
						<ele>21</ele>
						<time>2026-10-09T21:02:04Z</time>
					</trkpt>
					<trkpt lat="37.916100" lon="22.885280">
						<ele>21</ele>
						<time>2026-10-09T21:02:07Z</time>
					</trkpt>
					<trkpt lat="37.916150" lon="22.885650">
						<ele>20</ele>
						<time>2026-10-09T21:02:12Z</time>
					</trkpt>
					<trkpt lat="37.916150" lon="22.885780">
						<ele>20</ele>
						<time>2026-10-09T21:02:14Z</time>
					</trkpt>
					<trkpt lat="37.916000" lon="22.886390">
						<ele>22</ele>
						<time>2026-10-09T21:02:23Z</time>
					</trkpt>
					<trkpt lat="37.915910" lon="22.886950">
						<ele>22</ele>
						<time>2026-10-09T21:02:31Z</time>
					</trkpt>
					<trkpt lat="37.915990" lon="22.886960">
						<ele>22</ele>
						<time>2026-10-09T21:02:32Z</time>
					</trkpt>
					<trkpt lat="37.916060" lon="22.887840">
						<ele>22</ele>
						<time>2026-10-09T21:02:44Z</time>
					</trkpt>
					<trkpt lat="37.916360" lon="22.889370">
						<ele>23</ele>
						<time>2026-10-09T21:03:07Z</time>
					</trkpt>
					<trkpt lat="37.916680" lon="22.892310">
						<ele>26</ele>
						<time>2026-10-09T21:03:48Z</time>
					</trkpt>
					<trkpt lat="37.916850" lon="22.893000">
						<ele>29</ele>
						<time>2026-10-09T21:03:58Z</time>
					</trkpt>
					<trkpt lat="37.918280" lon="22.900050">
						<ele>35</ele>
						<time>2026-10-09T21:05:41Z</time>
					</trkpt>
					<trkpt lat="37.918160" lon="22.900080">
						<ele>36</ele>
						<time>2026-10-09T21:05:43Z</time>
					</trkpt>
					<trkpt lat="37.918690" lon="22.902690">
						<ele>37</ele>
						<time>2026-10-09T21:06:21Z</time>
					</trkpt>
					<trkpt lat="37.918920" lon="22.904090">
						<ele>37</ele>
						<time>2026-10-09T21:06:41Z</time>
					</trkpt>
					<trkpt lat="37.919170" lon="22.906290">
						<ele>38</ele>
						<time>2026-10-09T21:07:12Z</time>
					</trkpt>
					<trkpt lat="37.919470" lon="22.910530">
						<ele>36</ele>
						<time>2026-10-09T21:08:12Z</time>
					</trkpt>
					<trkpt lat="37.919740" lon="22.910530">
						<ele>35</ele>
						<time>2026-10-09T21:08:16Z</time>
					</trkpt>
					<trkpt lat="37.920500" lon="22.910470">
						<ele>35</ele>
						<time>2026-10-09T21:08:30Z</time>
					</trkpt>
					<trkpt lat="37.920770" lon="22.910540">
						<ele>35</ele>
						<time>2026-10-09T21:08:35Z</time>
					</trkpt>
					<trkpt lat="37.920990" lon="22.910660">
						<ele>34</ele>
						<time>2026-10-09T21:08:39Z</time>
					</trkpt>
					<trkpt lat="37.921210" lon="22.910820">
						<ele>34</ele>
						<time>2026-10-09T21:08:44Z</time>
					</trkpt>
					<trkpt lat="37.921570" lon="22.911230">
						<ele>34</ele>
						<time>2026-10-09T21:08:52Z</time>
					</trkpt>
					<trkpt lat="37.921960" lon="22.911730">
						<ele>35</ele>
						<time>2026-10-09T21:09:02Z</time>
					</trkpt>
					<trkpt lat="37.922290" lon="22.912030">
						<ele>36</ele>
						<time>2026-10-09T21:09:09Z</time>
					</trkpt>
					<trkpt lat="37.924130" lon="22.914350">
						<ele>30</ele>
						<time>2026-10-09T21:09:56Z</time>
					</trkpt>
					<trkpt lat="37.929510" lon="22.921020">
						<ele>22</ele>
						<time>2026-10-09T21:12:09Z</time>
					</trkpt>
					<trkpt lat="37.929850" lon="22.921490">
						<ele>21</ele>
						<time>2026-10-09T21:12:18Z</time>
					</trkpt>
					<trkpt lat="37.930440" lon="22.922490">
						<ele>23</ele>
						<time>2026-10-09T21:12:36Z</time>
					</trkpt>
					<trkpt lat="37.930730" lon="22.923060">
						<ele>22</ele>
						<time>2026-10-09T21:12:45Z</time>
					</trkpt>
					<trkpt lat="37.931090" lon="22.923940">
						<ele>18</ele>
						<time>2026-10-09T21:12:59Z</time>
					</trkpt>
					<trkpt lat="37.931550" lon="22.925480">
						<ele>19</ele>
						<time>2026-10-09T21:13:22Z</time>
					</trkpt>
					<trkpt lat="37.933630" lon="22.932850">
						<ele>31</ele>
						<time>2026-10-09T21:15:12Z</time>
					</trkpt>
					<trkpt lat="37.933890" lon="22.933820">
						<ele>37</ele>
						<time>2026-10-09T21:15:27Z</time>
					</trkpt>
					<trkpt lat="37.934050" lon="22.934530">
						<ele>44</ele>
						<time>2026-10-09T21:15:37Z</time>
					</trkpt>
					<trkpt lat="37.934190" lon="22.935460">
						<ele>44</ele>
						<time>2026-10-09T21:15:50Z</time>
					</trkpt>
					<trkpt lat="37.934270" lon="22.936280">
						<ele>39</ele>
						<time>2026-10-09T21:16:02Z</time>
					</trkpt>
					<trkpt lat="37.934300" lon="22.937060">
						<ele>39</ele>
						<time>2026-10-09T21:16:13Z</time>
					</trkpt>
					<trkpt lat="37.934130" lon="22.941700">
						<ele>48</ele>
						<time>2026-10-09T21:17:18Z</time>
					</trkpt>
					<trkpt lat="37.934060" lon="22.942070">
						<ele>47</ele>
						<time>2026-10-09T21:17:23Z</time>
					</trkpt>
					<trkpt lat="37.934040" lon="22.942930">
						<ele>44</ele>
						<time>2026-10-09T21:17:35Z</time>
					</trkpt>
					<trkpt lat="37.934060" lon="22.943600">
						<ele>43</ele>
						<time>2026-10-09T21:17:45Z</time>
					</trkpt>
					<trkpt lat="37.934200" lon="22.944900">
						<ele>45</ele>
						<time>2026-10-09T21:18:03Z</time>
					</trkpt>
					<trkpt lat="37.934380" lon="22.945770">
						<ele>45</ele>
						<time>2026-10-09T21:18:16Z</time>
					</trkpt>
					<trkpt lat="37.934590" lon="22.946500">
						<ele>45</ele>
						<time>2026-10-09T21:18:27Z</time>
					</trkpt>
					<trkpt lat="37.936770" lon="22.952950">
						<ele>47</ele>
						<time>2026-10-09T21:20:05Z</time>
					</trkpt>
					<trkpt lat="37.936960" lon="22.953740">
						<ele>46</ele>
						<time>2026-10-09T21:20:17Z</time>
					</trkpt>
					<trkpt lat="37.937010" lon="22.954090">
						<ele>45</ele>
						<time>2026-10-09T21:20:22Z</time>
					</trkpt>
					<trkpt lat="37.937040" lon="22.954630">
						<ele>46</ele>
						<time>2026-10-09T21:20:29Z</time>
					</trkpt>
					<trkpt lat="37.937010" lon="22.955430">
						<ele>46</ele>
						<time>2026-10-09T21:20:41Z</time>
					</trkpt>
					<trkpt lat="37.936940" lon="22.955880">
						<ele>45</ele>
						<time>2026-10-09T21:20:47Z</time>
					</trkpt>
					<trkpt lat="37.936750" lon="22.956680">
						<ele>45</ele>
						<time>2026-10-09T21:20:59Z</time>
					</trkpt>
					<trkpt lat="37.936210" lon="22.958470">
						<ele>49</ele>
						<time>2026-10-09T21:21:26Z</time>
					</trkpt>
					<trkpt lat="37.935850" lon="22.959560">
						<ele>50</ele>
						<time>2026-10-09T21:21:42Z</time>
					</trkpt>
					<trkpt lat="37.935610" lon="22.960150">
						<ele>49</ele>
						<time>2026-10-09T21:21:52Z</time>
					</trkpt>
					<trkpt lat="37.935460" lon="22.960420">
						<ele>49</ele>
						<time>2026-10-09T21:21:56Z</time>
					</trkpt>
					<trkpt lat="37.935090" lon="22.960990">
						<ele>50</ele>
						<time>2026-10-09T21:22:07Z</time>
					</trkpt>
					<trkpt lat="37.934600" lon="22.961550">
						<ele>51</ele>
						<time>2026-10-09T21:22:18Z</time>
					</trkpt>
					<trkpt lat="37.933640" lon="22.962310">
						<ele>53</ele>
						<time>2026-10-09T21:22:39Z</time>
					</trkpt>
					<trkpt lat="37.932210" lon="22.963510">
						<ele>56</ele>
						<time>2026-10-09T21:23:09Z</time>
					</trkpt>
					<trkpt lat="37.931650" lon="22.964100">
						<ele>60</ele>
						<time>2026-10-09T21:23:22Z</time>
					</trkpt>
					<trkpt lat="37.931230" lon="22.964640">
						<ele>62</ele>
						<time>2026-10-09T21:23:33Z</time>
					</trkpt>
					<trkpt lat="37.927490" lon="22.970710">
						<ele>76</ele>
						<time>2026-10-09T21:25:21Z</time>
					</trkpt>
					<trkpt lat="37.927240" lon="22.971160">
						<ele>76</ele>
						<time>2026-10-09T21:25:28Z</time>
					</trkpt>
					<trkpt lat="37.927100" lon="22.971470">
						<ele>76</ele>
						<time>2026-10-09T21:25:33Z</time>
					</trkpt>
					<trkpt lat="37.926860" lon="22.972130">
						<ele>75</ele>
						<time>2026-10-09T21:25:44Z</time>
					</trkpt>
					<trkpt lat="37.926670" lon="22.972820">
						<ele>74</ele>
						<time>2026-10-09T21:25:54Z</time>
					</trkpt>
					<trkpt lat="37.926510" lon="22.973710">
						<ele>73</ele>
						<time>2026-10-09T21:26:07Z</time>
					</trkpt>
					<trkpt lat="37.926220" lon="22.975890">
						<ele>73</ele>
						<time>2026-10-09T21:26:38Z</time>
					</trkpt>
					<trkpt lat="37.925970" lon="22.978640">
						<ele>67</ele>
						<time>2026-10-09T21:27:17Z</time>
					</trkpt>
					<trkpt lat="37.925870" lon="22.978830">
						<ele>67</ele>
						<time>2026-10-09T21:27:20Z</time>
					</trkpt>
					<trkpt lat="37.925850" lon="22.978960">
						<ele>68</ele>
						<time>2026-10-09T21:27:22Z</time>
					</trkpt>
					<trkpt lat="37.925530" lon="22.983010">
						<ele>62</ele>
						<time>2026-10-09T21:28:19Z</time>
					</trkpt>
					<trkpt lat="37.925620" lon="22.983020">
						<ele>62</ele>
						<time>2026-10-09T21:28:20Z</time>
					</trkpt>
					<trkpt lat="37.925310" lon="22.987020">
						<ele>61</ele>
						<time>2026-10-09T21:29:17Z</time>
					</trkpt>
					<trkpt lat="37.925270" lon="22.987740">
						<ele>62</ele>
						<time>2026-10-09T21:29:27Z</time>
					</trkpt>
					<trkpt lat="37.925280" lon="22.988520">
						<ele>63</ele>
						<time>2026-10-09T21:29:38Z</time>
					</trkpt>
					<trkpt lat="37.925340" lon="22.989310">
						<ele>64</ele>
						<time>2026-10-09T21:29:49Z</time>
					</trkpt>
					<trkpt lat="37.925480" lon="22.990320">
						<ele>63</ele>
						<time>2026-10-09T21:30:03Z</time>
					</trkpt>
					<trkpt lat="37.925810" lon="22.992510">
						<ele>63</ele>
						<time>2026-10-09T21:30:35Z</time>
					</trkpt>
					<trkpt lat="37.925910" lon="22.993020">
						<ele>64</ele>
						<time>2026-10-09T21:30:42Z</time>
					</trkpt>
					<trkpt lat="37.925990" lon="22.993300">
						<ele>64</ele>
						<time>2026-10-09T21:30:46Z</time>
					</trkpt>
					<trkpt lat="37.926190" lon="22.993750">
						<ele>59</ele>
						<time>2026-10-09T21:30:54Z</time>
					</trkpt>
					<trkpt lat="37.926390" lon="22.994010">
						<ele>51</ele>
						<time>2026-10-09T21:30:59Z</time>
					</trkpt>
					<trkpt lat="37.927470" lon="22.995250">
						<ele>56</ele>
						<time>2026-10-09T21:31:25Z</time>
					</trkpt>
					<trkpt lat="37.927580" lon="22.995410">
						<ele>59</ele>
						<time>2026-10-09T21:31:28Z</time>
					</trkpt>
					<trkpt lat="37.927710" lon="22.995790">
						<ele>64</ele>
						<time>2026-10-09T21:31:33Z</time>
					</trkpt>
					<trkpt lat="37.927750" lon="22.996180">
						<ele>65</ele>
						<time>2026-10-09T21:31:39Z</time>
					</trkpt>
					<trkpt lat="37.927700" lon="22.996470">
						<ele>65</ele>
						<time>2026-10-09T21:31:43Z</time>
					</trkpt>
					<trkpt lat="37.927600" lon="22.996690">
						<ele>65</ele>
						<time>2026-10-09T21:31:47Z</time>
					</trkpt>
					<trkpt lat="37.927480" lon="22.996880">
						<ele>65</ele>
						<time>2026-10-09T21:31:50Z</time>
					</trkpt>
					<trkpt lat="37.927130" lon="22.997290">
						<ele>65</ele>
						<time>2026-10-09T21:31:59Z</time>
					</trkpt>
					<trkpt lat="37.926960" lon="22.997600">
						<ele>65</ele>
						<time>2026-10-09T21:32:04Z</time>
					</trkpt>
					<trkpt lat="37.926620" lon="22.998050">
						<ele>65</ele>
						<time>2026-10-09T21:32:13Z</time>
					</trkpt>
					<trkpt lat="37.926110" lon="22.998530">
						<ele>63</ele>
						<time>2026-10-09T21:32:24Z</time>
					</trkpt>
					<trkpt lat="37.925710" lon="22.998860">
						<ele>61</ele>
						<time>2026-10-09T21:32:32Z</time>
					</trkpt>
					<trkpt lat="37.924600" lon="22.999530">
						<ele>53</ele>
						<time>2026-10-09T21:32:54Z</time>
					</trkpt>
					<trkpt lat="37.924230" lon="22.999880">
						<ele>51</ele>
						<time>2026-10-09T21:33:02Z</time>
					</trkpt>
					<trkpt lat="37.923890" lon="23.000360">
						<ele>47</ele>
						<time>2026-10-09T21:33:11Z</time>
					</trkpt>
					<trkpt lat="37.923750" lon="23.000630">
						<ele>47</ele>
						<time>2026-10-09T21:33:16Z</time>
					</trkpt>
					<trkpt lat="37.923520" lon="23.001330">
						<ele>51</ele>
						<time>2026-10-09T21:33:27Z</time>
					</trkpt>
					<trkpt lat="37.923320" lon="23.002280">
						<ele>49</ele>
						<time>2026-10-09T21:33:40Z</time>
					</trkpt>
					<trkpt lat="37.923170" lon="23.002840">
						<ele>47</ele>
						<time>2026-10-09T21:33:49Z</time>
					</trkpt>
					<trkpt lat="37.922920" lon="23.003340">
						<ele>45</ele>
						<time>2026-10-09T21:33:57Z</time>
					</trkpt>
					<trkpt lat="37.922630" lon="23.003810">
						<ele>41</ele>
						<time>2026-10-09T21:34:05Z</time>
					</trkpt>
					<trkpt lat="37.922510" lon="23.004100">
						<ele>38</ele>
						<time>2026-10-09T21:34:10Z</time>
					</trkpt>
					<trkpt lat="37.922410" lon="23.004440">
						<ele>38</ele>
						<time>2026-10-09T21:34:15Z</time>
					</trkpt>
					<trkpt lat="37.922130" lon="23.005880">
						<ele>35</ele>
						<time>2026-10-09T21:34:36Z</time>
					</trkpt>
					<trkpt lat="37.922070" lon="23.006810">
						<ele>30</ele>
						<time>2026-10-09T21:34:49Z</time>
					</trkpt>
					<trkpt lat="37.922120" lon="23.007650">
						<ele>29</ele>
						<time>2026-10-09T21:35:01Z</time>
					</trkpt>
					<trkpt lat="37.922250" lon="23.008560">
						<ele>23</ele>
						<time>2026-10-09T21:35:14Z</time>
					</trkpt>
					<trkpt lat="37.922380" lon="23.009080">
						<ele>20</ele>
						<time>2026-10-09T21:35:22Z</time>
					</trkpt>
					<trkpt lat="37.922660" lon="23.009880">
						<ele>17</ele>
						<time>2026-10-09T21:35:34Z</time>
					</trkpt>
					<trkpt lat="37.923670" lon="23.012370">
						<ele>13</ele>
						<time>2026-10-09T21:36:13Z</time>
					</trkpt>
					<trkpt lat="37.924350" lon="23.013910">
						<ele>13</ele>
						<time>2026-10-09T21:36:38Z</time>
					</trkpt>
					<trkpt lat="37.925020" lon="23.015340">
						<ele>15</ele>
						<time>2026-10-09T21:37:01Z</time>
					</trkpt>
					<trkpt lat="37.925350" lon="23.016330">
						<ele>12</ele>
						<time>2026-10-09T21:37:16Z</time>
					</trkpt>
					<trkpt lat="37.925510" lon="23.016980">
						<ele>11</ele>
						<time>2026-10-09T21:37:26Z</time>
					</trkpt>
					<trkpt lat="37.925610" lon="23.017580">
						<ele>11</ele>
						<time>2026-10-09T21:37:34Z</time>
					</trkpt>
					<trkpt lat="37.925680" lon="23.018220">
						<ele>9</ele>
						<time>2026-10-09T21:37:44Z</time>
					</trkpt>
					<trkpt lat="37.925720" lon="23.018790">
						<ele>8</ele>
						<time>2026-10-09T21:37:52Z</time>
					</trkpt>
					<trkpt lat="37.925720" lon="23.019590">
						<ele>9</ele>
						<time>2026-10-09T21:38:03Z</time>
					</trkpt>
					<trkpt lat="37.925690" lon="23.020280">
						<ele>11</ele>
						<time>2026-10-09T21:38:12Z</time>
					</trkpt>
					<trkpt lat="37.925570" lon="23.021970">
						<ele>11</ele>
						<time>2026-10-09T21:38:36Z</time>
					</trkpt>
					<trkpt lat="37.925360" lon="23.025920">
						<ele>13</ele>
						<time>2026-10-09T21:39:32Z</time>
					</trkpt>
					<trkpt lat="37.925260" lon="23.026790">
						<ele>17</ele>
						<time>2026-10-09T21:39:44Z</time>
					</trkpt>
					<trkpt lat="37.924640" lon="23.030380">
						<ele>22</ele>
						<time>2026-10-09T21:40:36Z</time>
					</trkpt>
					<trkpt lat="37.924480" lon="23.030960">
						<ele>21</ele>
						<time>2026-10-09T21:40:44Z</time>
					</trkpt>
					<trkpt lat="37.924210" lon="23.031480">
						<ele>21</ele>
						<time>2026-10-09T21:40:53Z</time>
					</trkpt>
					<trkpt lat="37.924110" lon="23.031740">
						<ele>22</ele>
						<time>2026-10-09T21:40:57Z</time>
					</trkpt>
					<trkpt lat="37.924010" lon="23.032140">
						<ele>22</ele>
						<time>2026-10-09T21:41:03Z</time>
					</trkpt>
					<trkpt lat="37.923990" lon="23.032390">
						<ele>22</ele>
						<time>2026-10-09T21:41:07Z</time>
					</trkpt>
					<trkpt lat="37.924040" lon="23.032860">
						<ele>21</ele>
						<time>2026-10-09T21:41:13Z</time>
					</trkpt>
					<trkpt lat="37.924330" lon="23.034040">
						<ele>19</ele>
						<time>2026-10-09T21:41:31Z</time>
					</trkpt>
					<trkpt lat="37.924390" lon="23.034430">
						<ele>19</ele>
						<time>2026-10-09T21:41:36Z</time>
					</trkpt>
					<trkpt lat="37.924550" lon="23.037700">
						<ele>15</ele>
						<time>2026-10-09T21:42:22Z</time>
					</trkpt>
					<trkpt lat="37.924550" lon="23.038140">
						<ele>15</ele>
						<time>2026-10-09T21:42:28Z</time>
					</trkpt>
					<trkpt lat="37.924070" lon="23.045380">
						<ele>10</ele>
						<time>2026-10-09T21:44:10Z</time>
					</trkpt>
					<trkpt lat="37.923970" lon="23.047480">
						<ele>8</ele>
						<time>2026-10-09T21:44:40Z</time>
					</trkpt>
					<trkpt lat="37.923860" lon="23.049070">
						<ele>7</ele>
						<time>2026-10-09T21:45:02Z</time>
					</trkpt>
					<trkpt lat="37.923770" lon="23.049720">
						<ele>10</ele>
						<time>2026-10-09T21:45:12Z</time>
					</trkpt>
					<trkpt lat="37.923670" lon="23.050160">
						<ele>12</ele>
						<time>2026-10-09T21:45:18Z</time>
					</trkpt>
					<trkpt lat="37.923200" lon="23.051460">
						<ele>11</ele>
						<time>2026-10-09T21:45:38Z</time>
					</trkpt>
					<trkpt lat="37.922840" lon="23.052850">
						<ele>10</ele>
						<time>2026-10-09T21:45:59Z</time>
					</trkpt>
					<trkpt lat="37.922650" lon="23.053430">
						<ele>10</ele>
						<time>2026-10-09T21:46:07Z</time>
					</trkpt>
					<trkpt lat="37.922420" lon="23.053940">
						<ele>11</ele>
						<time>2026-10-09T21:46:16Z</time>
					</trkpt>
					<trkpt lat="37.922200" lon="23.054340">
						<ele>13</ele>
						<time>2026-10-09T21:46:22Z</time>
					</trkpt>
					<trkpt lat="37.921390" lon="23.055570">
						<ele>17</ele>
						<time>2026-10-09T21:46:45Z</time>
					</trkpt>
					<trkpt lat="37.920950" lon="23.056310">
						<ele>15</ele>
						<time>2026-10-09T21:46:58Z</time>
					</trkpt>
					<trkpt lat="37.920640" lon="23.056890">
						<ele>13</ele>
						<time>2026-10-09T21:47:08Z</time>
					</trkpt>
					<trkpt lat="37.920470" lon="23.057260">
						<ele>12</ele>
						<time>2026-10-09T21:47:14Z</time>
					</trkpt>
					<trkpt lat="37.920140" lon="23.058120">
						<ele>12</ele>
						<time>2026-10-09T21:47:27Z</time>
					</trkpt>
					<trkpt lat="37.919980" lon="23.058630">
						<ele>13</ele>
						<time>2026-10-09T21:47:35Z</time>
					</trkpt>
					<trkpt lat="37.919860" lon="23.059120">
						<ele>13</ele>
						<time>2026-10-09T21:47:42Z</time>
					</trkpt>
					<trkpt lat="37.919700" lon="23.060100">
						<ele>13</ele>
						<time>2026-10-09T21:47:56Z</time>
					</trkpt>
					<trkpt lat="37.919660" lon="23.060560">
						<ele>14</ele>
						<time>2026-10-09T21:48:03Z</time>
					</trkpt>
					<trkpt lat="37.919680" lon="23.061080">
						<ele>16</ele>
						<time>2026-10-09T21:48:10Z</time>
					</trkpt>
					<trkpt lat="37.919790" lon="23.061570">
						<ele>19</ele>
						<time>2026-10-09T21:48:17Z</time>
					</trkpt>
					<trkpt lat="37.919910" lon="23.061850">
						<ele>19</ele>
						<time>2026-10-09T21:48:22Z</time>
					</trkpt>
					<trkpt lat="37.919890" lon="23.062080">
						<ele>19</ele>
						<time>2026-10-09T21:48:25Z</time>
					</trkpt>
					<trkpt lat="37.919820" lon="23.062320">
						<ele>19</ele>
						<time>2026-10-09T21:48:28Z</time>
					</trkpt>
					<trkpt lat="37.919770" lon="23.062380">
						<ele>19</ele>
						<time>2026-10-09T21:48:30Z</time>
					</trkpt>
					<trkpt lat="37.919680" lon="23.062440">
						<ele>18</ele>
						<time>2026-10-09T21:48:31Z</time>
					</trkpt>
					<trkpt lat="37.919590" lon="23.062440">
						<ele>18</ele>
						<time>2026-10-09T21:48:33Z</time>
					</trkpt>
					<trkpt lat="37.919510" lon="23.062470">
						<ele>18</ele>
						<time>2026-10-09T21:48:35Z</time>
					</trkpt>
					<trkpt lat="37.919450" lon="23.062560">
						<ele>18</ele>
						<time>2026-10-09T21:48:36Z</time>
					</trkpt>
					<trkpt lat="37.919470" lon="23.062710">
						<ele>18</ele>
						<time>2026-10-09T21:48:38Z</time>
					</trkpt>
					<trkpt lat="37.919540" lon="23.062780">
						<ele>18</ele>
						<time>2026-10-09T21:48:40Z</time>
					</trkpt>
					<trkpt lat="37.919580" lon="23.062790">
						<ele>18</ele>
						<time>2026-10-09T21:48:41Z</time>
					</trkpt>
					<trkpt lat="37.919660" lon="23.062890">
						<ele>19</ele>
						<time>2026-10-09T21:48:43Z</time>
					</trkpt>
					<trkpt lat="37.919720" lon="23.063050">
						<ele>19</ele>
						<time>2026-10-09T21:48:45Z</time>
					</trkpt>
					<trkpt lat="37.919740" lon="23.064380">
						<ele>22</ele>
						<time>2026-10-09T21:49:04Z</time>
					</trkpt>
					<trkpt lat="37.920920" lon="23.091160">
						<ele>21</ele>
						<time>2026-10-09T21:55:20Z</time>
					</trkpt>
					<trkpt lat="37.920920" lon="23.092140">
						<ele>22</ele>
						<time>2026-10-09T21:55:34Z</time>
					</trkpt>
					<trkpt lat="37.920860" lon="23.093050">
						<ele>16</ele>
						<time>2026-10-09T21:55:47Z</time>
					</trkpt>
					<trkpt lat="37.920600" lon="23.094380">
						<ele>10</ele>
						<time>2026-10-09T21:56:06Z</time>
					</trkpt>
					<trkpt lat="37.920460" lon="23.094930">
						<ele>11</ele>
						<time>2026-10-09T21:56:14Z</time>
					</trkpt>
					<trkpt lat="37.920480" lon="23.095040">
						<ele>11</ele>
						<time>2026-10-09T21:56:16Z</time>
					</trkpt>
					<trkpt lat="37.920720" lon="23.095430">
						<ele>12</ele>
						<time>2026-10-09T21:56:23Z</time>
					</trkpt>
					<trkpt lat="37.919350" lon="23.097310">
						<ele>8</ele>
						<time>2026-10-09T21:56:59Z</time>
					</trkpt>
					<trkpt lat="37.918410" lon="23.097990">
						<ele>8</ele>
						<time>2026-10-09T21:57:18Z</time>
					</trkpt>
					<trkpt lat="37.918220" lon="23.098180">
						<ele>8</ele>
						<time>2026-10-09T21:57:22Z</time>
					</trkpt>
					<trkpt lat="37.918010" lon="23.098480">
						<ele>6</ele>
						<time>2026-10-09T21:57:28Z</time>
					</trkpt>
					<trkpt lat="37.917830" lon="23.098850">
						<ele>5</ele>
						<time>2026-10-09T21:57:34Z</time>
					</trkpt>
					<trkpt lat="37.917710" lon="23.099350">
						<ele>5</ele>
						<time>2026-10-09T21:57:41Z</time>
					</trkpt>
					<trkpt lat="37.917680" lon="23.099760">
						<ele>4</ele>
						<time>2026-10-09T21:57:47Z</time>
					</trkpt>
					<trkpt lat="37.917790" lon="23.100960">
						<ele>8</ele>
						<time>2026-10-09T21:58:04Z</time>
					</trkpt>
					<trkpt lat="37.917760" lon="23.101710">
						<ele>10</ele>
						<time>2026-10-09T21:58:15Z</time>
					</trkpt>
					<trkpt lat="37.917590" lon="23.102500">
						<ele>7</ele>
						<time>2026-10-09T21:58:26Z</time>
					</trkpt>
					<trkpt lat="37.916680" lon="23.105130">
						<ele>5</ele>
						<time>2026-10-09T21:59:06Z</time>
					</trkpt>
					<trkpt lat="37.916500" lon="23.105860">
						<ele>5</ele>
						<time>2026-10-09T21:59:17Z</time>
					</trkpt>
					<trkpt lat="37.916420" lon="23.106270">
						<ele>5</ele>
						<time>2026-10-09T21:59:23Z</time>
					</trkpt>
					<trkpt lat="37.916350" lon="23.106970">
						<ele>6</ele>
						<time>2026-10-09T21:59:33Z</time>
					</trkpt>
					<trkpt lat="37.916320" lon="23.107950">
						<ele>7</ele>
						<time>2026-10-09T21:59:47Z</time>
					</trkpt>
					<trkpt lat="37.916360" lon="23.108400">
						<ele>7</ele>
						<time>2026-10-09T21:59:53Z</time>
					</trkpt>
					<trkpt lat="37.916430" lon="23.108730">
						<ele>7</ele>
						<time>2026-10-09T21:59:58Z</time>
					</trkpt>
					<trkpt lat="37.917500" lon="23.111920">
						<ele>5</ele>
						<time>2026-10-09T22:00:47Z</time>
					</trkpt>
					<trkpt lat="37.917670" lon="23.112850">
						<ele>4</ele>
						<time>2026-10-09T22:01:00Z</time>
					</trkpt>
					<trkpt lat="37.918270" lon="23.117120">
						<ele>6</ele>
						<time>2026-10-09T22:02:01Z</time>
					</trkpt>
					<trkpt lat="37.918440" lon="23.117760">
						<ele>6</ele>
						<time>2026-10-09T22:02:10Z</time>
					</trkpt>
					<trkpt lat="37.918630" lon="23.118170">
						<ele>6</ele>
						<time>2026-10-09T22:02:17Z</time>
					</trkpt>
					<trkpt lat="37.919620" lon="23.119710">
						<ele>8</ele>
						<time>2026-10-09T22:02:45Z</time>
					</trkpt>
					<trkpt lat="37.919730" lon="23.119850">
						<ele>8</ele>
						<time>2026-10-09T22:02:48Z</time>
					</trkpt>
					<trkpt lat="37.920020" lon="23.120130">
						<ele>9</ele>
						<time>2026-10-09T22:02:54Z</time>
					</trkpt>
					<trkpt lat="37.920200" lon="23.120360">
						<ele>9</ele>
						<time>2026-10-09T22:02:59Z</time>
					</trkpt>
					<trkpt lat="37.920920" lon="23.121350">
						<ele>10</ele>
						<time>2026-10-09T22:03:18Z</time>
					</trkpt>
					<trkpt lat="37.921310" lon="23.121990">
						<ele>10</ele>
						<time>2026-10-09T22:03:29Z</time>
					</trkpt>
					<trkpt lat="37.921410" lon="23.122210">
						<ele>10</ele>
						<time>2026-10-09T22:03:32Z</time>
					</trkpt>
					<trkpt lat="37.921730" lon="23.123490">
						<ele>11</ele>
						<time>2026-10-09T22:03:51Z</time>
					</trkpt>
					<trkpt lat="37.921870" lon="23.123870">
						<ele>10</ele>
						<time>2026-10-09T22:03:57Z</time>
					</trkpt>
					<trkpt lat="37.923170" lon="23.126170">
						<ele>13</ele>
						<time>2026-10-09T22:04:37Z</time>
					</trkpt>
					<trkpt lat="37.924220" lon="23.128330">
						<ele>14</ele>
						<time>2026-10-09T22:05:13Z</time>
					</trkpt>
					<trkpt lat="37.924310" lon="23.128580">
						<ele>15</ele>
						<time>2026-10-09T22:05:16Z</time>
					</trkpt>
					<trkpt lat="37.924380" lon="23.128880">
						<ele>16</ele>
						<time>2026-10-09T22:05:21Z</time>
					</trkpt>
					<trkpt lat="37.924830" lon="23.131650">
						<ele>15</ele>
						<time>2026-10-09T22:06:00Z</time>
					</trkpt>
					<trkpt lat="37.924990" lon="23.132390">
						<ele>16</ele>
						<time>2026-10-09T22:06:11Z</time>
					</trkpt>
					<trkpt lat="37.925380" lon="23.133840">
						<ele>16</ele>
						<time>2026-10-09T22:06:33Z</time>
					</trkpt>
					<trkpt lat="37.926070" lon="23.136120">
						<ele>16</ele>
						<time>2026-10-09T22:07:07Z</time>
					</trkpt>
					<trkpt lat="37.926110" lon="23.136610">
						<ele>16</ele>
						<time>2026-10-09T22:07:14Z</time>
					</trkpt>
					<trkpt lat="37.925980" lon="23.137400">
						<ele>15</ele>
						<time>2026-10-09T22:07:25Z</time>
					</trkpt>
					<trkpt lat="37.925960" lon="23.137830">
						<ele>14</ele>
						<time>2026-10-09T22:07:31Z</time>
					</trkpt>
					<trkpt lat="37.926000" lon="23.138150">
						<ele>13</ele>
						<time>2026-10-09T22:07:36Z</time>
					</trkpt>
					<trkpt lat="37.927170" lon="23.141440">
						<ele>11</ele>
						<time>2026-10-09T22:08:26Z</time>
					</trkpt>
					<trkpt lat="37.927370" lon="23.141930">
						<ele>11</ele>
						<time>2026-10-09T22:08:34Z</time>
					</trkpt>
					<trkpt lat="37.927650" lon="23.142420">
						<ele>10</ele>
						<time>2026-10-09T22:08:43Z</time>
					</trkpt>
					<trkpt lat="37.928130" lon="23.143150">
						<ele>9</ele>
						<time>2026-10-09T22:08:56Z</time>
					</trkpt>
					<trkpt lat="37.928330" lon="23.143370">
						<ele>8</ele>
						<time>2026-10-09T22:09:01Z</time>
					</trkpt>
					<trkpt lat="37.934650" lon="23.148300">
						<ele>5</ele>
						<time>2026-10-09T22:11:13Z</time>
					</trkpt>
					<trkpt lat="37.936190" lon="23.149650">
						<ele>6</ele>
						<time>2026-10-09T22:11:46Z</time>
					</trkpt>
					<trkpt lat="37.936210" lon="23.149610">
						<ele>6</ele>
						<time>2026-10-09T22:11:47Z</time>
					</trkpt>
					<trkpt lat="37.937170" lon="23.150450">
						<ele>5</ele>
						<time>2026-10-09T22:12:08Z</time>
					</trkpt>
					<trkpt lat="37.941000" lon="23.153920">
						<ele>4</ele>
						<time>2026-10-09T22:13:31Z</time>
					</trkpt>
					<trkpt lat="37.941490" lon="23.154390">
						<ele>6</ele>
						<time>2026-10-09T22:13:42Z</time>
					</trkpt>
					<trkpt lat="37.941690" lon="23.154630">
						<ele>7</ele>
						<time>2026-10-09T22:13:47Z</time>
					</trkpt>
					<trkpt lat="37.941960" lon="23.155060">
						<ele>9</ele>
						<time>2026-10-09T22:13:55Z</time>
					</trkpt>
					<trkpt lat="37.943240" lon="23.157380">
						<ele>9</ele>
						<time>2026-10-09T22:14:35Z</time>
					</trkpt>
					<trkpt lat="37.943540" lon="23.157850">
						<ele>11</ele>
						<time>2026-10-09T22:14:43Z</time>
					</trkpt>
					<trkpt lat="37.944290" lon="23.158630">
						<ele>12</ele>
						<time>2026-10-09T22:15:00Z</time>
					</trkpt>
					<trkpt lat="37.944330" lon="23.158710">
						<ele>12</ele>
						<time>2026-10-09T22:15:02Z</time>
					</trkpt>
					<trkpt lat="37.944580" lon="23.158950">
						<ele>12</ele>
						<time>2026-10-09T22:15:07Z</time>
					</trkpt>
					<trkpt lat="37.944730" lon="23.159080">
						<ele>12</ele>
						<time>2026-10-09T22:15:10Z</time>
					</trkpt>
					<trkpt lat="37.945240" lon="23.159420">
						<ele>12</ele>
						<time>2026-10-09T22:15:21Z</time>
					</trkpt>
					<trkpt lat="37.945440" lon="23.159600">
						<ele>13</ele>
						<time>2026-10-09T22:15:25Z</time>
					</trkpt>
					<trkpt lat="37.945720" lon="23.160000">
						<ele>12</ele>
						<time>2026-10-09T22:15:33Z</time>
					</trkpt>
					<trkpt lat="37.946050" lon="23.160540">
						<ele>11</ele>
						<time>2026-10-09T22:15:42Z</time>
					</trkpt>
					<trkpt lat="37.946240" lon="23.160770">
						<ele>11</ele>
						<time>2026-10-09T22:15:47Z</time>
					</trkpt>
					<trkpt lat="37.946730" lon="23.161480">
						<ele>10</ele>
						<time>2026-10-09T22:16:00Z</time>
					</trkpt>
					<trkpt lat="37.947630" lon="23.162710">
						<ele>14</ele>
						<time>2026-10-09T22:16:24Z</time>
					</trkpt>
					<trkpt lat="37.947820" lon="23.162920">
						<ele>14</ele>
						<time>2026-10-09T22:16:28Z</time>
					</trkpt>
					<trkpt lat="37.948060" lon="23.163120">
						<ele>15</ele>
						<time>2026-10-09T22:16:33Z</time>
					</trkpt>
					<trkpt lat="37.948390" lon="23.163460">
						<ele>17</ele>
						<time>2026-10-09T22:16:41Z</time>
					</trkpt>
					<trkpt lat="37.948840" lon="23.164020">
						<ele>16</ele>
						<time>2026-10-09T22:16:52Z</time>
					</trkpt>
					<trkpt lat="37.948970" lon="23.164260">
						<ele>16</ele>
						<time>2026-10-09T22:16:56Z</time>
					</trkpt>
					<trkpt lat="37.949110" lon="23.164730">
						<ele>16</ele>
						<time>2026-10-09T22:17:03Z</time>
					</trkpt>
					<trkpt lat="37.949360" lon="23.166140">
						<ele>14</ele>
						<time>2026-10-09T22:17:23Z</time>
					</trkpt>
					<trkpt lat="37.949570" lon="23.166880">
						<ele>15</ele>
						<time>2026-10-09T22:17:34Z</time>
					</trkpt>
					<trkpt lat="37.949680" lon="23.167130">
						<ele>15</ele>
						<time>2026-10-09T22:17:38Z</time>
					</trkpt>
					<trkpt lat="37.950010" lon="23.167640">
						<ele>17</ele>
						<time>2026-10-09T22:17:48Z</time>
					</trkpt>
					<trkpt lat="37.950180" lon="23.167960">
						<ele>18</ele>
						<time>2026-10-09T22:17:53Z</time>
					</trkpt>
					<trkpt lat="37.950360" lon="23.168440">
						<ele>18</ele>
						<time>2026-10-09T22:18:01Z</time>
					</trkpt>
					<trkpt lat="37.950610" lon="23.169370">
						<ele>19</ele>
						<time>2026-10-09T22:18:14Z</time>
					</trkpt>
					<trkpt lat="37.950930" lon="23.171010">
						<ele>18</ele>
						<time>2026-10-09T22:18:38Z</time>
					</trkpt>
					<trkpt lat="37.950980" lon="23.171380">
						<ele>18</ele>
						<time>2026-10-09T22:18:43Z</time>
					</trkpt>
					<trkpt lat="37.950960" lon="23.171920">
						<ele>17</ele>
						<time>2026-10-09T22:18:51Z</time>
					</trkpt>
					<trkpt lat="37.950800" lon="23.172800">
						<ele>14</ele>
						<time>2026-10-09T22:19:04Z</time>
					</trkpt>
					<trkpt lat="37.950800" lon="23.173160">
						<ele>14</ele>
						<time>2026-10-09T22:19:09Z</time>
					</trkpt>
					<trkpt lat="37.950840" lon="23.173480">
						<ele>14</ele>
						<time>2026-10-09T22:19:13Z</time>
					</trkpt>
					<trkpt lat="37.951300" lon="23.175070">
						<ele>18</ele>
						<time>2026-10-09T22:19:37Z</time>
					</trkpt>
					<trkpt lat="37.951530" lon="23.175980">
						<ele>18</ele>
						<time>2026-10-09T22:19:50Z</time>
					</trkpt>
					<trkpt lat="37.951710" lon="23.176820">
						<ele>18</ele>
						<time>2026-10-09T22:20:03Z</time>
					</trkpt>
					<trkpt lat="37.952220" lon="23.178800">
						<ele>14</ele>
						<time>2026-10-09T22:20:32Z</time>
					</trkpt>
					<trkpt lat="37.952420" lon="23.179270">
						<ele>15</ele>
						<time>2026-10-09T22:20:39Z</time>
					</trkpt>
					<trkpt lat="37.952700" lon="23.179790">
						<ele>15</ele>
						<time>2026-10-09T22:20:48Z</time>
					</trkpt>
					<trkpt lat="37.952920" lon="23.180260">
						<ele>15</ele>
						<time>2026-10-09T22:20:56Z</time>
					</trkpt>
					<trkpt lat="37.953180" lon="23.180650">
						<ele>16</ele>
						<time>2026-10-09T22:21:03Z</time>
					</trkpt>
					<trkpt lat="37.953460" lon="23.180910">
						<ele>17</ele>
						<time>2026-10-09T22:21:09Z</time>
					</trkpt>
					<trkpt lat="37.954330" lon="23.181550">
						<ele>22</ele>
						<time>2026-10-09T22:21:27Z</time>
					</trkpt>
					<trkpt lat="37.954420" lon="23.181630">
						<ele>22</ele>
						<time>2026-10-09T22:21:29Z</time>
					</trkpt>
					<trkpt lat="37.954540" lon="23.181800">
						<ele>22</ele>
						<time>2026-10-09T22:21:32Z</time>
					</trkpt>
					<trkpt lat="37.954690" lon="23.182220">
						<ele>22</ele>
						<time>2026-10-09T22:21:39Z</time>
					</trkpt>
					<trkpt lat="37.955000" lon="23.183400">
						<ele>21</ele>
						<time>2026-10-09T22:21:56Z</time>
					</trkpt>
					<trkpt lat="37.955190" lon="23.183940">
						<ele>20</ele>
						<time>2026-10-09T22:22:04Z</time>
					</trkpt>
					<trkpt lat="37.955350" lon="23.184220">
						<ele>19</ele>
						<time>2026-10-09T22:22:09Z</time>
					</trkpt>
					<trkpt lat="37.955860" lon="23.184910">
						<ele>17</ele>
						<time>2026-10-09T22:22:23Z</time>
					</trkpt>
					<trkpt lat="37.956020" lon="23.185230">
						<ele>17</ele>
						<time>2026-10-09T22:22:28Z</time>
					</trkpt>
					<trkpt lat="37.956690" lon="23.186810">
						<ele>18</ele>
						<time>2026-10-09T22:22:53Z</time>
					</trkpt>
					<trkpt lat="37.956790" lon="23.187160">
						<ele>17</ele>
						<time>2026-10-09T22:22:58Z</time>
					</trkpt>
					<trkpt lat="37.956860" lon="23.187700">
						<ele>15</ele>
						<time>2026-10-09T22:23:06Z</time>
					</trkpt>
					<trkpt lat="37.956820" lon="23.190450">
						<ele>14</ele>
						<time>2026-10-09T22:23:44Z</time>
					</trkpt>
					<trkpt lat="37.956830" lon="23.191130">
						<ele>15</ele>
						<time>2026-10-09T22:23:54Z</time>
					</trkpt>
					<trkpt lat="37.956870" lon="23.191430">
						<ele>15</ele>
						<time>2026-10-09T22:23:58Z</time>
					</trkpt>
					<trkpt lat="37.957260" lon="23.192620">
						<ele>14</ele>
						<time>2026-10-09T22:24:16Z</time>
					</trkpt>
					<trkpt lat="37.958690" lon="23.196430">
						<ele>14</ele>
						<time>2026-10-09T22:25:16Z</time>
					</trkpt>
					<trkpt lat="37.958840" lon="23.196740">
						<ele>14</ele>
						<time>2026-10-09T22:25:21Z</time>
					</trkpt>
					<trkpt lat="37.959500" lon="23.197780">
						<ele>12</ele>
						<time>2026-10-09T22:25:39Z</time>
					</trkpt>
					<trkpt lat="37.959730" lon="23.198190">
						<ele>11</ele>
						<time>2026-10-09T22:25:46Z</time>
					</trkpt>
					<trkpt lat="37.961400" lon="23.200810">
						<ele>9</ele>
						<time>2026-10-09T22:26:34Z</time>
					</trkpt>
					<trkpt lat="37.962180" lon="23.202100">
						<ele>10</ele>
						<time>2026-10-09T22:26:57Z</time>
					</trkpt>
					<trkpt lat="37.962530" lon="23.201780">
						<ele>11</ele>
						<time>2026-10-09T22:27:04Z</time>
					</trkpt>
					</trkseg>
				</trk>
			</gpx>