<?xml version="1.0" encoding="UTF-8"?>
<gpx creator="StravaGPX" version="1.1" xmlns="http://www.topografix.com/GPX/1/1" xmlns:xsi="http://www.w3.org/2001/XMLSchema-instance" xsi:schemaLocation="http://www.topografix.com/GPX/1/1 http://www.topografix.com/GPX/1/1/gpx.xsd">
 <metadata>
  <name>Tour de Almopia</name>
  <desc>Mini Brevet "Tour de Almopia" </desc>
  <author>
   <name>Maria Iatridou 🌿</name>
   <link href="https://www.strava.com/athletes/79756659"/>
  </author>
  <copyright author="OpenStreetMap contributors">
   <year>2020</year>
   <license>https://www.openstreetmap.org/copyright</license>
  </copyright>
  <link href="https://www.strava.com/routes/3533154180236369102"/>
 </metadata>
 <wpt lat="40.92639" lon="21.9764">
  <name>Monastiraki</name>
  <desc>Σημείο ελέγχου, Μοναστηράκι</desc>
  <sym>Checkpoint</sym>
  <type>Checkpoint</type>
 </wpt>
 <wpt lat="41.01058" lon="22.17837">
  <name>Ίδα, τροφοδοσία</name>
  <desc></desc>
  <sym>Water Source</sym>
  <type>Water Source</type>
 </wpt>
 <trk>
  <name>Tour de Almopia</name>
  <desc>Mini Brevet "Tour de Almopia" </desc>
  <link href="https://www.strava.com/routes/3533154180236369102"/>
  <type>cycling</type>
  <trkseg>
   <trkpt lat="40.973180000000006" lon="22.06285">
    <ele>125.21000000000001</ele>
   </trkpt>
   <trkpt lat="40.9731" lon="22.062900000000003">
    <ele>125.05000000000003</ele>
   </trkpt>
   <trkpt lat="40.97308" lon="22.062990000000003">
    <ele>124.93</ele>
   </trkpt>
   <trkpt lat="40.9731" lon="22.063280000000002">
    <ele>124.46000000000001</ele>
   </trkpt>
   <trkpt lat="40.973150000000004" lon="22.063360000000003">
    <ele>124.46000000000001</ele>
   </trkpt>
   <trkpt lat="40.97323" lon="22.063370000000003">
    <ele>124.59</ele>
   </trkpt>
   <trkpt lat="40.97327000000001" lon="22.063350000000003">
    <ele>124.59</ele>
   </trkpt>
   <trkpt lat="40.973310000000005" lon="22.063270000000003">
    <ele>125.01</ele>
   </trkpt>
   <trkpt lat="40.97328" lon="22.06293">
    <ele>125.30000000000003</ele>
   </trkpt>
   <trkpt lat="40.97386" lon="22.06236">
    <ele>126.08</ele>
   </trkpt>
   <trkpt lat="40.973560000000006" lon="22.061760000000003">
    <ele>127.4</ele>
   </trkpt>
   <trkpt lat="40.97301" lon="22.060850000000002">
    <ele>126.72</ele>
   </trkpt>
   <trkpt lat="40.97292" lon="22.06068">
    <ele>126.78</ele>
   </trkpt>
   <trkpt lat="40.97247500212643" lon="22.059979995293467">
    <ele>125.76</ele>
   </trkpt>
   <trkpt lat="40.972030000000004" lon="22.05928">
    <ele>125.23</ele>
   </trkpt>
   <trkpt lat="40.971720000000005" lon="22.05883">
    <ele>125.33</ele>
   </trkpt>
   <trkpt lat="40.971720000000005" lon="22.05882">
    <ele>125.33</ele>
   </trkpt>
   <trkpt lat="40.97135" lon="22.058290000000003">
    <ele>125.05000000000003</ele>
   </trkpt>
   <trkpt lat="40.971050000000005" lon="22.057720000000003">
    <ele>125.63000000000002</ele>
   </trkpt>
   <trkpt lat="40.97092000000001" lon="22.05752">
    <ele>125.34</ele>
   </trkpt>
   <trkpt lat="40.9709" lon="22.057340000000003">
    <ele>125.53</ele>
   </trkpt>
   <trkpt lat="40.97097" lon="22.057280000000002">
    <ele>125.54</ele>
   </trkpt>
   <trkpt lat="40.971000000000004" lon="22.057160000000003">
    <ele>126.4</ele>
   </trkpt>
   <trkpt lat="40.97099" lon="22.057100000000002">
    <ele>126.5</ele>
   </trkpt>
   <trkpt lat="40.970940000000006" lon="22.057010000000002">
    <ele>126.19</ele>
   </trkpt>
   <trkpt lat="40.9709" lon="22.056980000000003">
    <ele>126.61</ele>
   </trkpt>
   <trkpt lat="40.97081" lon="22.056980000000003">
    <ele>126.76</ele>
   </trkpt>
   <trkpt lat="40.97077" lon="22.057010000000002">
    <ele>126.76</ele>
   </trkpt>
   <trkpt lat="40.97019" lon="22.05645">
    <ele>126.89</ele>
   </trkpt>
   <trkpt lat="40.969820000000006" lon="22.055970000000002">
    <ele>127.65</ele>
   </trkpt>
   <trkpt lat="40.96979" lon="22.05582">
    <ele>127.83</ele>
   </trkpt>
   <trkpt lat="40.969750000000005" lon="22.055760000000003">
    <ele>127.83</ele>
   </trkpt>
   <trkpt lat="40.969660000000005" lon="22.05571">
    <ele>127.97</ele>
   </trkpt>
   <trkpt lat="40.969570000000004" lon="22.055580000000003">
    <ele>128.04999999999998</ele>
   </trkpt>
   <trkpt lat="40.96943" lon="22.055130000000002">
    <ele>129.13000000000002</ele>
   </trkpt>
   <trkpt lat="40.969260000000006" lon="22.054850000000002">
    <ele>129.35000000000002</ele>
   </trkpt>
   <trkpt lat="40.96918" lon="22.054650000000002">
    <ele>129.43</ele>
   </trkpt>
   <trkpt lat="40.96918" lon="22.054660000000002">
    <ele>129.43</ele>
   </trkpt>
   <trkpt lat="40.96893" lon="22.05374">
    <ele>129.84</ele>
   </trkpt>
   <trkpt lat="40.96872667310532" lon="22.052876661339848">
    <ele>130.16</ele>
   </trkpt>
   <trkpt lat="40.96852333977055" lon="22.05201332800045">
    <ele>130.89000000000001</ele>
   </trkpt>
   <trkpt lat="40.968320000000006" lon="22.051150000000003">
    <ele>131.11</ele>
   </trkpt>
   <trkpt lat="40.96816500196824" lon="22.050469998273602">
    <ele>131.66</ele>
   </trkpt>
   <trkpt lat="40.96801000000001" lon="22.04979">
    <ele>131.86</ele>
   </trkpt>
   <trkpt lat="40.96789500157529" lon="22.049189999058758">
    <ele>132.41</ele>
   </trkpt>
   <trkpt lat="40.967780000000005" lon="22.04859">
    <ele>132.62</ele>
   </trkpt>
   <trkpt lat="40.96763000572006" lon="22.047776662992614">
    <ele>132.86</ele>
   </trkpt>
   <trkpt lat="40.9674800057244" lon="22.046963329682896">
    <ele>133.64000000000001</ele>
   </trkpt>
   <trkpt lat="40.967330000000004" lon="22.04615">
    <ele>134.58</ele>
   </trkpt>
   <trkpt lat="40.96719001277349" lon="22.045157493730173">
    <ele>135.33</ele>
   </trkpt>
   <trkpt lat="40.96705001703569" lon="22.0441649916715">
    <ele>136.19</ele>
   </trkpt>
   <trkpt lat="40.966910012786705" lon="22.043172493824212">
    <ele>136.86</ele>
   </trkpt>
   <trkpt lat="40.966770000000004" lon="22.042180000000002">
    <ele>137.5</ele>
   </trkpt>
   <trkpt lat="40.96667" lon="22.041310000000003">
    <ele>138.37</ele>
   </trkpt>
   <trkpt lat="40.966620000000006" lon="22.040680000000002">
    <ele>138.93</ele>
   </trkpt>
   <trkpt lat="40.96661000381392" lon="22.039739999540867">
    <ele>139.41</ele>
   </trkpt>
   <trkpt lat="40.96660000000001" lon="22.038800000000002">
    <ele>140.36</ele>
   </trkpt>
   <trkpt lat="40.966620000000006" lon="22.03835">
    <ele>140.85</ele>
   </trkpt>
   <trkpt lat="40.966730000000005" lon="22.037190000000002">
    <ele>141.51000000000002</ele>
   </trkpt>
   <trkpt lat="40.96683" lon="22.036710000000003">
    <ele>141.51000000000002</ele>
   </trkpt>
   <trkpt lat="40.966950000000004" lon="22.036250000000003">
    <ele>141.84000000000003</ele>
   </trkpt>
   <trkpt lat="40.967020000000005" lon="22.03583">
    <ele>142.13</ele>
   </trkpt>
   <trkpt lat="40.9671" lon="22.035110000000003">
    <ele>142.72</ele>
   </trkpt>
   <trkpt lat="40.96719" lon="22.03402">
    <ele>143.34000000000003</ele>
   </trkpt>
   <trkpt lat="40.967220000000005" lon="22.033440000000002">
    <ele>143.72</ele>
   </trkpt>
   <trkpt lat="40.9672000027629" lon="22.03263999967718">
    <ele>144.18</ele>
   </trkpt>
   <trkpt lat="40.967180000000006" lon="22.031840000000003">
    <ele>145.00000000000003</ele>
   </trkpt>
   <trkpt lat="40.967240000000004" lon="22.030890000000003">
    <ele>145.25000000000003</ele>
   </trkpt>
   <trkpt lat="40.96721" lon="22.030530000000002">
    <ele>145.62</ele>
   </trkpt>
   <trkpt lat="40.967150000000004" lon="22.030150000000003">
    <ele>145.74</ele>
   </trkpt>
   <trkpt lat="40.96703" lon="22.02961">
    <ele>146.37</ele>
   </trkpt>
   <trkpt lat="40.96681" lon="22.02918">
    <ele>147.04</ele>
   </trkpt>
   <trkpt lat="40.966350000000006" lon="22.02859">
    <ele>147.50000000000003</ele>
   </trkpt>
   <trkpt lat="40.966240000000006" lon="22.0284">
    <ele>147.69000000000003</ele>
   </trkpt>
   <trkpt lat="40.96609" lon="22.02805">
    <ele>147.85</ele>
   </trkpt>
   <trkpt lat="40.96588500436526" lon="22.02704499688688">
    <ele>148.77</ele>
   </trkpt>
   <trkpt lat="40.965680000000006" lon="22.026040000000002">
    <ele>149.51</ele>
   </trkpt>
   <trkpt lat="40.96569" lon="22.025820000000003">
    <ele>149.78000000000003</ele>
   </trkpt>
   <trkpt lat="40.96571" lon="22.02569">
    <ele>149.78000000000003</ele>
   </trkpt>
   <trkpt lat="40.96585" lon="22.0254">
    <ele>149.86</ele>
   </trkpt>
   <trkpt lat="40.96616" lon="22.02504">
    <ele>149.98</ele>
   </trkpt>
   <trkpt lat="40.9665800006377" lon="22.02462000279755">
    <ele>150.03000000000003</ele>
   </trkpt>
   <trkpt lat="40.967000000000006" lon="22.0242">
    <ele>150.2</ele>
   </trkpt>
   <trkpt lat="40.96726" lon="22.02398">
    <ele>150.29</ele>
   </trkpt>
   <trkpt lat="40.96784" lon="22.02352">
    <ele>150.66000000000003</ele>
   </trkpt>
   <trkpt lat="40.967940000000006" lon="22.02342">
    <ele>150.65</ele>
   </trkpt>
   <trkpt lat="40.967980000000004" lon="22.02335">
    <ele>150.65</ele>
   </trkpt>
   <trkpt lat="40.96833" lon="22.022640000000003">
    <ele>150.98</ele>
   </trkpt>
   <trkpt lat="40.968410000000006" lon="22.022350000000003">
    <ele>151.13000000000002</ele>
   </trkpt>
   <trkpt lat="40.96851" lon="22.02135">
    <ele>151.83</ele>
   </trkpt>
   <trkpt lat="40.968610000000005" lon="22.02063">
    <ele>152.05</ele>
   </trkpt>
   <trkpt lat="40.96866" lon="22.02042">
    <ele>152.05</ele>
   </trkpt>
   <trkpt lat="40.96896500384479" lon="22.019475004409234">
    <ele>153.98</ele>
   </trkpt>
   <trkpt lat="40.96927" lon="22.018530000000002">
    <ele>154.87</ele>
   </trkpt>
   <trkpt lat="40.96949" lon="22.01741">
    <ele>155.65</ele>
   </trkpt>
   <trkpt lat="40.969370000000005" lon="22.018040000000003">
    <ele>155.18</ele>
   </trkpt>
   <trkpt lat="40.96989000000001" lon="22.01773">
    <ele>155.47000000000003</ele>
   </trkpt>
   <trkpt lat="40.970020000000005" lon="22.017940000000003">
    <ele>155.05</ele>
   </trkpt>
   <trkpt lat="40.97016" lon="22.018120000000003">
    <ele>155.05</ele>
   </trkpt>
   <trkpt lat="40.97064" lon="22.018410000000003">
    <ele>154.54000000000002</ele>
   </trkpt>
   <trkpt lat="40.970870000000005" lon="22.018600000000003">
    <ele>153.9</ele>
   </trkpt>
   <trkpt lat="40.971050000000005" lon="22.018870000000003">
    <ele>153.72000000000003</ele>
   </trkpt>
   <trkpt lat="40.9711" lon="22.018980000000003">
    <ele>153.65</ele>
   </trkpt>
   <trkpt lat="40.97119" lon="22.01978">
    <ele>152.97000000000003</ele>
   </trkpt>
   <trkpt lat="40.97138" lon="22.02063">
    <ele>152.12</ele>
   </trkpt>
   <trkpt lat="40.971470000000004" lon="22.02082">
    <ele>151.76</ele>
   </trkpt>
   <trkpt lat="40.971630000000005" lon="22.021060000000002">
    <ele>151.35000000000002</ele>
   </trkpt>
   <trkpt lat="40.971880000000006" lon="22.021680000000003">
    <ele>150.59</ele>
   </trkpt>
   <trkpt lat="40.97201002889081" lon="22.022735701807957">
    <ele>149.53000000000003</ele>
   </trkpt>
   <trkpt lat="40.972140048151665" lon="22.023791407777008">
    <ele>148.39000000000001</ele>
   </trkpt>
   <trkpt lat="40.97227005778247" lon="22.024847117906884">
    <ele>147.12</ele>
   </trkpt>
   <trkpt lat="40.97240005778315" lon="22.025902832197307">
    <ele>146.21</ele>
   </trkpt>
   <trkpt lat="40.972530048153615" lon="22.02695855064801">
    <ele>145.46</ele>
   </trkpt>
   <trkpt lat="40.972660028893785" lon="22.02801427325872">
    <ele>144.74</ele>
   </trkpt>
   <trkpt lat="40.97279" lon="22.02907">
    <ele>144.21</ele>
   </trkpt>
   <trkpt lat="40.9729" lon="22.029580000000003">
    <ele>143.81000000000003</ele>
   </trkpt>
   <trkpt lat="40.973110000000005" lon="22.03038">
    <ele>143.25</ele>
   </trkpt>
   <trkpt lat="40.97337500396786" lon="22.031334996263574">
    <ele>142.23000000000002</ele>
   </trkpt>
   <trkpt lat="40.97364" lon="22.032290000000003">
    <ele>141.06</ele>
   </trkpt>
   <trkpt lat="40.97364" lon="22.03228">
    <ele>141.07</ele>
   </trkpt>
   <trkpt lat="40.97389667531279" lon="22.03327999224036">
    <ele>140.55</ele>
   </trkpt>
   <trkpt lat="40.974153341985" lon="22.03427999226191">
    <ele>140.04</ele>
   </trkpt>
   <trkpt lat="40.974410000000006" lon="22.03528">
    <ele>139.44</ele>
   </trkpt>
   <trkpt lat="40.97448000000001" lon="22.035610000000002">
    <ele>139.11</ele>
   </trkpt>
   <trkpt lat="40.97449" lon="22.035970000000002">
    <ele>138.87</ele>
   </trkpt>
   <trkpt lat="40.97446" lon="22.036270000000002">
    <ele>138.87</ele>
   </trkpt>
   <trkpt lat="40.97444" lon="22.037020000000002">
    <ele>138.33</ele>
   </trkpt>
   <trkpt lat="40.97442" lon="22.037180000000003">
    <ele>138.33</ele>
   </trkpt>
   <trkpt lat="40.97430000000001" lon="22.0376">
    <ele>138.11</ele>
   </trkpt>
   <trkpt lat="40.97430000000001" lon="22.037770000000002">
    <ele>138.11</ele>
   </trkpt>
   <trkpt lat="40.97442" lon="22.038290000000003">
    <ele>137.46</ele>
   </trkpt>
   <trkpt lat="40.974450000000004" lon="22.03853">
    <ele>137.24</ele>
   </trkpt>
   <trkpt lat="40.97466" lon="22.039640000000002">
    <ele>136.58</ele>
   </trkpt>
   <trkpt lat="40.97475" lon="22.04033">
    <ele>136.09</ele>
   </trkpt>
   <trkpt lat="40.97487" lon="22.040830000000003">
    <ele>136.07000000000002</ele>
   </trkpt>
   <trkpt lat="40.974880000000006" lon="22.041040000000002">
    <ele>136.02</ele>
   </trkpt>
   <trkpt lat="40.97506500336468" lon="22.04192499742674">
    <ele>135.5</ele>
   </trkpt>
   <trkpt lat="40.97525" lon="22.042810000000003">
    <ele>135.0</ele>
   </trkpt>
   <trkpt lat="40.97536" lon="22.043570000000003">
    <ele>134.4</ele>
   </trkpt>
   <trkpt lat="40.975535003810734" lon="22.04450999747026">
    <ele>133.95000000000002</ele>
   </trkpt>
   <trkpt lat="40.97571000000001" lon="22.045450000000002">
    <ele>133.21</ele>
   </trkpt>
   <trkpt lat="40.97583" lon="22.04598">
    <ele>132.95000000000002</ele>
   </trkpt>
   <trkpt lat="40.97592" lon="22.04662">
    <ele>132.38</ele>
   </trkpt>
   <trkpt lat="40.97599" lon="22.04747">
    <ele>132.08</ele>
   </trkpt>
   <trkpt lat="40.97598" lon="22.047780000000003">
    <ele>131.93</ele>
   </trkpt>
   <trkpt lat="40.975930000000005" lon="22.048150000000003">
    <ele>131.44</ele>
   </trkpt>
   <trkpt lat="40.975880000000004" lon="22.048350000000003">
    <ele>131.37</ele>
   </trkpt>
   <trkpt lat="40.97561" lon="22.04857">
    <ele>131.28</ele>
   </trkpt>
   <trkpt lat="40.975570000000005" lon="22.048650000000002">
    <ele>131.28</ele>
   </trkpt>
   <trkpt lat="40.97558" lon="22.04876">
    <ele>131.28</ele>
   </trkpt>
   <trkpt lat="40.975735002940276" lon="22.04958499806012">
    <ele>130.85000000000002</ele>
   </trkpt>
   <trkpt lat="40.97589000000001" lon="22.050410000000003">
    <ele>130.04999999999998</ele>
   </trkpt>
   <trkpt lat="40.9759" lon="22.050680000000003">
    <ele>130.04999999999998</ele>
   </trkpt>
   <trkpt lat="40.97585" lon="22.05085">
    <ele>129.34</ele>
   </trkpt>
   <trkpt lat="40.975750000000005" lon="22.051060000000003">
    <ele>129.34</ele>
   </trkpt>
   <trkpt lat="40.97571000000001" lon="22.05121">
    <ele>128.86</ele>
   </trkpt>
   <trkpt lat="40.97565" lon="22.051660000000002">
    <ele>128.63000000000002</ele>
   </trkpt>
   <trkpt lat="40.97563" lon="22.052590000000002">
    <ele>127.86</ele>
   </trkpt>
   <trkpt lat="40.97569" lon="22.053">
    <ele>127.52000000000002</ele>
   </trkpt>
   <trkpt lat="40.975880000000004" lon="22.053530000000002">
    <ele>127.21000000000001</ele>
   </trkpt>
   <trkpt lat="40.976020000000005" lon="22.05377">
    <ele>126.95</ele>
   </trkpt>
   <trkpt lat="40.97617" lon="22.054260000000003">
    <ele>126.75</ele>
   </trkpt>
   <trkpt lat="40.976200000000006" lon="22.054750000000002">
    <ele>126.69</ele>
   </trkpt>
   <trkpt lat="40.976940000000006" lon="22.05452">
    <ele>126.66000000000003</ele>
   </trkpt>
   <trkpt lat="40.97751" lon="22.054360000000003">
    <ele>126.5</ele>
   </trkpt>
   <trkpt lat="40.977520000000005" lon="22.054360000000003">
    <ele>126.5</ele>
   </trkpt>
   <trkpt lat="40.97809000022308" lon="22.05420500130697">
    <ele>126.44</ele>
   </trkpt>
   <trkpt lat="40.978660000000005" lon="22.05405">
    <ele>126.53</ele>
   </trkpt>
   <trkpt lat="40.978730000000006" lon="22.054060000000003">
    <ele>126.52000000000002</ele>
   </trkpt>
   <trkpt lat="40.978770000000004" lon="22.054100000000002">
    <ele>126.52000000000002</ele>
   </trkpt>
   <trkpt lat="40.978790000000004" lon="22.05496">
    <ele>126.33</ele>
   </trkpt>
   <trkpt lat="40.97939" lon="22.05486">
    <ele>125.83</ele>
   </trkpt>
   <trkpt lat="40.979884999891816" lon="22.054860000000005">
    <ele>125.16000000000003</ele>
   </trkpt>
   <trkpt lat="40.980380000000004" lon="22.05486">
    <ele>124.79</ele>
   </trkpt>
   <trkpt lat="40.980560000000004" lon="22.05593">
    <ele>124.27</ele>
   </trkpt>
   <trkpt lat="40.980390001526715" lon="22.05654000186262">
    <ele>123.84</ele>
   </trkpt>
   <trkpt lat="40.98022" lon="22.05715">
    <ele>123.42000000000002</ele>
   </trkpt>
   <trkpt lat="40.980070001515315" lon="22.057750001524667">
    <ele>123.04</ele>
   </trkpt>
   <trkpt lat="40.97992" lon="22.05835">
    <ele>122.87</ele>
   </trkpt>
   <trkpt lat="40.980360000000005" lon="22.058010000000003">
    <ele>122.86000000000001</ele>
   </trkpt>
   <trkpt lat="40.980805000272255" lon="22.057770001606645">
    <ele>122.86000000000001</ele>
   </trkpt>
   <trkpt lat="40.98125" lon="22.057530000000003">
    <ele>123.41</ele>
   </trkpt>
   <trkpt lat="40.98124000000001" lon="22.057540000000003">
    <ele>123.41</ele>
   </trkpt>
   <trkpt lat="40.98185" lon="22.05713">
    <ele>124.00000000000001</ele>
   </trkpt>
   <trkpt lat="40.982110000000006" lon="22.056980000000003">
    <ele>124.17000000000002</ele>
   </trkpt>
   <trkpt lat="40.98243" lon="22.05675">
    <ele>125.12</ele>
   </trkpt>
   <trkpt lat="40.982600000000005" lon="22.05656">
    <ele>125.33</ele>
   </trkpt>
   <trkpt lat="40.982670000000006" lon="22.056420000000003">
    <ele>125.44000000000003</ele>
   </trkpt>
   <trkpt lat="40.98311" lon="22.055880000000002">
    <ele>125.63000000000002</ele>
   </trkpt>
   <trkpt lat="40.983200000000004" lon="22.05574">
    <ele>125.63000000000002</ele>
   </trkpt>
   <trkpt lat="40.983230000000006" lon="22.055660000000003">
    <ele>126.02000000000002</ele>
   </trkpt>
   <trkpt lat="40.983380000000004" lon="22.05499">
    <ele>126.18</ele>
   </trkpt>
   <trkpt lat="40.983470000000004" lon="22.054820000000003">
    <ele>126.13000000000002</ele>
   </trkpt>
   <trkpt lat="40.98358" lon="22.054720000000003">
    <ele>126.2</ele>
   </trkpt>
   <trkpt lat="40.983940000000004" lon="22.054560000000002">
    <ele>126.58</ele>
   </trkpt>
   <trkpt lat="40.984140000000004" lon="22.054450000000003">
    <ele>126.95</ele>
   </trkpt>
   <trkpt lat="40.984280000000005" lon="22.05432">
    <ele>127.7</ele>
   </trkpt>
   <trkpt lat="40.984350000000006" lon="22.054190000000002">
    <ele>127.7</ele>
   </trkpt>
   <trkpt lat="40.984500000000004" lon="22.05424">
    <ele>127.89</ele>
   </trkpt>
   <trkpt lat="40.98492" lon="22.05471">
    <ele>128.28</ele>
   </trkpt>
   <trkpt lat="40.985020000000006" lon="22.05486">
    <ele>128.26000000000002</ele>
   </trkpt>
   <trkpt lat="40.985020000000006" lon="22.054850000000002">
    <ele>128.26000000000002</ele>
   </trkpt>
   <trkpt lat="40.98532" lon="22.055380000000003">
    <ele>128.22</ele>
   </trkpt>
   <trkpt lat="40.98561500193025" lon="22.05603499724003">
    <ele>128.01000000000002</ele>
   </trkpt>
   <trkpt lat="40.985910000000004" lon="22.056690000000003">
    <ele>128.0</ele>
   </trkpt>
   <trkpt lat="40.98606" lon="22.05685">
    <ele>127.92</ele>
   </trkpt>
   <trkpt lat="40.986200000000004" lon="22.056910000000002">
    <ele>127.92</ele>
   </trkpt>
   <trkpt lat="40.98664" lon="22.05693">
    <ele>128.0</ele>
   </trkpt>
   <trkpt lat="40.98724000008548" lon="22.056810002191572">
    <ele>128.60000000000002</ele>
   </trkpt>
   <trkpt lat="40.98784000004652" lon="22.056690002199392">
    <ele>128.97</ele>
   </trkpt>
   <trkpt lat="40.988440000000004" lon="22.05657">
    <ele>129.51000000000002</ele>
   </trkpt>
   <trkpt lat="40.988955000061274" lon="22.056520000385625">
    <ele>130.04999999999998</ele>
   </trkpt>
   <trkpt lat="40.989470000000004" lon="22.05647">
    <ele>130.5</ele>
   </trkpt>
   <trkpt lat="40.99002" lon="22.056440000000002">
    <ele>131.03</ele>
   </trkpt>
   <trkpt lat="40.990510000064674" lon="22.056440000000002">
    <ele>131.43</ele>
   </trkpt>
   <trkpt lat="40.99100000000001" lon="22.056440000000002">
    <ele>131.92000000000002</ele>
   </trkpt>
   <trkpt lat="40.9914700001358" lon="22.056430000068406">
    <ele>132.60000000000002</ele>
   </trkpt>
   <trkpt lat="40.99194000000001" lon="22.056420000000003">
    <ele>132.93</ele>
   </trkpt>
   <trkpt lat="40.992230000000006" lon="22.056400000000004">
    <ele>133.13</ele>
   </trkpt>
   <trkpt lat="40.99298" lon="22.056440000000002">
    <ele>133.04000000000002</ele>
   </trkpt>
   <trkpt lat="40.993370000000006" lon="22.056530000000002">
    <ele>133.05</ele>
   </trkpt>
   <trkpt lat="40.993430000000004" lon="22.05656">
    <ele>133.05</ele>
   </trkpt>
   <trkpt lat="40.993730000000006" lon="22.056710000000002">
    <ele>132.92000000000002</ele>
   </trkpt>
   <trkpt lat="40.993930000000006" lon="22.05684">
    <ele>132.94</ele>
   </trkpt>
   <trkpt lat="40.99438000000001" lon="22.057440000000003">
    <ele>133.71</ele>
   </trkpt>
   <trkpt lat="40.994580000000006" lon="22.05761">
    <ele>134.15</ele>
   </trkpt>
   <trkpt lat="40.99488" lon="22.057820000000003">
    <ele>134.48000000000002</ele>
   </trkpt>
   <trkpt lat="40.99501" lon="22.05798">
    <ele>134.53</ele>
   </trkpt>
   <trkpt lat="40.995020000000004" lon="22.05799">
    <ele>134.54000000000002</ele>
   </trkpt>
   <trkpt lat="40.99532000000001" lon="22.058560000000003">
    <ele>134.52</ele>
   </trkpt>
   <trkpt lat="40.99555" lon="22.058870000000002">
    <ele>134.53</ele>
   </trkpt>
   <trkpt lat="40.99562" lon="22.0589">
    <ele>134.53</ele>
   </trkpt>
   <trkpt lat="40.995900000000006" lon="22.058880000000002">
    <ele>134.56</ele>
   </trkpt>
   <trkpt lat="40.995990000000006" lon="22.0589">
    <ele>134.56</ele>
   </trkpt>
   <trkpt lat="40.996100000000006" lon="22.058960000000003">
    <ele>134.64000000000001</ele>
   </trkpt>
   <trkpt lat="40.996280000000006" lon="22.05911">
    <ele>134.69</ele>
   </trkpt>
   <trkpt lat="40.99654" lon="22.0594">
    <ele>134.86</ele>
   </trkpt>
   <trkpt lat="40.99663" lon="22.05946">
    <ele>134.86</ele>
   </trkpt>
   <trkpt lat="40.99671" lon="22.05948">
    <ele>134.93</ele>
   </trkpt>
   <trkpt lat="40.99689" lon="22.059450000000002">
    <ele>135.06</ele>
   </trkpt>
   <trkpt lat="40.997240000000005" lon="22.05936">
    <ele>135.20000000000002</ele>
   </trkpt>
   <trkpt lat="40.99786" lon="22.059130000000003">
    <ele>135.57000000000002</ele>
   </trkpt>
   <trkpt lat="40.998180000000005" lon="22.05908">
    <ele>135.67000000000002</ele>
   </trkpt>
   <trkpt lat="40.99833" lon="22.05908">
    <ele>135.87</ele>
   </trkpt>
   <trkpt lat="40.99835" lon="22.059070000000002">
    <ele>135.89000000000001</ele>
   </trkpt>
   <trkpt lat="40.99868" lon="22.05899">
    <ele>136.23000000000002</ele>
   </trkpt>
   <trkpt lat="40.998900000000006" lon="22.058880000000002">
    <ele>136.35</ele>
   </trkpt>
   <trkpt lat="40.99931" lon="22.058600000000002">
    <ele>136.73000000000002</ele>
   </trkpt>
   <trkpt lat="40.99967" lon="22.058300000000003">
    <ele>137.27</ele>
   </trkpt>
   <trkpt lat="41.00003" lon="22.05789">
    <ele>137.65</ele>
   </trkpt>
   <trkpt lat="41.00048000148276" lon="22.057320003791713">
    <ele>138.1</ele>
   </trkpt>
   <trkpt lat="41.000930000000004" lon="22.05675">
    <ele>138.97</ele>
   </trkpt>
   <trkpt lat="41.00148" lon="22.05608">
    <ele>139.81</ele>
   </trkpt>
   <trkpt lat="41.001720000000006" lon="22.05583">
    <ele>140.21</ele>
   </trkpt>
   <trkpt lat="41.00213" lon="22.055300000000003">
    <ele>140.83</ele>
   </trkpt>
   <trkpt lat="41.002555001502934" lon="22.054700003943445">
    <ele>141.32</ele>
   </trkpt>
   <trkpt lat="41.00298" lon="22.054100000000002">
    <ele>142.08</ele>
   </trkpt>
   <trkpt lat="41.003040000000006" lon="22.053980000000003">
    <ele>142.08</ele>
   </trkpt>
   <trkpt lat="41.003130000000006" lon="22.05374">
    <ele>142.29</ele>
   </trkpt>
   <trkpt lat="41.003310000000006" lon="22.05301">
    <ele>143.09000000000003</ele>
   </trkpt>
   <trkpt lat="41.00347" lon="22.0526">
    <ele>143.38</ele>
   </trkpt>
   <trkpt lat="41.003780000000006" lon="22.051900000000003">
    <ele>144.21</ele>
   </trkpt>
   <trkpt lat="41.00419" lon="22.051180000000002">
    <ele>144.99</ele>
   </trkpt>
   <trkpt lat="41.004530001398514" lon="22.050645002505696">
    <ele>145.88</ele>
   </trkpt>
   <trkpt lat="41.004870000000004" lon="22.05011">
    <ele>146.54</ele>
   </trkpt>
   <trkpt lat="41.00535000455131" lon="22.04938334393746">
    <ele>147.67000000000002</ele>
   </trkpt>
   <trkpt lat="41.00583000453938" lon="22.048656677289024">
    <ele>148.88</ele>
   </trkpt>
   <trkpt lat="41.006310000000006" lon="22.04793">
    <ele>149.99</ele>
   </trkpt>
   <trkpt lat="41.00667000000001" lon="22.047410000000003">
    <ele>150.7</ele>
   </trkpt>
   <trkpt lat="41.006820000000005" lon="22.047230000000003">
    <ele>150.7</ele>
   </trkpt>
   <trkpt lat="41.006870000000006" lon="22.04717">
    <ele>150.78000000000003</ele>
   </trkpt>
   <trkpt lat="41.00712" lon="22.046850000000003">
    <ele>150.59</ele>
   </trkpt>
   <trkpt lat="41.00762" lon="22.04635">
    <ele>150.03000000000003</ele>
   </trkpt>
   <trkpt lat="41.008050000000004" lon="22.046020000000002">
    <ele>150.02</ele>
   </trkpt>
   <trkpt lat="41.00846500019797" lon="22.045780001541022">
    <ele>149.74</ele>
   </trkpt>
   <trkpt lat="41.008880000000005" lon="22.045540000000003">
    <ele>149.25000000000003</ele>
   </trkpt>
   <trkpt lat="41.009040000000006" lon="22.045430000000003">
    <ele>149.50000000000003</ele>
   </trkpt>
   <trkpt lat="41.00934" lon="22.04539">
    <ele>150.19000000000003</ele>
   </trkpt>
   <trkpt lat="41.00994666666544" lon="22.045366667096584">
    <ele>150.69000000000003</ele>
   </trkpt>
   <trkpt lat="41.01055333332617" lon="22.045343333763483">
    <ele>151.12</ele>
   </trkpt>
   <trkpt lat="41.011160000000004" lon="22.04532">
    <ele>152.14000000000001</ele>
   </trkpt>
   <trkpt lat="41.011750000000006" lon="22.0451">
    <ele>152.42</ele>
   </trkpt>
   <trkpt lat="41.01192" lon="22.04501">
    <ele>152.42</ele>
   </trkpt>
   <trkpt lat="41.012440000000005" lon="22.044790000000003">
    <ele>152.60000000000002</ele>
   </trkpt>
   <trkpt lat="41.01259" lon="22.044790000000003">
    <ele>152.60000000000002</ele>
   </trkpt>
   <trkpt lat="41.0131600002313" lon="22.045034997868193">
    <ele>152.66000000000003</ele>
   </trkpt>
   <trkpt lat="41.01373" lon="22.04528">
    <ele>153.03</ele>
   </trkpt>
   <trkpt lat="41.014384999965365" lon="22.045319999599762">
    <ele>152.46</ele>
   </trkpt>
   <trkpt lat="41.015040000000006" lon="22.045360000000002">
    <ele>152.76</ele>
   </trkpt>
   <trkpt lat="41.01527" lon="22.04528">
    <ele>152.76</ele>
   </trkpt>
   <trkpt lat="41.015750000000004" lon="22.04495">
    <ele>152.76</ele>
   </trkpt>
   <trkpt lat="41.015910000000005" lon="22.04491">
    <ele>152.76</ele>
   </trkpt>
   <trkpt lat="41.01624" lon="22.044970000000003">
    <ele>152.74</ele>
   </trkpt>
   <trkpt lat="41.01668" lon="22.045150000000003">
    <ele>152.39000000000001</ele>
   </trkpt>
   <trkpt lat="41.016920000000006" lon="22.04511">
    <ele>152.72000000000003</ele>
   </trkpt>
   <trkpt lat="41.01711" lon="22.044990000000002">
    <ele>152.67</ele>
   </trkpt>
   <trkpt lat="41.01746" lon="22.044700000000002">
    <ele>152.68</ele>
   </trkpt>
   <trkpt lat="41.017920000000004" lon="22.04448">
    <ele>153.36</ele>
   </trkpt>
   <trkpt lat="41.018260000000005" lon="22.044410000000003">
    <ele>153.68</ele>
   </trkpt>
   <trkpt lat="41.01887000000001" lon="22.044490000000003">
    <ele>154.22000000000003</ele>
   </trkpt>
   <trkpt lat="41.019560000000006" lon="22.04455">
    <ele>155.14</ele>
   </trkpt>
   <trkpt lat="41.020340000000004" lon="22.044230000000002">
    <ele>155.56</ele>
   </trkpt>
   <trkpt lat="41.02046" lon="22.044200000000004">
    <ele>155.55</ele>
   </trkpt>
   <trkpt lat="41.02113000000001" lon="22.04429">
    <ele>155.60000000000002</ele>
   </trkpt>
   <trkpt lat="41.02127" lon="22.044340000000002">
    <ele>155.37</ele>
   </trkpt>
   <trkpt lat="41.021440000000005" lon="22.04444">
    <ele>155.23</ele>
   </trkpt>
   <trkpt lat="41.02214500202447" lon="22.045134992498387">
    <ele>156.98000000000002</ele>
   </trkpt>
   <trkpt lat="41.022850000000005" lon="22.045830000000002">
    <ele>158.88000000000002</ele>
   </trkpt>
   <trkpt lat="41.023050000000005" lon="22.045890000000004">
    <ele>159.0</ele>
   </trkpt>
   <trkpt lat="41.02347" lon="22.04597">
    <ele>159.29000000000002</ele>
   </trkpt>
   <trkpt lat="41.02346" lon="22.04597">
    <ele>159.28</ele>
   </trkpt>
   <trkpt lat="41.02357000000001" lon="22.045990000000003">
    <ele>159.28</ele>
   </trkpt>
   <trkpt lat="41.023810000000005" lon="22.045930000000002">
    <ele>159.55</ele>
   </trkpt>
   <trkpt lat="41.024660000000004" lon="22.04622">
    <ele>160.42000000000002</ele>
   </trkpt>
   <trkpt lat="41.02479" lon="22.04673">
    <ele>160.85000000000002</ele>
   </trkpt>
   <trkpt lat="41.02487" lon="22.046850000000003">
    <ele>160.93</ele>
   </trkpt>
   <trkpt lat="41.02492" lon="22.04688">
    <ele>160.93</ele>
   </trkpt>
   <trkpt lat="41.02541" lon="22.047020000000003">
    <ele>161.29000000000002</ele>
   </trkpt>
   <trkpt lat="41.02610000000001" lon="22.047150000000002">
    <ele>161.87</ele>
   </trkpt>
   <trkpt lat="41.026390000000006" lon="22.047040000000003">
    <ele>161.97</ele>
   </trkpt>
   <trkpt lat="41.026520000000005" lon="22.04698">
    <ele>162.29000000000002</ele>
   </trkpt>
   <trkpt lat="41.02695000000001" lon="22.04689">
    <ele>162.63000000000002</ele>
   </trkpt>
   <trkpt lat="41.027330000000006" lon="22.046590000000002">
    <ele>163.78</ele>
   </trkpt>
   <trkpt lat="41.02754" lon="22.046390000000002">
    <ele>164.51000000000002</ele>
   </trkpt>
   <trkpt lat="41.027660000000004" lon="22.046280000000003">
    <ele>165.05</ele>
   </trkpt>
   <trkpt lat="41.02788" lon="22.046290000000003">
    <ele>165.66</ele>
   </trkpt>
   <trkpt lat="41.028270000000006" lon="22.046570000000003">
    <ele>166.55</ele>
   </trkpt>
   <trkpt lat="41.028490000000005" lon="22.046650000000003">
    <ele>167.52</ele>
   </trkpt>
   <trkpt lat="41.029270000000004" lon="22.04662">
    <ele>172.31</ele>
   </trkpt>
   <trkpt lat="41.029520000000005" lon="22.04579">
    <ele>172.71</ele>
   </trkpt>
   <trkpt lat="41.02966000000001" lon="22.04541">
    <ele>172.42000000000002</ele>
   </trkpt>
   <trkpt lat="41.029810000000005" lon="22.04457">
    <ele>170.15000000000003</ele>
   </trkpt>
   <trkpt lat="41.029810000000005" lon="22.044590000000003">
    <ele>170.16</ele>
   </trkpt>
   <trkpt lat="41.029830000000004" lon="22.044490000000003">
    <ele>170.16</ele>
   </trkpt>
   <trkpt lat="41.03020500222801" lon="22.043780003950005">
    <ele>169.71000000000004</ele>
   </trkpt>
   <trkpt lat="41.03058" lon="22.04307">
    <ele>171.02</ele>
   </trkpt>
   <trkpt lat="41.030710000000006" lon="22.042920000000002">
    <ele>171.28</ele>
   </trkpt>
   <trkpt lat="41.031110000000005" lon="22.042630000000003">
    <ele>172.63</ele>
   </trkpt>
   <trkpt lat="41.03141" lon="22.042460000000002">
    <ele>173.15000000000003</ele>
   </trkpt>
   <trkpt lat="41.03161" lon="22.04221">
    <ele>172.6</ele>
   </trkpt>
   <trkpt lat="41.031710000000004" lon="22.042140000000003">
    <ele>172.5</ele>
   </trkpt>
   <trkpt lat="41.03183000000001" lon="22.041990000000002">
    <ele>171.93000000000004</ele>
   </trkpt>
   <trkpt lat="41.03188" lon="22.04185">
    <ele>170.69</ele>
   </trkpt>
   <trkpt lat="41.03188" lon="22.041770000000003">
    <ele>170.69</ele>
   </trkpt>
   <trkpt lat="41.03188" lon="22.04175">
    <ele>170.64000000000001</ele>
   </trkpt>
   <trkpt lat="41.03192000000001" lon="22.041410000000003">
    <ele>169.57000000000002</ele>
   </trkpt>
   <trkpt lat="41.031800000000004" lon="22.040300000000002">
    <ele>165.83</ele>
   </trkpt>
   <trkpt lat="41.03154000000001" lon="22.039230000000003">
    <ele>167.09</ele>
   </trkpt>
   <trkpt lat="41.031420000000004" lon="22.03893">
    <ele>167.78</ele>
   </trkpt>
   <trkpt lat="41.03132" lon="22.03874">
    <ele>168.88</ele>
   </trkpt>
   <trkpt lat="41.03119" lon="22.03862">
    <ele>169.39000000000001</ele>
   </trkpt>
   <trkpt lat="41.030675000264374" lon="22.038424998512596">
    <ele>170.53</ele>
   </trkpt>
   <trkpt lat="41.03016" lon="22.038230000000002">
    <ele>170.32000000000002</ele>
   </trkpt>
   <trkpt lat="41.02995000000001" lon="22.038130000000002">
    <ele>170.53</ele>
   </trkpt>
   <trkpt lat="41.02994" lon="22.038130000000002">
    <ele>170.54000000000002</ele>
   </trkpt>
   <trkpt lat="41.02915500056315" lon="22.03776499564255">
    <ele>171.90000000000003</ele>
   </trkpt>
   <trkpt lat="41.02837" lon="22.0374">
    <ele>173.67000000000002</ele>
   </trkpt>
   <trkpt lat="41.02765000040765" lon="22.037084996546408">
    <ele>171.48000000000002</ele>
   </trkpt>
   <trkpt lat="41.02693" lon="22.03677">
    <ele>169.95000000000002</ele>
   </trkpt>
   <trkpt lat="41.026720000000005" lon="22.036600000000004">
    <ele>169.70000000000002</ele>
   </trkpt>
   <trkpt lat="41.02666000000001" lon="22.03639">
    <ele>170.22</ele>
   </trkpt>
   <trkpt lat="41.02657000000001" lon="22.035960000000003">
    <ele>171.63</ele>
   </trkpt>
   <trkpt lat="41.02657000000001" lon="22.035950000000003">
    <ele>171.66</ele>
   </trkpt>
   <trkpt lat="41.02653" lon="22.03575">
    <ele>173.01000000000002</ele>
   </trkpt>
   <trkpt lat="41.02617" lon="22.03478">
    <ele>177.51</ele>
   </trkpt>
   <trkpt lat="41.02601000000001" lon="22.03413">
    <ele>179.11</ele>
   </trkpt>
   <trkpt lat="41.02606" lon="22.03348">
    <ele>180.93</ele>
   </trkpt>
   <trkpt lat="41.02604" lon="22.03321">
    <ele>180.93</ele>
   </trkpt>
   <trkpt lat="41.02575" lon="22.032130000000002">
    <ele>180.93</ele>
   </trkpt>
   <trkpt lat="41.02552" lon="22.03151">
    <ele>183.13000000000002</ele>
   </trkpt>
   <trkpt lat="41.02546" lon="22.03122">
    <ele>183.13000000000002</ele>
   </trkpt>
   <trkpt lat="41.02543" lon="22.030900000000003">
    <ele>183.13000000000002</ele>
   </trkpt>
   <trkpt lat="41.02543" lon="22.03028">
    <ele>183.13000000000002</ele>
   </trkpt>
   <trkpt lat="41.025490000000005" lon="22.02974">
    <ele>183.13000000000002</ele>
   </trkpt>
   <trkpt lat="41.025650000000006" lon="22.0286">
    <ele>183.13000000000002</ele>
   </trkpt>
   <trkpt lat="41.02566" lon="22.0283">
    <ele>183.13000000000002</ele>
   </trkpt>
   <trkpt lat="41.02564" lon="22.027880000000003">
    <ele>183.13000000000002</ele>
   </trkpt>
   <trkpt lat="41.02569000250519" lon="22.02712000043807">
    <ele>183.13000000000002</ele>
   </trkpt>
   <trkpt lat="41.025740000000006" lon="22.02636">
    <ele>183.13000000000002</ele>
   </trkpt>
   <trkpt lat="41.025760000000005" lon="22.02551">
    <ele>187.58</ele>
   </trkpt>
   <trkpt lat="41.0257" lon="22.025180000000002">
    <ele>187.58</ele>
   </trkpt>
   <trkpt lat="41.02561" lon="22.02496">
    <ele>187.58</ele>
   </trkpt>
   <trkpt lat="41.025470000000006" lon="22.024690000000003">
    <ele>187.58</ele>
   </trkpt>
   <trkpt lat="41.025310000000005" lon="22.024440000000002">
    <ele>187.58</ele>
   </trkpt>
   <trkpt lat="41.024860000000004" lon="22.02342">
    <ele>187.58</ele>
   </trkpt>
   <trkpt lat="41.024590001004775" lon="22.0229299979315">
    <ele>187.58</ele>
   </trkpt>
   <trkpt lat="41.02432" lon="22.022440000000003">
    <ele>187.58</ele>
   </trkpt>
   <trkpt lat="41.02418" lon="22.022060000000003">
    <ele>188.39</ele>
   </trkpt>
   <trkpt lat="41.024100000000004" lon="22.02175">
    <ele>189.47000000000003</ele>
   </trkpt>
   <trkpt lat="41.02378" lon="22.0212">
    <ele>191.67000000000002</ele>
   </trkpt>
   <trkpt lat="41.02378" lon="22.02119">
    <ele>191.70000000000002</ele>
   </trkpt>
   <trkpt lat="41.02365" lon="22.020970000000002">
    <ele>192.85000000000002</ele>
   </trkpt>
   <trkpt lat="41.023590000000006" lon="22.02073">
    <ele>193.59</ele>
   </trkpt>
   <trkpt lat="41.02357000000001" lon="22.02034">
    <ele>194.67000000000002</ele>
   </trkpt>
   <trkpt lat="41.023450000000004" lon="22.01967">
    <ele>197.73000000000002</ele>
   </trkpt>
   <trkpt lat="41.02344" lon="22.0193">
    <ele>198.47</ele>
   </trkpt>
   <trkpt lat="41.023480001689784" lon="22.01867500035217">
    <ele>201.26000000000002</ele>
   </trkpt>
   <trkpt lat="41.023520000000005" lon="22.018050000000002">
    <ele>204.31</ele>
   </trkpt>
   <trkpt lat="41.023500000000006" lon="22.017950000000003">
    <ele>204.31</ele>
   </trkpt>
   <trkpt lat="41.023320000000005" lon="22.017570000000003">
    <ele>205.48000000000002</ele>
   </trkpt>
   <trkpt lat="41.023250000000004" lon="22.017390000000002">
    <ele>205.95000000000002</ele>
   </trkpt>
   <trkpt lat="41.02326" lon="22.01723">
    <ele>206.07</ele>
   </trkpt>
   <trkpt lat="41.02347" lon="22.016810000000003">
    <ele>207.23000000000002</ele>
   </trkpt>
   <trkpt lat="41.02355" lon="22.016610000000004">
    <ele>208.51000000000002</ele>
   </trkpt>
   <trkpt lat="41.023590000000006" lon="22.01638">
    <ele>209.13</ele>
   </trkpt>
   <trkpt lat="41.023520000000005" lon="22.015860000000004">
    <ele>211.76</ele>
   </trkpt>
   <trkpt lat="41.02351" lon="22.01554">
    <ele>211.76</ele>
   </trkpt>
   <trkpt lat="41.023520000000005" lon="22.01526">
    <ele>213.58</ele>
   </trkpt>
   <trkpt lat="41.02347" lon="22.014780000000002">
    <ele>215.54</ele>
   </trkpt>
   <trkpt lat="41.023340000000005" lon="22.014080000000003">
    <ele>217.63000000000002</ele>
   </trkpt>
   <trkpt lat="41.023300000000006" lon="22.013830000000002">
    <ele>218.68</ele>
   </trkpt>
   <trkpt lat="41.02333" lon="22.013050000000003">
    <ele>221.34</ele>
   </trkpt>
   <trkpt lat="41.02342" lon="22.012600000000003">
    <ele>223.75</ele>
   </trkpt>
   <trkpt lat="41.023430000000005" lon="22.01244">
    <ele>223.75</ele>
   </trkpt>
   <trkpt lat="41.02342" lon="22.01227">
    <ele>224.42000000000002</ele>
   </trkpt>
   <trkpt lat="41.023300000000006" lon="22.011950000000002">
    <ele>225.79000000000002</ele>
   </trkpt>
   <trkpt lat="41.02274000301839" lon="22.012790007188734">
    <ele>221.10000000000002</ele>
   </trkpt>
   <trkpt lat="41.022180000000006" lon="22.013630000000003">
    <ele>217.52</ele>
   </trkpt>
   <trkpt lat="41.022020000000005" lon="22.013910000000003">
    <ele>216.22000000000003</ele>
   </trkpt>
   <trkpt lat="41.02176" lon="22.014180000000003">
    <ele>214.87</ele>
   </trkpt>
   <trkpt lat="41.021330000683754" lon="22.014555002381982">
    <ele>212.3</ele>
   </trkpt>
   <trkpt lat="41.020900000000005" lon="22.014930000000003">
    <ele>207.88</ele>
   </trkpt>
   <trkpt lat="41.02035000052737" lon="22.015285002975556">
    <ele>206.21</ele>
   </trkpt>
   <trkpt lat="41.019800000000004" lon="22.01564">
    <ele>203.84</ele>
   </trkpt>
   <trkpt lat="41.01914500103507" lon="22.01611000461606">
    <ele>200.42000000000002</ele>
   </trkpt>
   <trkpt lat="41.01849" lon="22.01658">
    <ele>197.09</ele>
   </trkpt>
   <trkpt lat="41.01800000128316" lon="22.01713500418286">
    <ele>194.89000000000001</ele>
   </trkpt>
   <trkpt lat="41.01751" lon="22.01769">
    <ele>193.72</ele>
   </trkpt>
   <trkpt lat="41.01692000891861" lon="22.01840802571406">
    <ele>192.26000000000002</ele>
   </trkpt>
   <trkpt lat="41.0163300133816" lon="22.019126038566">
    <ele>190.67000000000002</ele>
   </trkpt>
   <trkpt lat="41.01574001338914" lon="22.019844038556215">
    <ele>188.47000000000003</ele>
   </trkpt>
   <trkpt lat="41.015150008941404" lon="22.020562025685113">
    <ele>186.39000000000001</ele>
   </trkpt>
   <trkpt lat="41.01456" lon="22.02128">
    <ele>185.4</ele>
   </trkpt>
   <trkpt lat="41.01444" lon="22.02148">
    <ele>184.66000000000003</ele>
   </trkpt>
   <trkpt lat="41.0142450014934" lon="22.022060001598554">
    <ele>184.00000000000003</ele>
   </trkpt>
   <trkpt lat="41.014050000000005" lon="22.022640000000003">
    <ele>183.43</ele>
   </trkpt>
   <trkpt lat="41.01395" lon="22.022850000000002">
    <ele>183.15</ele>
   </trkpt>
   <trkpt lat="41.01382" lon="22.023020000000002">
    <ele>183.02</ele>
   </trkpt>
   <trkpt lat="41.013690000000004" lon="22.02314">
    <ele>182.63000000000002</ele>
   </trkpt>
   <trkpt lat="41.01339" lon="22.023390000000003">
    <ele>182.50000000000003</ele>
   </trkpt>
   <trkpt lat="41.01288" lon="22.023670000000003">
    <ele>182.23</ele>
   </trkpt>
   <trkpt lat="41.01211" lon="22.024060000000002">
    <ele>181.78000000000003</ele>
   </trkpt>
   <trkpt lat="41.01164" lon="22.024220000000003">
    <ele>182.09</ele>
   </trkpt>
   <trkpt lat="41.0109280005348" lon="22.02439600760787">
    <ele>182.50000000000003</ele>
   </trkpt>
   <trkpt lat="41.010216000801876" lon="22.0245720114117">
    <ele>181.08</ele>
   </trkpt>
   <trkpt lat="41.009504000801236" lon="22.024748011411678">
    <ele>181.32</ele>
   </trkpt>
   <trkpt lat="41.008792000532914" lon="22.024924007607975">
    <ele>181.07</ele>
   </trkpt>
   <trkpt lat="41.00808000000001" lon="22.025100000000002">
    <ele>178.97000000000003</ele>
   </trkpt>
   <trkpt lat="41.00737000021607" lon="22.0252566700419">
    <ele>177.35</ele>
   </trkpt>
   <trkpt lat="41.00666000022003" lon="22.025413336707643">
    <ele>176.11</ele>
   </trkpt>
   <trkpt lat="41.005950000000006" lon="22.025570000000002">
    <ele>173.92000000000002</ele>
   </trkpt>
   <trkpt lat="41.00524000026443" lon="22.02576500207345">
    <ele>171.64000000000001</ele>
   </trkpt>
   <trkpt lat="41.00453" lon="22.02596">
    <ele>170.58</ele>
   </trkpt>
   <trkpt lat="41.00376000000001" lon="22.02614">
    <ele>169.6</ele>
   </trkpt>
   <trkpt lat="41.003780000000006" lon="22.02614">
    <ele>169.61</ele>
   </trkpt>
   <trkpt lat="41.003210000166206" lon="22.02628000119084">
    <ele>168.67000000000002</ele>
   </trkpt>
   <trkpt lat="41.00264000000001" lon="22.02642">
    <ele>168.11</ele>
   </trkpt>
   <trkpt lat="41.0024" lon="22.026570000000003">
    <ele>167.58</ele>
   </trkpt>
   <trkpt lat="41.002280000000006" lon="22.026690000000002">
    <ele>167.49</ele>
   </trkpt>
   <trkpt lat="41.002230000000004" lon="22.026410000000002">
    <ele>167.59</ele>
   </trkpt>
   <trkpt lat="41.002190000000006" lon="22.02636">
    <ele>167.59</ele>
   </trkpt>
   <trkpt lat="41.002140000000004" lon="22.02635">
    <ele>167.59</ele>
   </trkpt>
   <trkpt lat="41.001560000000005" lon="22.02642">
    <ele>167.22</ele>
   </trkpt>
   <trkpt lat="41.001580000000004" lon="22.02642">
    <ele>167.22</ele>
   </trkpt>
   <trkpt lat="41.00076000000001" lon="22.02655">
    <ele>166.49000000000004</ele>
   </trkpt>
   <trkpt lat="41.00067000000001" lon="22.026590000000002">
    <ele>166.29000000000002</ele>
   </trkpt>
   <trkpt lat="41.00022000094597" lon="22.02707500338718">
    <ele>164.89000000000001</ele>
   </trkpt>
   <trkpt lat="40.999770000000005" lon="22.02756">
    <ele>163.5</ele>
   </trkpt>
   <trkpt lat="40.99928500106995" lon="22.028085003994008">
    <ele>162.33</ele>
   </trkpt>
   <trkpt lat="40.9988" lon="22.02861">
    <ele>161.21</ele>
   </trkpt>
   <trkpt lat="40.99824" lon="22.029010000000003">
    <ele>159.59</ele>
   </trkpt>
   <trkpt lat="40.99768" lon="22.029770000000003">
    <ele>158.53</ele>
   </trkpt>
   <trkpt lat="40.997200001690004" lon="22.03040500469305">
    <ele>158.73000000000002</ele>
   </trkpt>
   <trkpt lat="40.99672" lon="22.03104">
    <ele>159.17000000000002</ele>
   </trkpt>
   <trkpt lat="40.996410000000004" lon="22.030700000000003">
    <ele>159.10000000000002</ele>
   </trkpt>
   <trkpt lat="40.9964" lon="22.030700000000003">
    <ele>159.10000000000002</ele>
   </trkpt>
   <trkpt lat="40.996030000000005" lon="22.030220000000003">
    <ele>158.9</ele>
   </trkpt>
   <trkpt lat="40.9956" lon="22.02953">
    <ele>158.51000000000002</ele>
   </trkpt>
   <trkpt lat="40.99517" lon="22.02867">
    <ele>157.59</ele>
   </trkpt>
   <trkpt lat="40.995000000000005" lon="22.02839">
    <ele>157.39</ele>
   </trkpt>
   <trkpt lat="40.99484" lon="22.028190000000002">
    <ele>157.14</ele>
   </trkpt>
   <trkpt lat="40.99457" lon="22.02792">
    <ele>157.04000000000002</ele>
   </trkpt>
   <trkpt lat="40.99385" lon="22.027260000000002">
    <ele>155.67</ele>
   </trkpt>
   <trkpt lat="40.99385" lon="22.027250000000002">
    <ele>155.65</ele>
   </trkpt>
   <trkpt lat="40.99356" lon="22.02699">
    <ele>155.04000000000002</ele>
   </trkpt>
   <trkpt lat="40.99334" lon="22.026760000000003">
    <ele>154.62</ele>
   </trkpt>
   <trkpt lat="40.993045001085825" lon="22.026259997772268">
    <ele>154.00000000000003</ele>
   </trkpt>
   <trkpt lat="40.99275" lon="22.025760000000002">
    <ele>153.61</ele>
   </trkpt>
   <trkpt lat="40.99244333892803" lon="22.024956659240452">
    <ele>152.77</ele>
   </trkpt>
   <trkpt lat="40.9921366722793" lon="22.024153325954252">
    <ele>152.31</ele>
   </trkpt>
   <trkpt lat="40.99183" lon="22.02335">
    <ele>152.46</ele>
   </trkpt>
   <trkpt lat="40.991730000000004" lon="22.02295">
    <ele>152.46</ele>
   </trkpt>
   <trkpt lat="40.991670000000006" lon="22.022560000000002">
    <ele>152.58</ele>
   </trkpt>
   <trkpt lat="40.99165" lon="22.02224">
    <ele>152.62</ele>
   </trkpt>
   <trkpt lat="40.99165" lon="22.021530000000002">
    <ele>153.37</ele>
   </trkpt>
   <trkpt lat="40.991580000000006" lon="22.021220000000003">
    <ele>153.46</ele>
   </trkpt>
   <trkpt lat="40.99136" lon="22.020770000000002">
    <ele>153.67</ele>
   </trkpt>
   <trkpt lat="40.99076" lon="22.02024">
    <ele>154.02</ele>
   </trkpt>
   <trkpt lat="40.990640000000006" lon="22.02006">
    <ele>154.22000000000003</ele>
   </trkpt>
   <trkpt lat="40.99038500220873" lon="22.019339997127584">
    <ele>154.13000000000002</ele>
   </trkpt>
   <trkpt lat="40.99013" lon="22.018620000000002">
    <ele>154.16000000000003</ele>
   </trkpt>
   <trkpt lat="40.989920000000005" lon="22.018150000000002">
    <ele>154.25000000000003</ele>
   </trkpt>
   <trkpt lat="40.98988000000001" lon="22.01751">
    <ele>154.06</ele>
   </trkpt>
   <trkpt lat="40.98987" lon="22.017480000000003">
    <ele>154.06</ele>
   </trkpt>
   <trkpt lat="40.989830000000005" lon="22.017180000000003">
    <ele>154.04000000000002</ele>
   </trkpt>
   <trkpt lat="40.98951" lon="22.01647">
    <ele>154.58</ele>
   </trkpt>
   <trkpt lat="40.989110000000004" lon="22.01544">
    <ele>155.59</ele>
   </trkpt>
   <trkpt lat="40.988960000000006" lon="22.014760000000003">
    <ele>156.04000000000002</ele>
   </trkpt>
   <trkpt lat="40.98884001057644" lon="22.01365332924449">
    <ele>156.65</ele>
   </trkpt>
   <trkpt lat="40.98872001056982" lon="22.012546662516886">
    <ele>157.05</ele>
   </trkpt>
   <trkpt lat="40.988600000000005" lon="22.01144">
    <ele>157.03</ele>
   </trkpt>
   <trkpt lat="40.9886050020886" lon="22.01074499982614">
    <ele>157.51000000000002</ele>
   </trkpt>
   <trkpt lat="40.98861" lon="22.010050000000003">
    <ele>157.82000000000002</ele>
   </trkpt>
   <trkpt lat="40.98868500257738" lon="22.009280000714917">
    <ele>158.49</ele>
   </trkpt>
   <trkpt lat="40.988760000000006" lon="22.00851">
    <ele>158.65</ele>
   </trkpt>
   <trkpt lat="40.988890000000005" lon="22.0074">
    <ele>159.4</ele>
   </trkpt>
   <trkpt lat="40.989020000000004" lon="22.006780000000003">
    <ele>160.27</ele>
   </trkpt>
   <trkpt lat="40.989050000000006" lon="22.00644">
    <ele>160.35000000000002</ele>
   </trkpt>
   <trkpt lat="40.989050000000006" lon="22.006420000000002">
    <ele>160.34</ele>
   </trkpt>
   <trkpt lat="40.989133341466484" lon="22.005450002421675">
    <ele>160.63000000000002</ele>
   </trkpt>
   <trkpt lat="40.989216674802435" lon="22.004480002391368">
    <ele>161.09</ele>
   </trkpt>
   <trkpt lat="40.9893" lon="22.003510000000002">
    <ele>161.89000000000001</ele>
   </trkpt>
   <trkpt lat="40.98931" lon="22.00269">
    <ele>162.4</ele>
   </trkpt>
   <trkpt lat="40.98938500210444" lon="22.001995000628632">
    <ele>163.34</ele>
   </trkpt>
   <trkpt lat="40.98946" lon="22.0013">
    <ele>164.48000000000002</ele>
   </trkpt>
   <trkpt lat="40.98969" lon="22.00044">
    <ele>165.61</ele>
   </trkpt>
   <trkpt lat="40.98987" lon="21.999470000000002">
    <ele>166.29000000000002</ele>
   </trkpt>
   <trkpt lat="40.98992500462422" lon="21.9984350009417">
    <ele>167.05</ele>
   </trkpt>
   <trkpt lat="40.98998" lon="21.997400000000003">
    <ele>168.37</ele>
   </trkpt>
   <trkpt lat="40.990120000000005" lon="21.996810000000004">
    <ele>169.31</ele>
   </trkpt>
   <trkpt lat="40.99018" lon="21.99649">
    <ele>169.82000000000002</ele>
   </trkpt>
   <trkpt lat="40.990170000000006" lon="21.9962">
    <ele>170.11</ele>
   </trkpt>
   <trkpt lat="40.99007" lon="21.99592">
    <ele>170.37</ele>
   </trkpt>
   <trkpt lat="40.99004" lon="21.99565">
    <ele>170.63</ele>
   </trkpt>
   <trkpt lat="40.990010000000005" lon="21.995160000000002">
    <ele>171.29000000000002</ele>
   </trkpt>
   <trkpt lat="40.990010000000005" lon="21.994570000000003">
    <ele>172.51000000000002</ele>
   </trkpt>
   <trkpt lat="40.990010000000005" lon="21.99455">
    <ele>172.53</ele>
   </trkpt>
   <trkpt lat="40.99013" lon="21.993460000000002">
    <ele>174.90000000000003</ele>
   </trkpt>
   <trkpt lat="40.990120000000005" lon="21.992590000000003">
    <ele>176.22</ele>
   </trkpt>
   <trkpt lat="40.99015" lon="21.992310000000003">
    <ele>176.41</ele>
   </trkpt>
   <trkpt lat="40.9902" lon="21.992030000000003">
    <ele>176.51000000000002</ele>
   </trkpt>
   <trkpt lat="40.990390000000005" lon="21.991300000000003">
    <ele>177.35</ele>
   </trkpt>
   <trkpt lat="40.99044000000001" lon="21.990540000000003">
    <ele>178.72000000000003</ele>
   </trkpt>
   <trkpt lat="40.990390000000005" lon="21.9902">
    <ele>179.03000000000003</ele>
   </trkpt>
   <trkpt lat="40.990260000000006" lon="21.989910000000002">
    <ele>179.32</ele>
   </trkpt>
   <trkpt lat="40.98991" lon="21.989500000000003">
    <ele>180.22000000000003</ele>
   </trkpt>
   <trkpt lat="40.98977" lon="21.989240000000002">
    <ele>180.64000000000001</ele>
   </trkpt>
   <trkpt lat="40.989580000000004" lon="21.988680000000002">
    <ele>181.77</ele>
   </trkpt>
   <trkpt lat="40.98937" lon="21.98777">
    <ele>183.37</ele>
   </trkpt>
   <trkpt lat="40.98918000160006" lon="21.987164998315908">
    <ele>184.03000000000003</ele>
   </trkpt>
   <trkpt lat="40.98899" lon="21.98656">
    <ele>184.85000000000002</ele>
   </trkpt>
   <trkpt lat="40.98845" lon="21.985680000000002">
    <ele>186.18</ele>
   </trkpt>
   <trkpt lat="40.988110000000006" lon="21.984900000000003">
    <ele>187.47000000000003</ele>
   </trkpt>
   <trkpt lat="40.988260000000004" lon="21.984800000000003">
    <ele>187.88000000000002</ele>
   </trkpt>
   <trkpt lat="40.98823" lon="21.98442">
    <ele>188.60000000000002</ele>
   </trkpt>
   <trkpt lat="40.988170000000004" lon="21.984060000000003">
    <ele>188.60000000000002</ele>
   </trkpt>
   <trkpt lat="40.98800500154904" lon="21.983454998367282">
    <ele>189.58</ele>
   </trkpt>
   <trkpt lat="40.987840000000006" lon="21.982850000000003">
    <ele>190.34</ele>
   </trkpt>
   <trkpt lat="40.98763" lon="21.982360000000003">
    <ele>191.03</ele>
   </trkpt>
   <trkpt lat="40.987300000000005" lon="21.98175">
    <ele>192.39000000000001</ele>
   </trkpt>
   <trkpt lat="40.98707" lon="21.98128">
    <ele>192.95000000000002</ele>
   </trkpt>
   <trkpt lat="40.98677" lon="21.980970000000003">
    <ele>193.78</ele>
   </trkpt>
   <trkpt lat="40.986450000000005" lon="21.980590000000003">
    <ele>194.64000000000001</ele>
   </trkpt>
   <trkpt lat="40.986070000000005" lon="21.98">
    <ele>196.93</ele>
   </trkpt>
   <trkpt lat="40.98574" lon="21.979380000000003">
    <ele>197.54000000000002</ele>
   </trkpt>
   <trkpt lat="40.98553500184243" lon="21.978724997928065">
    <ele>197.70000000000002</ele>
   </trkpt>
   <trkpt lat="40.985330000000005" lon="21.978070000000002">
    <ele>197.76000000000002</ele>
   </trkpt>
   <trkpt lat="40.98503" lon="21.97735">
    <ele>198.64000000000001</ele>
   </trkpt>
   <trkpt lat="40.9846" lon="21.976480000000002">
    <ele>200.42000000000002</ele>
   </trkpt>
   <trkpt lat="40.98434" lon="21.975610000000003">
    <ele>202.16</ele>
   </trkpt>
   <trkpt lat="40.98422" lon="21.975360000000002">
    <ele>202.16</ele>
   </trkpt>
   <trkpt lat="40.98386500075818" lon="21.974914997482486">
    <ele>204.32000000000002</ele>
   </trkpt>
   <trkpt lat="40.98351" lon="21.97447">
    <ele>205.17000000000002</ele>
   </trkpt>
   <trkpt lat="40.98311500047445" lon="21.974154998149846">
    <ele>205.92000000000002</ele>
   </trkpt>
   <trkpt lat="40.98272" lon="21.973840000000003">
    <ele>206.28</ele>
   </trkpt>
   <trkpt lat="40.982670000000006" lon="21.973730000000003">
    <ele>206.67000000000002</ele>
   </trkpt>
   <trkpt lat="40.98266" lon="21.97313">
    <ele>207.29000000000002</ele>
   </trkpt>
   <trkpt lat="40.98261" lon="21.97296">
    <ele>207.86</ele>
   </trkpt>
   <trkpt lat="40.982510000000005" lon="21.97277">
    <ele>208.50000000000003</ele>
   </trkpt>
   <trkpt lat="40.982200001975016" lon="21.97209499684143">
    <ele>209.75000000000003</ele>
   </trkpt>
   <trkpt lat="40.98189" lon="21.971420000000002">
    <ele>210.97000000000003</ele>
   </trkpt>
   <trkpt lat="40.981660000000005" lon="21.97096">
    <ele>211.55</ele>
   </trkpt>
   <trkpt lat="40.98106000000001" lon="21.970380000000002">
    <ele>214.20000000000002</ele>
   </trkpt>
   <trkpt lat="40.980810000000005" lon="21.97006">
    <ele>215.32</ele>
   </trkpt>
   <trkpt lat="40.98062" lon="21.96957">
    <ele>216.34</ele>
   </trkpt>
   <trkpt lat="40.98053" lon="21.96928">
    <ele>216.70000000000002</ele>
   </trkpt>
   <trkpt lat="40.980430000000005" lon="21.969160000000002">
    <ele>217.09</ele>
   </trkpt>
   <trkpt lat="40.980160000000005" lon="21.969060000000002">
    <ele>217.09</ele>
   </trkpt>
   <trkpt lat="40.979890000000005" lon="21.969">
    <ele>217.84</ele>
   </trkpt>
   <trkpt lat="40.97946500032401" lon="21.968804998816825">
    <ele>218.59</ele>
   </trkpt>
   <trkpt lat="40.979040000000005" lon="21.96861">
    <ele>219.24</ele>
   </trkpt>
   <trkpt lat="40.97869" lon="21.96816">
    <ele>221.14000000000001</ele>
   </trkpt>
   <trkpt lat="40.978280000000005" lon="21.96751">
    <ele>222.25000000000003</ele>
   </trkpt>
   <trkpt lat="40.977990000000005" lon="21.96739">
    <ele>223.06</ele>
   </trkpt>
   <trkpt lat="40.97776" lon="21.96731">
    <ele>223.43</ele>
   </trkpt>
   <trkpt lat="40.97768000000001" lon="21.967260000000003">
    <ele>223.72000000000003</ele>
   </trkpt>
   <trkpt lat="40.97764" lon="21.967160000000003">
    <ele>223.96</ele>
   </trkpt>
   <trkpt lat="40.97764" lon="21.967010000000002">
    <ele>224.24</ele>
   </trkpt>
   <trkpt lat="40.97778" lon="21.966410000000003">
    <ele>225.12</ele>
   </trkpt>
   <trkpt lat="40.977790000000006" lon="21.96619">
    <ele>225.12</ele>
   </trkpt>
   <trkpt lat="40.97767" lon="21.96584">
    <ele>226.96</ele>
   </trkpt>
   <trkpt lat="40.97746" lon="21.965380000000003">
    <ele>227.20000000000002</ele>
   </trkpt>
   <trkpt lat="40.97739000000001" lon="21.965310000000002">
    <ele>227.47</ele>
   </trkpt>
   <trkpt lat="40.97715" lon="21.96518">
    <ele>228.76000000000002</ele>
   </trkpt>
   <trkpt lat="40.97704" lon="21.965100000000003">
    <ele>228.76000000000002</ele>
   </trkpt>
   <trkpt lat="40.977050000000006" lon="21.965100000000003">
    <ele>228.76000000000002</ele>
   </trkpt>
   <trkpt lat="40.97699" lon="21.96506">
    <ele>228.97</ele>
   </trkpt>
   <trkpt lat="40.9765" lon="21.964360000000003">
    <ele>230.64000000000001</ele>
   </trkpt>
   <trkpt lat="40.976420000000005" lon="21.96394">
    <ele>231.06</ele>
   </trkpt>
   <trkpt lat="40.97636000000001" lon="21.96299">
    <ele>233.24000000000004</ele>
   </trkpt>
   <trkpt lat="40.97626" lon="21.96282">
    <ele>233.95000000000002</ele>
   </trkpt>
   <trkpt lat="40.9761" lon="21.96261">
    <ele>234.63000000000002</ele>
   </trkpt>
   <trkpt lat="40.976000000000006" lon="21.96245">
    <ele>234.74000000000004</ele>
   </trkpt>
   <trkpt lat="40.975880000000004" lon="21.96217">
    <ele>235.42000000000002</ele>
   </trkpt>
   <trkpt lat="40.975830004716165" lon="21.961124999171115">
    <ele>237.67000000000002</ele>
   </trkpt>
   <trkpt lat="40.97578" lon="21.96008">
    <ele>240.23000000000002</ele>
   </trkpt>
   <trkpt lat="40.97567" lon="21.959280000000003">
    <ele>242.00000000000003</ele>
   </trkpt>
   <trkpt lat="40.97566000199539" lon="21.958599999737768">
    <ele>242.93</ele>
   </trkpt>
   <trkpt lat="40.97565" lon="21.95792">
    <ele>244.07</ele>
   </trkpt>
   <trkpt lat="40.97585" lon="21.95692">
    <ele>247.68</ele>
   </trkpt>
   <trkpt lat="40.976090002898374" lon="21.956100003005947">
    <ele>249.83</ele>
   </trkpt>
   <trkpt lat="40.976330000000004" lon="21.955280000000002">
    <ele>251.96</ele>
   </trkpt>
   <trkpt lat="40.97632" lon="21.955090000000002">
    <ele>254.65000000000003</ele>
   </trkpt>
   <trkpt lat="40.97599" lon="21.954220000000003">
    <ele>256.67</ele>
   </trkpt>
   <trkpt lat="40.975480000000005" lon="21.95343">
    <ele>259.43</ele>
   </trkpt>
   <trkpt lat="40.97509" lon="21.95275">
    <ele>261.59000000000003</ele>
   </trkpt>
   <trkpt lat="40.97463500209715" lon="21.952064995380816">
    <ele>263.19000000000005</ele>
   </trkpt>
   <trkpt lat="40.974180000000004" lon="21.95138">
    <ele>265.40000000000003</ele>
   </trkpt>
   <trkpt lat="40.97399" lon="21.95101">
    <ele>265.88</ele>
   </trkpt>
   <trkpt lat="40.973980000000005" lon="21.95101">
    <ele>265.89</ele>
   </trkpt>
   <trkpt lat="40.97393" lon="21.9509">
    <ele>266.23</ele>
   </trkpt>
   <trkpt lat="40.97386" lon="21.95062">
    <ele>266.23</ele>
   </trkpt>
   <trkpt lat="40.97383000000001" lon="21.95003">
    <ele>267.6</ele>
   </trkpt>
   <trkpt lat="40.973780000000005" lon="21.949650000000002">
    <ele>268.11</ele>
   </trkpt>
   <trkpt lat="40.97366" lon="21.94921">
    <ele>269.02000000000004</ele>
   </trkpt>
   <trkpt lat="40.97335" lon="21.94883">
    <ele>269.5</ele>
   </trkpt>
   <trkpt lat="40.97298000000001" lon="21.948620000000002">
    <ele>269.19000000000005</ele>
   </trkpt>
   <trkpt lat="40.97256" lon="21.94827">
    <ele>270.45000000000005</ele>
   </trkpt>
   <trkpt lat="40.972370000000005" lon="21.948140000000002">
    <ele>271.43</ele>
   </trkpt>
   <trkpt lat="40.97225" lon="21.948120000000003">
    <ele>271.54</ele>
   </trkpt>
   <trkpt lat="40.9721650022544" lon="21.94739499892571">
    <ele>272.46000000000004</ele>
   </trkpt>
   <trkpt lat="40.972080000000005" lon="21.94667">
    <ele>274.34000000000003</ele>
   </trkpt>
   <trkpt lat="40.97195000000001" lon="21.94637">
    <ele>274.58000000000004</ele>
   </trkpt>
   <trkpt lat="40.971900000000005" lon="21.946170000000002">
    <ele>275.06</ele>
   </trkpt>
   <trkpt lat="40.97185" lon="21.94572">
    <ele>276.21</ele>
   </trkpt>
   <trkpt lat="40.97171" lon="21.945290000000004">
    <ele>277.91</ele>
   </trkpt>
   <trkpt lat="40.971610000000005" lon="21.945010000000003">
    <ele>279.48</ele>
   </trkpt>
   <trkpt lat="40.97148000000001" lon="21.944750000000003">
    <ele>280.93</ele>
   </trkpt>
   <trkpt lat="40.971160000000005" lon="21.94434">
    <ele>282.58</ele>
   </trkpt>
   <trkpt lat="40.97101000000001" lon="21.94405">
    <ele>283.34000000000003</ele>
   </trkpt>
   <trkpt lat="40.97097" lon="21.943820000000002">
    <ele>284.0</ele>
   </trkpt>
   <trkpt lat="40.97092000000001" lon="21.943600000000004">
    <ele>284.76</ele>
   </trkpt>
   <trkpt lat="40.97072" lon="21.94329">
    <ele>285.98</ele>
   </trkpt>
   <trkpt lat="40.97044" lon="21.942960000000003">
    <ele>287.99</ele>
   </trkpt>
   <trkpt lat="40.970270000000006" lon="21.94263">
    <ele>289.24</ele>
   </trkpt>
   <trkpt lat="40.970180000000006" lon="21.94237">
    <ele>290.19</ele>
   </trkpt>
   <trkpt lat="40.970060000000004" lon="21.94152">
    <ele>292.47</ele>
   </trkpt>
   <trkpt lat="40.970060000000004" lon="21.94151">
    <ele>292.50000000000006</ele>
   </trkpt>
   <trkpt lat="40.97001" lon="21.940880000000003">
    <ele>295.23</ele>
   </trkpt>
   <trkpt lat="40.969950000000004" lon="21.940700000000003">
    <ele>295.7</ele>
   </trkpt>
   <trkpt lat="40.969640000000005" lon="21.940230000000003">
    <ele>297.74</ele>
   </trkpt>
   <trkpt lat="40.96942000000001" lon="21.93975">
    <ele>298.52</ele>
   </trkpt>
   <trkpt lat="40.96925" lon="21.93943">
    <ele>299.72</ele>
   </trkpt>
   <trkpt lat="40.96904000000001" lon="21.939140000000002">
    <ele>300.2</ele>
   </trkpt>
   <trkpt lat="40.968720000000005" lon="21.938830000000003">
    <ele>302.43</ele>
   </trkpt>
   <trkpt lat="40.96866000684373" lon="21.937939998376557">
    <ele>304.97</ele>
   </trkpt>
   <trkpt lat="40.96860000684339" lon="21.93704999837159">
    <ele>307.99</ele>
   </trkpt>
   <trkpt lat="40.968540000000004" lon="21.93616">
    <ele>311.24</ele>
   </trkpt>
   <trkpt lat="40.96853" lon="21.936130000000002">
    <ele>311.3</ele>
   </trkpt>
   <trkpt lat="40.968470006299285" lon="21.935276665222265">
    <ele>313.56</ele>
   </trkpt>
   <trkpt lat="40.968410006306826" lon="21.93442333199632">
    <ele>315.83</ele>
   </trkpt>
   <trkpt lat="40.96835" lon="21.933570000000003">
    <ele>319.40000000000003</ele>
   </trkpt>
   <trkpt lat="40.96830000958251" lon="21.932516664984277">
    <ele>323.14000000000004</ele>
   </trkpt>
   <trkpt lat="40.9682500095784" lon="21.931463331564725">
    <ele>326.23</ele>
   </trkpt>
   <trkpt lat="40.9682" lon="21.930410000000002">
    <ele>328.64000000000004</ele>
   </trkpt>
   <trkpt lat="40.968140000000005" lon="21.92958">
    <ele>330.84000000000003</ele>
   </trkpt>
   <trkpt lat="40.968116672905985" lon="21.928729999276403">
    <ele>334.0</ele>
   </trkpt>
   <trkpt lat="40.96809333956927" lon="21.927879999153866">
    <ele>337.71</ele>
   </trkpt>
   <trkpt lat="40.968070000000004" lon="21.927030000000002">
    <ele>340.21</ele>
   </trkpt>
   <trkpt lat="40.96808" lon="21.926460000000002">
    <ele>342.49</ele>
   </trkpt>
   <trkpt lat="40.96810000000001" lon="21.92623">
    <ele>342.49</ele>
   </trkpt>
   <trkpt lat="40.9682" lon="21.925780000000003">
    <ele>343.97</ele>
   </trkpt>
   <trkpt lat="40.968360000000004" lon="21.925430000000002">
    <ele>346.02000000000004</ele>
   </trkpt>
   <trkpt lat="40.96846" lon="21.925250000000002">
    <ele>346.02000000000004</ele>
   </trkpt>
   <trkpt lat="40.96891" lon="21.924580000000002">
    <ele>351.04</ele>
   </trkpt>
   <trkpt lat="40.969010000000004" lon="21.92435">
    <ele>351.04</ele>
   </trkpt>
   <trkpt lat="40.969080000000005" lon="21.924100000000003">
    <ele>352.01000000000005</ele>
   </trkpt>
   <trkpt lat="40.969120000000004" lon="21.923840000000002">
    <ele>352.33000000000004</ele>
   </trkpt>
   <trkpt lat="40.969170000000005" lon="21.9232">
    <ele>354.09000000000003</ele>
   </trkpt>
   <trkpt lat="40.96914" lon="21.92265">
    <ele>355.45000000000005</ele>
   </trkpt>
   <trkpt lat="40.969030000000004" lon="21.922590000000003">
    <ele>355.29</ele>
   </trkpt>
   <trkpt lat="40.96891" lon="21.92257">
    <ele>355.16</ele>
   </trkpt>
   <trkpt lat="40.96876" lon="21.922620000000002">
    <ele>355.00000000000006</ele>
   </trkpt>
   <trkpt lat="40.968070000000004" lon="21.922990000000002">
    <ele>354.24000000000007</ele>
   </trkpt>
   <trkpt lat="40.967940000000006" lon="21.92311">
    <ele>354.12000000000006</ele>
   </trkpt>
   <trkpt lat="40.967740000000006" lon="21.923360000000002">
    <ele>353.47</ele>
   </trkpt>
   <trkpt lat="40.96739" lon="21.923930000000002">
    <ele>352.6</ele>
   </trkpt>
   <trkpt lat="40.967240000000004" lon="21.92406">
    <ele>352.6</ele>
   </trkpt>
   <trkpt lat="40.967000000000006" lon="21.924120000000002">
    <ele>352.1</ele>
   </trkpt>
   <trkpt lat="40.96685" lon="21.924090000000003">
    <ele>351.89000000000004</ele>
   </trkpt>
   <trkpt lat="40.966710000000006" lon="21.924030000000002">
    <ele>351.65000000000003</ele>
   </trkpt>
   <trkpt lat="40.966660000000005" lon="21.923990000000003">
    <ele>351.65000000000003</ele>
   </trkpt>
   <trkpt lat="40.96665" lon="21.92398">
    <ele>351.64</ele>
   </trkpt>
   <trkpt lat="40.966120000000004" lon="21.92358">
    <ele>350.90000000000003</ele>
   </trkpt>
   <trkpt lat="40.96587" lon="21.923460000000002">
    <ele>350.41</ele>
   </trkpt>
   <trkpt lat="40.965340000000005" lon="21.923350000000003">
    <ele>349.78000000000003</ele>
   </trkpt>
   <trkpt lat="40.965160000000004" lon="21.923340000000003">
    <ele>349.49</ele>
   </trkpt>
   <trkpt lat="40.965050000000005" lon="21.923370000000002">
    <ele>349.14</ele>
   </trkpt>
   <trkpt lat="40.964780000000005" lon="21.923560000000002">
    <ele>346.2</ele>
   </trkpt>
   <trkpt lat="40.964490000000005" lon="21.923800000000004">
    <ele>344.34000000000003</ele>
   </trkpt>
   <trkpt lat="40.964180000000006" lon="21.92415">
    <ele>342.11</ele>
   </trkpt>
   <trkpt lat="40.96388" lon="21.92464">
    <ele>339.65</ele>
   </trkpt>
   <trkpt lat="40.96365" lon="21.925130000000003">
    <ele>337.8</ele>
   </trkpt>
   <trkpt lat="40.963460000000005" lon="21.92546">
    <ele>335.40000000000003</ele>
   </trkpt>
   <trkpt lat="40.96329" lon="21.92567">
    <ele>333.23</ele>
   </trkpt>
   <trkpt lat="40.963150000000006" lon="21.92574">
    <ele>332.65</ele>
   </trkpt>
   <trkpt lat="40.96302" lon="21.925770000000004">
    <ele>332.65</ele>
   </trkpt>
   <trkpt lat="40.96278" lon="21.92575">
    <ele>330.96000000000004</ele>
   </trkpt>
   <trkpt lat="40.962140000000005" lon="21.92556">
    <ele>326.77</ele>
   </trkpt>
   <trkpt lat="40.96182" lon="21.925530000000002">
    <ele>325.18</ele>
   </trkpt>
   <trkpt lat="40.961490000000005" lon="21.925610000000002">
    <ele>322.65999999999997</ele>
   </trkpt>
   <trkpt lat="40.96115" lon="21.925770000000004">
    <ele>320.62</ele>
   </trkpt>
   <trkpt lat="40.96087" lon="21.92594">
    <ele>319.26000000000005</ele>
   </trkpt>
   <trkpt lat="40.96056" lon="21.926190000000002">
    <ele>318.58000000000004</ele>
   </trkpt>
   <trkpt lat="40.959940001191946" lon="21.9267300051314">
    <ele>318.91</ele>
   </trkpt>
   <trkpt lat="40.959320000000005" lon="21.92727">
    <ele>319.18</ele>
   </trkpt>
   <trkpt lat="40.95863333618187" lon="21.92784001182485">
    <ele>316.83</ele>
   </trkpt>
   <trkpt lat="40.957946669556556" lon="21.928410011790337">
    <ele>313.46000000000004</ele>
   </trkpt>
   <trkpt lat="40.957260000000005" lon="21.928980000000003">
    <ele>308.87</ele>
   </trkpt>
   <trkpt lat="40.956920000000004" lon="21.929370000000002">
    <ele>306.57</ele>
   </trkpt>
   <trkpt lat="40.95662" lon="21.93016">
    <ele>303.87</ele>
   </trkpt>
   <trkpt lat="40.95658" lon="21.930390000000003">
    <ele>303.87</ele>
   </trkpt>
   <trkpt lat="40.95651" lon="21.931070000000002">
    <ele>301.62</ele>
   </trkpt>
   <trkpt lat="40.95646" lon="21.931340000000002">
    <ele>300.47</ele>
   </trkpt>
   <trkpt lat="40.956300000000006" lon="21.931690000000003">
    <ele>299.55</ele>
   </trkpt>
   <trkpt lat="40.956140000000005" lon="21.93194">
    <ele>298.78000000000003</ele>
   </trkpt>
   <trkpt lat="40.95599" lon="21.93212">
    <ele>296.76</ele>
   </trkpt>
   <trkpt lat="40.95584" lon="21.93243">
    <ele>295.98</ele>
   </trkpt>
   <trkpt lat="40.95564" lon="21.93337">
    <ele>292.61</ele>
   </trkpt>
   <trkpt lat="40.95544" lon="21.93402">
    <ele>290.04</ele>
   </trkpt>
   <trkpt lat="40.95513500283407" lon="21.93482500362773">
    <ele>287.98</ele>
   </trkpt>
   <trkpt lat="40.95483" lon="21.935630000000003">
    <ele>284.84000000000003</ele>
   </trkpt>
   <trkpt lat="40.954730000000005" lon="21.936000000000003">
    <ele>284.03</ele>
   </trkpt>
   <trkpt lat="40.95468" lon="21.936280000000004">
    <ele>282.32</ele>
   </trkpt>
   <trkpt lat="40.95467" lon="21.93656">
    <ele>282.32</ele>
   </trkpt>
   <trkpt lat="40.95467" lon="21.937050000000003">
    <ele>280.36</ele>
   </trkpt>
   <trkpt lat="40.954710000000006" lon="21.93747">
    <ele>279.86</ele>
   </trkpt>
   <trkpt lat="40.954710000000006" lon="21.93768">
    <ele>278.81</ele>
   </trkpt>
   <trkpt lat="40.95468" lon="21.937910000000002">
    <ele>278.33000000000004</ele>
   </trkpt>
   <trkpt lat="40.95468" lon="21.937990000000003">
    <ele>278.33000000000004</ele>
   </trkpt>
   <trkpt lat="40.95449000174991" lon="21.93863000190771">
    <ele>276.24</ele>
   </trkpt>
   <trkpt lat="40.9543" lon="21.93927">
    <ele>274.91</ele>
   </trkpt>
   <trkpt lat="40.95421" lon="21.939500000000002">
    <ele>274.91</ele>
   </trkpt>
   <trkpt lat="40.95382" lon="21.94028">
    <ele>273.17</ele>
   </trkpt>
   <trkpt lat="40.953720000000004" lon="21.94055">
    <ele>269.56</ele>
   </trkpt>
   <trkpt lat="40.95362" lon="21.94141">
    <ele>269.18</ele>
   </trkpt>
   <trkpt lat="40.953520000000005" lon="21.942050000000002">
    <ele>267.55</ele>
   </trkpt>
   <trkpt lat="40.95317" lon="21.94313">
    <ele>263.79</ele>
   </trkpt>
   <trkpt lat="40.953140000000005" lon="21.94341">
    <ele>263.79</ele>
   </trkpt>
   <trkpt lat="40.953180003119066" lon="21.944259999441883">
    <ele>262.56</ele>
   </trkpt>
   <trkpt lat="40.95322" lon="21.945110000000003">
    <ele>259.53000000000003</ele>
   </trkpt>
   <trkpt lat="40.95321667565547" lon="21.946130000096975">
    <ele>257.92</ele>
   </trkpt>
   <trkpt lat="40.953213342322144" lon="21.94715000009109">
    <ele>255.70000000000005</ele>
   </trkpt>
   <trkpt lat="40.953210000000006" lon="21.94817">
    <ele>253.79000000000002</ele>
   </trkpt>
   <trkpt lat="40.953190000000006" lon="21.949260000000002">
    <ele>251.26000000000005</ele>
   </trkpt>
   <trkpt lat="40.95315" lon="21.949650000000002">
    <ele>250.49000000000004</ele>
   </trkpt>
   <trkpt lat="40.95304667425364" lon="21.9505866695357">
    <ele>248.37</ele>
   </trkpt>
   <trkpt lat="40.95294334092724" lon="21.951523336139413">
    <ele>246.14000000000001</ele>
   </trkpt>
   <trkpt lat="40.95284" lon="21.952460000000002">
    <ele>244.83</ele>
   </trkpt>
   <trkpt lat="40.952740000000006" lon="21.95286">
    <ele>243.74</ele>
   </trkpt>
   <trkpt lat="40.95255" lon="21.95343">
    <ele>242.52</ele>
   </trkpt>
   <trkpt lat="40.95225667083348" lon="21.95412667291991">
    <ele>241.82</ele>
   </trkpt>
   <trkpt lat="40.95196333747368" lon="21.95482333964933">
    <ele>240.26000000000002</ele>
   </trkpt>
   <trkpt lat="40.95167" lon="21.955520000000003">
    <ele>238.53</ele>
   </trkpt>
   <trkpt lat="40.951570000000004" lon="21.955810000000003">
    <ele>238.53</ele>
   </trkpt>
   <trkpt lat="40.9515" lon="21.956100000000003">
    <ele>237.89000000000001</ele>
   </trkpt>
   <trkpt lat="40.951315005564574" lon="21.957235003182348">
    <ele>235.86</ele>
   </trkpt>
   <trkpt lat="40.951130000000006" lon="21.958370000000002">
    <ele>234.0</ele>
   </trkpt>
   <trkpt lat="40.95099333981346" lon="21.95923667031287">
    <ele>232.41</ele>
   </trkpt>
   <trkpt lat="40.95085667313756" lon="21.960103337037953">
    <ele>231.0</ele>
   </trkpt>
   <trkpt lat="40.950720000000004" lon="21.960970000000003">
    <ele>229.60000000000002</ele>
   </trkpt>
   <trkpt lat="40.95055000000001" lon="21.96198">
    <ele>227.93</ele>
   </trkpt>
   <trkpt lat="40.950480000000006" lon="21.9629">
    <ele>226.26000000000002</ele>
   </trkpt>
   <trkpt lat="40.95047" lon="21.96368">
    <ele>225.17000000000002</ele>
   </trkpt>
   <trkpt lat="40.95042500155955" lon="21.96428500070296">
    <ele>224.11</ele>
   </trkpt>
   <trkpt lat="40.95038" lon="21.96489">
    <ele>223.22000000000003</ele>
   </trkpt>
   <trkpt lat="40.95030500198362" lon="21.965565000628082">
    <ele>222.02</ele>
   </trkpt>
   <trkpt lat="40.950230000000005" lon="21.966240000000003">
    <ele>220.98000000000002</ele>
   </trkpt>
   <trkpt lat="40.95011" lon="21.96712">
    <ele>220.53000000000003</ele>
   </trkpt>
   <trkpt lat="40.95006" lon="21.9673">
    <ele>220.39000000000001</ele>
   </trkpt>
   <trkpt lat="40.949920000000006" lon="21.967540000000003">
    <ele>220.35000000000002</ele>
   </trkpt>
   <trkpt lat="40.949490000000004" lon="21.96815">
    <ele>220.44000000000003</ele>
   </trkpt>
   <trkpt lat="40.94943000000001" lon="21.968300000000003">
    <ele>220.52</ele>
   </trkpt>
   <trkpt lat="40.949360000000006" lon="21.968770000000003">
    <ele>220.38000000000002</ele>
   </trkpt>
   <trkpt lat="40.94932" lon="21.969">
    <ele>220.26000000000002</ele>
   </trkpt>
   <trkpt lat="40.94895" lon="21.969990000000003">
    <ele>217.63000000000002</ele>
   </trkpt>
   <trkpt lat="40.948570001579036" lon="21.970600003556">
    <ele>215.39000000000001</ele>
   </trkpt>
   <trkpt lat="40.948190000000004" lon="21.971210000000003">
    <ele>214.54</ele>
   </trkpt>
   <trkpt lat="40.947630000000004" lon="21.971690000000002">
    <ele>212.07</ele>
   </trkpt>
   <trkpt lat="40.94724" lon="21.972070000000002">
    <ele>211.55</ele>
   </trkpt>
   <trkpt lat="40.94695" lon="21.97257">
    <ele>210.65</ele>
   </trkpt>
   <trkpt lat="40.946670000000005" lon="21.973280000000003">
    <ele>209.90000000000003</ele>
   </trkpt>
   <trkpt lat="40.94637" lon="21.973290000000002">
    <ele>208.82</ele>
   </trkpt>
   <trkpt lat="40.945980000000006" lon="21.97344">
    <ele>208.74</ele>
   </trkpt>
   <trkpt lat="40.94552" lon="21.973750000000003">
    <ele>209.14000000000001</ele>
   </trkpt>
   <trkpt lat="40.94536" lon="21.97379">
    <ele>209.49</ele>
   </trkpt>
   <trkpt lat="40.944840000000006" lon="21.97368">
    <ele>209.87000000000003</ele>
   </trkpt>
   <trkpt lat="40.94438" lon="21.97352">
    <ele>210.57</ele>
   </trkpt>
   <trkpt lat="40.944340000000004" lon="21.9735">
    <ele>210.62000000000003</ele>
   </trkpt>
   <trkpt lat="40.94388500012867" lon="21.97334499894059">
    <ele>211.47000000000003</ele>
   </trkpt>
   <trkpt lat="40.943430000000006" lon="21.973190000000002">
    <ele>212.11</ele>
   </trkpt>
   <trkpt lat="40.942930000000004" lon="21.97324">
    <ele>212.35</ele>
   </trkpt>
   <trkpt lat="40.94279" lon="21.973280000000003">
    <ele>212.4</ele>
   </trkpt>
   <trkpt lat="40.9427" lon="21.97313">
    <ele>212.6</ele>
   </trkpt>
   <trkpt lat="40.94258000000001" lon="21.972990000000003">
    <ele>212.72000000000003</ele>
   </trkpt>
   <trkpt lat="40.94229" lon="21.972730000000002">
    <ele>213.01</ele>
   </trkpt>
   <trkpt lat="40.94221" lon="21.972630000000002">
    <ele>213.01</ele>
   </trkpt>
   <trkpt lat="40.94220000000001" lon="21.972620000000003">
    <ele>213.00000000000003</ele>
   </trkpt>
   <trkpt lat="40.94207" lon="21.972430000000003">
    <ele>212.88</ele>
   </trkpt>
   <trkpt lat="40.942080000000004" lon="21.972440000000002">
    <ele>212.9</ele>
   </trkpt>
   <trkpt lat="40.941970000000005" lon="21.972260000000002">
    <ele>212.71</ele>
   </trkpt>
   <trkpt lat="40.94196" lon="21.972250000000003">
    <ele>212.71</ele>
   </trkpt>
   <trkpt lat="40.94191" lon="21.972140000000003">
    <ele>212.76</ele>
   </trkpt>
   <trkpt lat="40.941900000000004" lon="21.972140000000003">
    <ele>212.76</ele>
   </trkpt>
   <trkpt lat="40.94183" lon="21.97202">
    <ele>212.82</ele>
   </trkpt>
   <trkpt lat="40.94183" lon="21.97201">
    <ele>212.82</ele>
   </trkpt>
   <trkpt lat="40.94173000000001" lon="21.971880000000002">
    <ele>212.82</ele>
   </trkpt>
   <trkpt lat="40.94115" lon="21.971330000000002">
    <ele>213.25000000000003</ele>
   </trkpt>
   <trkpt lat="40.94115" lon="21.971310000000003">
    <ele>213.25000000000003</ele>
   </trkpt>
   <trkpt lat="40.94102" lon="21.97106">
    <ele>213.32</ele>
   </trkpt>
   <trkpt lat="40.94086" lon="21.971020000000003">
    <ele>213.01</ele>
   </trkpt>
   <trkpt lat="40.94073" lon="21.971040000000002">
    <ele>213.01</ele>
   </trkpt>
   <trkpt lat="40.94032" lon="21.97126">
    <ele>212.89000000000001</ele>
   </trkpt>
   <trkpt lat="40.940250000000006" lon="21.97127">
    <ele>212.82</ele>
   </trkpt>
   <trkpt lat="40.93963" lon="21.97117">
    <ele>212.35</ele>
   </trkpt>
   <trkpt lat="40.93947" lon="21.97108">
    <ele>212.09000000000003</ele>
   </trkpt>
   <trkpt lat="40.93920000000001" lon="21.97087">
    <ele>211.85</ele>
   </trkpt>
   <trkpt lat="40.939040000000006" lon="21.970760000000002">
    <ele>211.54</ele>
   </trkpt>
   <trkpt lat="40.93891" lon="21.970750000000002">
    <ele>211.54</ele>
   </trkpt>
   <trkpt lat="40.938140000000004" lon="21.970920000000003">
    <ele>211.54</ele>
   </trkpt>
   <trkpt lat="40.937850000000005" lon="21.97088">
    <ele>211.54</ele>
   </trkpt>
   <trkpt lat="40.93764" lon="21.97079">
    <ele>211.54</ele>
   </trkpt>
   <trkpt lat="40.93714000000001" lon="21.970640000000003">
    <ele>211.95000000000002</ele>
   </trkpt>
   <trkpt lat="40.93703" lon="21.970630000000003">
    <ele>211.95000000000002</ele>
   </trkpt>
   <trkpt lat="40.936870000000006" lon="21.970660000000002">
    <ele>211.95000000000002</ele>
   </trkpt>
   <trkpt lat="40.936710000000005" lon="21.970730000000003">
    <ele>211.95000000000002</ele>
   </trkpt>
   <trkpt lat="40.935930000000006" lon="21.97117">
    <ele>211.95000000000002</ele>
   </trkpt>
   <trkpt lat="40.935930000000006" lon="21.97118">
    <ele>211.95000000000002</ele>
   </trkpt>
   <trkpt lat="40.93525" lon="21.97156">
    <ele>211.95000000000002</ele>
   </trkpt>
   <trkpt lat="40.934810000000006" lon="21.97171">
    <ele>211.95000000000002</ele>
   </trkpt>
   <trkpt lat="40.934580000000004" lon="21.971760000000003">
    <ele>211.95000000000002</ele>
   </trkpt>
   <trkpt lat="40.93444" lon="21.97182">
    <ele>211.95000000000002</ele>
   </trkpt>
   <trkpt lat="40.933870000000006" lon="21.97222">
    <ele>211.95000000000002</ele>
   </trkpt>
   <trkpt lat="40.933710000000005" lon="21.972250000000003">
    <ele>211.95000000000002</ele>
   </trkpt>
   <trkpt lat="40.93311000015961" lon="21.97223999991184">
    <ele>211.95000000000002</ele>
   </trkpt>
   <trkpt lat="40.93251" lon="21.972230000000003">
    <ele>211.95000000000002</ele>
   </trkpt>
   <trkpt lat="40.9324" lon="21.972250000000003">
    <ele>211.95000000000002</ele>
   </trkpt>
   <trkpt lat="40.93231" lon="21.97229">
    <ele>212.49</ele>
   </trkpt>
   <trkpt lat="40.93187000052691" lon="21.97261500211218">
    <ele>212.49</ele>
   </trkpt>
   <trkpt lat="40.931430000000006" lon="21.97294">
    <ele>212.49</ele>
   </trkpt>
   <trkpt lat="40.93119" lon="21.973260000000003">
    <ele>212.49</ele>
   </trkpt>
   <trkpt lat="40.930960000000006" lon="21.973630000000004">
    <ele>212.49</ele>
   </trkpt>
   <trkpt lat="40.93056" lon="21.974020000000003">
    <ele>212.49</ele>
   </trkpt>
   <trkpt lat="40.92978" lon="21.974610000000002">
    <ele>212.49</ele>
   </trkpt>
   <trkpt lat="40.92931" lon="21.974890000000002">
    <ele>212.49</ele>
   </trkpt>
   <trkpt lat="40.929300000000005" lon="21.9749">
    <ele>212.49</ele>
   </trkpt>
   <trkpt lat="40.92893" lon="21.97513">
    <ele>212.49</ele>
   </trkpt>
   <trkpt lat="40.92844" lon="21.9756">
    <ele>212.57</ele>
   </trkpt>
   <trkpt lat="40.92815" lon="21.975510000000003">
    <ele>214.02</ele>
   </trkpt>
   <trkpt lat="40.928140000000006" lon="21.975510000000003">
    <ele>214.06000000000003</ele>
   </trkpt>
   <trkpt lat="40.92799" lon="21.97546">
    <ele>214.06000000000003</ele>
   </trkpt>
   <trkpt lat="40.927600000000005" lon="21.97539">
    <ele>216.28000000000003</ele>
   </trkpt>
   <trkpt lat="40.92752" lon="21.975420000000003">
    <ele>216.28000000000003</ele>
   </trkpt>
   <trkpt lat="40.926860000000005" lon="21.975980000000003">
    <ele>223.93</ele>
   </trkpt>
   <trkpt lat="40.926390000000005" lon="21.9764">
    <ele>228.57000000000002</ele>
   </trkpt>
   <trkpt lat="40.92645" lon="21.976480000000002">
    <ele>228.60000000000002</ele>
   </trkpt>
   <trkpt lat="40.92663" lon="21.97662">
    <ele>228.60000000000002</ele>
   </trkpt>
   <trkpt lat="40.92694" lon="21.9768">
    <ele>220.55</ele>
   </trkpt>
   <trkpt lat="40.927110000000006" lon="21.976860000000002">
    <ele>220.55</ele>
   </trkpt>
   <trkpt lat="40.92727" lon="21.97687">
    <ele>220.55</ele>
   </trkpt>
   <trkpt lat="40.92752" lon="21.9768">
    <ele>220.55</ele>
   </trkpt>
   <trkpt lat="40.927530000000004" lon="21.9768">
    <ele>220.49</ele>
   </trkpt>
   <trkpt lat="40.92816000026591" lon="21.97660000187726">
    <ele>220.49</ele>
   </trkpt>
   <trkpt lat="40.928790000000006" lon="21.9764">
    <ele>211.34000000000003</ele>
   </trkpt>
   <trkpt lat="40.92887" lon="21.97635">
    <ele>211.34000000000003</ele>
   </trkpt>
   <trkpt lat="40.92886" lon="21.97634">
    <ele>211.36</ele>
   </trkpt>
   <trkpt lat="40.92906000000001" lon="21.97643">
    <ele>211.36</ele>
   </trkpt>
   <trkpt lat="40.929640000000006" lon="21.97659">
    <ele>211.36</ele>
   </trkpt>
   <trkpt lat="40.930110000000006" lon="21.976540000000004">
    <ele>205.37000000000003</ele>
   </trkpt>
   <trkpt lat="40.930330000000005" lon="21.976490000000002">
    <ele>205.37000000000003</ele>
   </trkpt>
   <trkpt lat="40.93065" lon="21.976560000000003">
    <ele>205.37000000000003</ele>
   </trkpt>
   <trkpt lat="40.93084" lon="21.976660000000003">
    <ele>205.37000000000003</ele>
   </trkpt>
   <trkpt lat="40.93128" lon="21.97698">
    <ele>205.37000000000003</ele>
   </trkpt>
   <trkpt lat="40.93126" lon="21.97697">
    <ele>205.40000000000003</ele>
   </trkpt>
   <trkpt lat="40.93168" lon="21.97727">
    <ele>205.40000000000003</ele>
   </trkpt>
   <trkpt lat="40.932030000000005" lon="21.97735">
    <ele>205.40000000000003</ele>
   </trkpt>
   <trkpt lat="40.93261000076452" lon="21.977809995843195">
    <ele>205.40000000000003</ele>
   </trkpt>
   <trkpt lat="40.93319" lon="21.978270000000002">
    <ele>198.07000000000002</ele>
   </trkpt>
   <trkpt lat="40.9337" lon="21.978710000000003">
    <ele>198.07000000000002</ele>
   </trkpt>
   <trkpt lat="40.93414000170303" lon="21.97932999593078">
    <ele>198.07000000000002</ele>
   </trkpt>
   <trkpt lat="40.934580000000004" lon="21.979950000000002">
    <ele>197.10000000000002</ele>
   </trkpt>
   <trkpt lat="40.93484" lon="21.98027">
    <ele>197.10000000000002</ele>
   </trkpt>
   <trkpt lat="40.93484" lon="21.98026">
    <ele>197.11</ele>
   </trkpt>
   <trkpt lat="40.935485576999284" lon="21.981047716188876">
    <ele>196.5</ele>
   </trkpt>
   <trkpt lat="40.93613114863802" lon="21.981835447773573">
    <ele>196.67000000000002</ele>
   </trkpt>
   <trkpt lat="40.93677671491598" lon="21.982623194754613">
    <ele>196.67000000000002</ele>
   </trkpt>
   <trkpt lat="40.93742227583293" lon="21.983410957132524">
    <ele>193.41000000000003</ele>
   </trkpt>
   <trkpt lat="40.93806783138864" lon="21.984198734907825">
    <ele>193.41000000000003</ele>
   </trkpt>
   <trkpt lat="40.93871338158289" lon="21.98498652808105">
    <ele>193.41000000000003</ele>
   </trkpt>
   <trkpt lat="40.93935892641546" lon="21.98577433665271">
    <ele>191.10999999999999</ele>
   </trkpt>
   <trkpt lat="40.94000446588611" lon="21.986562160623333">
    <ele>191.10999999999999</ele>
   </trkpt>
   <trkpt lat="40.940650000000005" lon="21.987350000000003">
    <ele>190.51000000000002</ele>
   </trkpt>
   <trkpt lat="40.94066" lon="21.987350000000003">
    <ele>190.51000000000002</ele>
   </trkpt>
   <trkpt lat="40.94024" lon="21.98833">
    <ele>189.03</ele>
   </trkpt>
   <trkpt lat="40.94015" lon="21.9887">
    <ele>188.53</ele>
   </trkpt>
   <trkpt lat="40.93994251469842" lon="21.98976501003566">
    <ele>187.31</ele>
   </trkpt>
   <trkpt lat="40.93973501959796" lon="21.99083001338017">
    <ele>185.95</ele>
   </trkpt>
   <trkpt lat="40.93952751469878" lon="21.991895010033303">
    <ele>184.7</ele>
   </trkpt>
   <trkpt lat="40.93932" lon="21.99296">
    <ele>183.65</ele>
   </trkpt>
   <trkpt lat="40.93912" lon="21.993640000000003">
    <ele>183.04</ele>
   </trkpt>
   <trkpt lat="40.93889" lon="21.994200000000003">
    <ele>182.26</ele>
   </trkpt>
   <trkpt lat="40.938770000000005" lon="21.99474">
    <ele>181.98</ele>
   </trkpt>
   <trkpt lat="40.938680000000005" lon="21.995240000000003">
    <ele>181.11</ele>
   </trkpt>
   <trkpt lat="40.938480000000006" lon="21.996100000000002">
    <ele>179.87</ele>
   </trkpt>
   <trkpt lat="40.9384" lon="21.996380000000002">
    <ele>179.47000000000003</ele>
   </trkpt>
   <trkpt lat="40.93800000191241" lon="21.99705000410181">
    <ele>178.45000000000002</ele>
   </trkpt>
   <trkpt lat="40.9376" lon="21.99772">
    <ele>177.53000000000003</ele>
   </trkpt>
   <trkpt lat="40.93714750949601" lon="21.998575017527035">
    <ele>176.41</ele>
   </trkpt>
   <trkpt lat="40.93669501267648" lon="21.999430023340413">
    <ele>175.20000000000002</ele>
   </trkpt>
   <trkpt lat="40.93624250954163" lon="22.000285017440312">
    <ele>174.21</ele>
   </trkpt>
   <trkpt lat="40.935790000000004" lon="22.001140000000003">
    <ele>173.37000000000003</ele>
   </trkpt>
   <trkpt lat="40.93560500155863" lon="22.00173000147683">
    <ele>172.25</ele>
   </trkpt>
   <trkpt lat="40.93542" lon="22.00232">
    <ele>171.75</ele>
   </trkpt>
   <trkpt lat="40.93519000258986" lon="22.003085002457187">
    <ele>170.67000000000002</ele>
   </trkpt>
   <trkpt lat="40.934960000000004" lon="22.003850000000003">
    <ele>169.95000000000002</ele>
   </trkpt>
   <trkpt lat="40.93464500377578" lon="22.004785004459425">
    <ele>169.12</ele>
   </trkpt>
   <trkpt lat="40.93433" lon="22.00572">
    <ele>168.22</ele>
   </trkpt>
   <trkpt lat="40.93405500192562" lon="22.00639000282151">
    <ele>167.5</ele>
   </trkpt>
   <trkpt lat="40.933780000000006" lon="22.007060000000003">
    <ele>166.48000000000002</ele>
   </trkpt>
   <trkpt lat="40.933390003163794" lon="22.00792000514477">
    <ele>165.52</ele>
   </trkpt>
   <trkpt lat="40.933" lon="22.00878">
    <ele>164.25</ele>
   </trkpt>
   <trkpt lat="40.932840000000006" lon="22.009240000000002">
    <ele>163.95000000000002</ele>
   </trkpt>
   <trkpt lat="40.9326950014401" lon="22.00982500143768">
    <ele>163.69</ele>
   </trkpt>
   <trkpt lat="40.932550000000006" lon="22.01041">
    <ele>163.19</ele>
   </trkpt>
   <trkpt lat="40.93242" lon="22.01066">
    <ele>162.91000000000003</ele>
   </trkpt>
   <trkpt lat="40.93229" lon="22.01078">
    <ele>162.91000000000003</ele>
   </trkpt>
   <trkpt lat="40.932100000000005" lon="22.01085">
    <ele>162.38000000000002</ele>
   </trkpt>
   <trkpt lat="40.93122" lon="22.01096">
    <ele>161.42000000000002</ele>
   </trkpt>
   <trkpt lat="40.931110000000004" lon="22.011010000000002">
    <ele>161.42000000000002</ele>
   </trkpt>
   <trkpt lat="40.930960000000006" lon="22.011200000000002">
    <ele>161.17000000000002</ele>
   </trkpt>
   <trkpt lat="40.930890000000005" lon="22.01133">
    <ele>161.17000000000002</ele>
   </trkpt>
   <trkpt lat="40.93070500303053" lon="22.0121600020776">
    <ele>160.39000000000001</ele>
   </trkpt>
   <trkpt lat="40.93052" lon="22.012990000000002">
    <ele>159.51000000000002</ele>
   </trkpt>
   <trkpt lat="40.93040000256509" lon="22.0137550011517">
    <ele>158.02</ele>
   </trkpt>
   <trkpt lat="40.93028" lon="22.01452">
    <ele>157.41000000000003</ele>
   </trkpt>
   <trkpt lat="40.93016" lon="22.015510000000003">
    <ele>156.71</ele>
   </trkpt>
   <trkpt lat="40.93009" lon="22.015690000000003">
    <ele>156.79000000000002</ele>
   </trkpt>
   <trkpt lat="40.930040000000005" lon="22.015700000000002">
    <ele>156.79000000000002</ele>
   </trkpt>
   <trkpt lat="40.929770000000005" lon="22.01565">
    <ele>156.78</ele>
   </trkpt>
   <trkpt lat="40.92954" lon="22.01564">
    <ele>156.85000000000002</ele>
   </trkpt>
   <trkpt lat="40.929410000000004" lon="22.015690000000003">
    <ele>156.76000000000002</ele>
   </trkpt>
   <trkpt lat="40.92911000105291" lon="22.01614500182511">
    <ele>156.37</ele>
   </trkpt>
   <trkpt lat="40.928810000000006" lon="22.0166">
    <ele>155.8</ele>
   </trkpt>
   <trkpt lat="40.92837" lon="22.017190000000003">
    <ele>155.41000000000003</ele>
   </trkpt>
   <trkpt lat="40.92817" lon="22.01754">
    <ele>155.10000000000002</ele>
   </trkpt>
   <trkpt lat="40.92784" lon="22.018040000000003">
    <ele>154.59</ele>
   </trkpt>
   <trkpt lat="40.927780000000006" lon="22.01808">
    <ele>154.56</ele>
   </trkpt>
   <trkpt lat="40.927730000000004" lon="22.01809">
    <ele>154.56</ele>
   </trkpt>
   <trkpt lat="40.92698" lon="22.01779">
    <ele>154.54000000000002</ele>
   </trkpt>
   <trkpt lat="40.92669" lon="22.0177">
    <ele>154.60000000000002</ele>
   </trkpt>
   <trkpt lat="40.92618" lon="22.017680000000002">
    <ele>154.42</ele>
   </trkpt>
   <trkpt lat="40.926100000000005" lon="22.01769">
    <ele>154.42</ele>
   </trkpt>
   <trkpt lat="40.925670000000004" lon="22.018">
    <ele>153.94000000000003</ele>
   </trkpt>
   <trkpt lat="40.92557" lon="22.018050000000002">
    <ele>153.55</ele>
   </trkpt>
   <trkpt lat="40.925270000000005" lon="22.018140000000002">
    <ele>152.84</ele>
   </trkpt>
   <trkpt lat="40.925270000000005" lon="22.01845">
    <ele>152.46</ele>
   </trkpt>
   <trkpt lat="40.925230000000006" lon="22.018520000000002">
    <ele>152.46</ele>
   </trkpt>
   <trkpt lat="40.925070000000005" lon="22.01867">
    <ele>152.34</ele>
   </trkpt>
   <trkpt lat="40.92501" lon="22.018780000000003">
    <ele>152.24</ele>
   </trkpt>
   <trkpt lat="40.92494000000001" lon="22.0191">
    <ele>152.23</ele>
   </trkpt>
   <trkpt lat="40.924910000000004" lon="22.019160000000003">
    <ele>152.23</ele>
   </trkpt>
   <trkpt lat="40.924850000000006" lon="22.01923">
    <ele>152.3</ele>
   </trkpt>
   <trkpt lat="40.92477" lon="22.019250000000003">
    <ele>152.34</ele>
   </trkpt>
   <trkpt lat="40.92463" lon="22.01922">
    <ele>152.44000000000003</ele>
   </trkpt>
   <trkpt lat="40.92437" lon="22.01902">
    <ele>152.83</ele>
   </trkpt>
   <trkpt lat="40.924130000000005" lon="22.01874">
    <ele>153.16000000000003</ele>
   </trkpt>
   <trkpt lat="40.924040000000005" lon="22.018680000000003">
    <ele>153.29000000000002</ele>
   </trkpt>
   <trkpt lat="40.92394" lon="22.01866">
    <ele>153.29000000000002</ele>
   </trkpt>
   <trkpt lat="40.923860000000005" lon="22.018700000000003">
    <ele>153.29000000000002</ele>
   </trkpt>
   <trkpt lat="40.923820000000006" lon="22.01874">
    <ele>153.35000000000002</ele>
   </trkpt>
   <trkpt lat="40.92351" lon="22.019370000000002">
    <ele>153.51</ele>
   </trkpt>
   <trkpt lat="40.92309" lon="22.020370000000003">
    <ele>152.95</ele>
   </trkpt>
   <trkpt lat="40.922830000000005" lon="22.02109">
    <ele>152.71</ele>
   </trkpt>
   <trkpt lat="40.922540000000005" lon="22.021810000000002">
    <ele>152.44000000000003</ele>
   </trkpt>
   <trkpt lat="40.92235" lon="22.02251">
    <ele>152.23</ele>
   </trkpt>
   <trkpt lat="40.92206" lon="22.023580000000003">
    <ele>152.12</ele>
   </trkpt>
   <trkpt lat="40.921960000000006" lon="22.02381">
    <ele>152.12</ele>
   </trkpt>
   <trkpt lat="40.92143500289167" lon="22.024630006533048">
    <ele>152.17</ele>
   </trkpt>
   <trkpt lat="40.920910000000006" lon="22.025450000000003">
    <ele>152.21</ele>
   </trkpt>
   <trkpt lat="40.92062000000001" lon="22.025750000000002">
    <ele>152.08</ele>
   </trkpt>
   <trkpt lat="40.919960002364704" lon="22.026276677209452">
    <ele>152.07000000000002</ele>
   </trkpt>
   <trkpt lat="40.91930000233328" lon="22.02680334390102">
    <ele>152.8</ele>
   </trkpt>
   <trkpt lat="40.91864" lon="22.027330000000003">
    <ele>154.82000000000002</ele>
   </trkpt>
   <trkpt lat="40.918420000000005" lon="22.027590000000004">
    <ele>155.74</ele>
   </trkpt>
   <trkpt lat="40.918065001291346" lon="22.028125002790166">
    <ele>157.38000000000002</ele>
   </trkpt>
   <trkpt lat="40.91771000000001" lon="22.028660000000002">
    <ele>158.01000000000002</ele>
   </trkpt>
   <trkpt lat="40.91734" lon="22.02905">
    <ele>156.60999999999999</ele>
   </trkpt>
   <trkpt lat="40.91692500036436" lon="22.02942000252516">
    <ele>154.03</ele>
   </trkpt>
   <trkpt lat="40.91651" lon="22.029790000000002">
    <ele>151.62</ele>
   </trkpt>
   <trkpt lat="40.91633" lon="22.029970000000002">
    <ele>150.47000000000003</ele>
   </trkpt>
   <trkpt lat="40.91624" lon="22.03009">
    <ele>148.74</ele>
   </trkpt>
   <trkpt lat="40.916050000000006" lon="22.030450000000002">
    <ele>147.47000000000003</ele>
   </trkpt>
   <trkpt lat="40.915663339518474" lon="22.03129667658648">
    <ele>144.83</ele>
   </trkpt>
   <trkpt lat="40.9152766728447" lon="22.03214334326858">
    <ele>142.36</ele>
   </trkpt>
   <trkpt lat="40.91489000000001" lon="22.03299">
    <ele>140.45000000000002</ele>
   </trkpt>
   <trkpt lat="40.9146" lon="22.03337">
    <ele>139.66</ele>
   </trkpt>
   <trkpt lat="40.914120000000004" lon="22.03386">
    <ele>138.66</ele>
   </trkpt>
   <trkpt lat="40.91359333579063" lon="22.03439334183037">
    <ele>138.0</ele>
   </trkpt>
   <trkpt lat="40.913066669124184" lon="22.034926675163366">
    <ele>137.66</ele>
   </trkpt>
   <trkpt lat="40.91254" lon="22.03546">
    <ele>137.41</ele>
   </trkpt>
   <trkpt lat="40.91236000000001" lon="22.035680000000003">
    <ele>137.14000000000001</ele>
   </trkpt>
   <trkpt lat="40.912180000000006" lon="22.035980000000002">
    <ele>137.14000000000001</ele>
   </trkpt>
   <trkpt lat="40.91208" lon="22.0363">
    <ele>136.54000000000002</ele>
   </trkpt>
   <trkpt lat="40.911896672404744" lon="22.037113337737516">
    <ele>135.58</ele>
   </trkpt>
   <trkpt lat="40.911713339095364" lon="22.03792667096452">
    <ele>134.93</ele>
   </trkpt>
   <trkpt lat="40.911530000000006" lon="22.03874">
    <ele>134.27</ele>
   </trkpt>
   <trkpt lat="40.911280000000005" lon="22.039710000000003">
    <ele>133.38</ele>
   </trkpt>
   <trkpt lat="40.91098" lon="22.0406">
    <ele>133.11</ele>
   </trkpt>
   <trkpt lat="40.91098" lon="22.04059">
    <ele>133.11</ele>
   </trkpt>
   <trkpt lat="40.91091" lon="22.04082">
    <ele>133.12</ele>
   </trkpt>
   <trkpt lat="40.910630000000005" lon="22.041390000000003">
    <ele>133.33</ele>
   </trkpt>
   <trkpt lat="40.910470000000004" lon="22.041680000000003">
    <ele>133.32000000000002</ele>
   </trkpt>
   <trkpt lat="40.910250000000005" lon="22.041950000000003">
    <ele>133.21</ele>
   </trkpt>
   <trkpt lat="40.90982" lon="22.04239">
    <ele>133.31</ele>
   </trkpt>
   <trkpt lat="40.90944000061607" lon="22.042750002015524">
    <ele>133.54000000000002</ele>
   </trkpt>
   <trkpt lat="40.909060000000004" lon="22.043110000000002">
    <ele>134.08</ele>
   </trkpt>
   <trkpt lat="40.90880000000001" lon="22.043380000000003">
    <ele>134.63</ele>
   </trkpt>
   <trkpt lat="40.90836" lon="22.044020000000003">
    <ele>134.73000000000002</ele>
   </trkpt>
   <trkpt lat="40.908210000000004" lon="22.044320000000003">
    <ele>134.73000000000002</ele>
   </trkpt>
   <trkpt lat="40.90787" lon="22.0452">
    <ele>134.67000000000002</ele>
   </trkpt>
   <trkpt lat="40.90755001449135" lon="22.046116017741717">
    <ele>134.63</ele>
   </trkpt>
   <trkpt lat="40.90723002173491" lon="22.04703202661817">
    <ele>134.39000000000001</ele>
   </trkpt>
   <trkpt lat="40.90691002173086" lon="22.047948026629335">
    <ele>133.93</ele>
   </trkpt>
   <trkpt lat="40.906590014479356" lon="22.048864017775205">
    <ele>133.89000000000001</ele>
   </trkpt>
   <trkpt lat="40.906270000000006" lon="22.049780000000002">
    <ele>134.86</ele>
   </trkpt>
   <trkpt lat="40.906130000000005" lon="22.05007">
    <ele>135.21</ele>
   </trkpt>
   <trkpt lat="40.906040000000004" lon="22.0502">
    <ele>135.51000000000002</ele>
   </trkpt>
   <trkpt lat="40.905800000000006" lon="22.050430000000002">
    <ele>135.78</ele>
   </trkpt>
   <trkpt lat="40.90556" lon="22.050600000000003">
    <ele>137.51000000000002</ele>
   </trkpt>
   <trkpt lat="40.90487" lon="22.05103">
    <ele>137.99</ele>
   </trkpt>
   <trkpt lat="40.904300000000006" lon="22.051560000000002">
    <ele>138.62</ele>
   </trkpt>
   <trkpt lat="40.90386500103806" lon="22.052065003395153">
    <ele>139.1</ele>
   </trkpt>
   <trkpt lat="40.90343" lon="22.052570000000003">
    <ele>139.73000000000002</ele>
   </trkpt>
   <trkpt lat="40.903240000000004" lon="22.052760000000003">
    <ele>139.87000000000003</ele>
   </trkpt>
   <trkpt lat="40.90301" lon="22.05292">
    <ele>140.01000000000002</ele>
   </trkpt>
   <trkpt lat="40.902460000000005" lon="22.053230000000003">
    <ele>139.90000000000003</ele>
   </trkpt>
   <trkpt lat="40.90211" lon="22.05337">
    <ele>139.72</ele>
   </trkpt>
   <trkpt lat="40.901680000000006" lon="22.05348">
    <ele>138.93</ele>
   </trkpt>
   <trkpt lat="40.901119999895435" lon="22.053585000917543">
    <ele>138.79000000000002</ele>
   </trkpt>
   <trkpt lat="40.900560000000006" lon="22.053690000000003">
    <ele>139.57</ele>
   </trkpt>
   <trkpt lat="40.9003" lon="22.053810000000002">
    <ele>140.13</ele>
   </trkpt>
   <trkpt lat="40.89992" lon="22.05404">
    <ele>141.18</ele>
   </trkpt>
   <trkpt lat="40.89974" lon="22.054160000000003">
    <ele>141.45000000000002</ele>
   </trkpt>
   <trkpt lat="40.899460000000005" lon="22.054280000000002">
    <ele>141.61</ele>
   </trkpt>
   <trkpt lat="40.898990000071045" lon="22.054455001266252">
    <ele>142.11</ele>
   </trkpt>
   <trkpt lat="40.898520000000005" lon="22.054630000000003">
    <ele>143.05</ele>
   </trkpt>
   <trkpt lat="40.89833" lon="22.05467">
    <ele>143.35</ele>
   </trkpt>
   <trkpt lat="40.89802" lon="22.05467">
    <ele>144.02</ele>
   </trkpt>
   <trkpt lat="40.89763000000001" lon="22.054720000000003">
    <ele>145.42000000000002</ele>
   </trkpt>
   <trkpt lat="40.89746" lon="22.054830000000003">
    <ele>145.63</ele>
   </trkpt>
   <trkpt lat="40.89719" lon="22.05505">
    <ele>145.88</ele>
   </trkpt>
   <trkpt lat="40.8971" lon="22.055110000000003">
    <ele>145.92000000000002</ele>
   </trkpt>
   <trkpt lat="40.897000000000006" lon="22.05515">
    <ele>146.00000000000003</ele>
   </trkpt>
   <trkpt lat="40.89678000000001" lon="22.055190000000003">
    <ele>146.17000000000002</ele>
   </trkpt>
   <trkpt lat="40.89613000000001" lon="22.05525">
    <ele>146.43</ele>
   </trkpt>
   <trkpt lat="40.895950000000006" lon="22.05533">
    <ele>146.67000000000002</ele>
   </trkpt>
   <trkpt lat="40.895770000000006" lon="22.055480000000003">
    <ele>146.88</ele>
   </trkpt>
   <trkpt lat="40.895680000000006" lon="22.055580000000003">
    <ele>146.88</ele>
   </trkpt>
   <trkpt lat="40.89551" lon="22.0559">
    <ele>146.89000000000001</ele>
   </trkpt>
   <trkpt lat="40.895360000000004" lon="22.056160000000002">
    <ele>146.89000000000001</ele>
   </trkpt>
   <trkpt lat="40.895210000000006" lon="22.05637">
    <ele>146.93</ele>
   </trkpt>
   <trkpt lat="40.895070000000004" lon="22.056530000000002">
    <ele>147.1</ele>
   </trkpt>
   <trkpt lat="40.89468" lon="22.05693">
    <ele>147.48</ele>
   </trkpt>
   <trkpt lat="40.89424" lon="22.057260000000003">
    <ele>148.01</ele>
   </trkpt>
   <trkpt lat="40.89368500071402" lon="22.05766500339337">
    <ele>148.63</ele>
   </trkpt>
   <trkpt lat="40.893130000000006" lon="22.05807">
    <ele>148.98</ele>
   </trkpt>
   <trkpt lat="40.89249" lon="22.058560000000003">
    <ele>148.68</ele>
   </trkpt>
   <trkpt lat="40.89198500067065" lon="22.058970003174306">
    <ele>148.06000000000003</ele>
   </trkpt>
   <trkpt lat="40.89148" lon="22.05938">
    <ele>147.79</ele>
   </trkpt>
   <trkpt lat="40.891070000000006" lon="22.05967">
    <ele>148.01</ele>
   </trkpt>
   <trkpt lat="40.890550000000005" lon="22.06061">
    <ele>147.31000000000003</ele>
   </trkpt>
   <trkpt lat="40.890510000000006" lon="22.06077">
    <ele>147.31000000000003</ele>
   </trkpt>
   <trkpt lat="40.8905" lon="22.060760000000002">
    <ele>147.32</ele>
   </trkpt>
   <trkpt lat="40.89041" lon="22.060720000000003">
    <ele>147.32</ele>
   </trkpt>
   <trkpt lat="40.89034" lon="22.06059">
    <ele>148.76</ele>
   </trkpt>
   <trkpt lat="40.89027" lon="22.06022">
    <ele>149.46</ele>
   </trkpt>
   <trkpt lat="40.89027" lon="22.060190000000002">
    <ele>149.51</ele>
   </trkpt>
   <trkpt lat="40.890240000000006" lon="22.060010000000002">
    <ele>149.92000000000002</ele>
   </trkpt>
   <trkpt lat="40.8902" lon="22.059900000000003">
    <ele>150.27</ele>
   </trkpt>
   <trkpt lat="40.89007" lon="22.059690000000003">
    <ele>151.51</ele>
   </trkpt>
   <trkpt lat="40.88996" lon="22.05957">
    <ele>152.23</ele>
   </trkpt>
   <trkpt lat="40.889880000000005" lon="22.05958">
    <ele>152.57000000000002</ele>
   </trkpt>
   <trkpt lat="40.8898" lon="22.059620000000002">
    <ele>153.02</ele>
   </trkpt>
   <trkpt lat="40.88975000000001" lon="22.059700000000003">
    <ele>153.47000000000003</ele>
   </trkpt>
   <trkpt lat="40.889540000000004" lon="22.06012">
    <ele>155.33</ele>
   </trkpt>
   <trkpt lat="40.88938" lon="22.060380000000002">
    <ele>156.67</ele>
   </trkpt>
   <trkpt lat="40.889300000000006" lon="22.060440000000003">
    <ele>157.15</ele>
   </trkpt>
   <trkpt lat="40.889" lon="22.060840000000002">
    <ele>160.23000000000002</ele>
   </trkpt>
   <trkpt lat="40.888760000000005" lon="22.06109">
    <ele>162.67000000000002</ele>
   </trkpt>
   <trkpt lat="40.88871" lon="22.061110000000003">
    <ele>163.11</ele>
   </trkpt>
   <trkpt lat="40.888650000000005" lon="22.06116">
    <ele>163.53</ele>
   </trkpt>
   <trkpt lat="40.888600000000004" lon="22.06117">
    <ele>164.19</ele>
   </trkpt>
   <trkpt lat="40.888490000000004" lon="22.06115">
    <ele>164.19</ele>
   </trkpt>
   <trkpt lat="40.8881" lon="22.060930000000003">
    <ele>169.34</ele>
   </trkpt>
   <trkpt lat="40.88792" lon="22.060850000000002">
    <ele>170.95000000000002</ele>
   </trkpt>
   <trkpt lat="40.887820000000005" lon="22.06087">
    <ele>170.95000000000002</ele>
   </trkpt>
   <trkpt lat="40.88758" lon="22.06116">
    <ele>173.38</ele>
   </trkpt>
   <trkpt lat="40.88731000000001" lon="22.061580000000003">
    <ele>176.34000000000003</ele>
   </trkpt>
   <trkpt lat="40.88723" lon="22.06164">
    <ele>176.34000000000003</ele>
   </trkpt>
   <trkpt lat="40.887170000000005" lon="22.061660000000003">
    <ele>177.1</ele>
   </trkpt>
   <trkpt lat="40.88712" lon="22.06163">
    <ele>177.1</ele>
   </trkpt>
   <trkpt lat="40.887100000000004" lon="22.061590000000002">
    <ele>177.1</ele>
   </trkpt>
   <trkpt lat="40.88711" lon="22.061480000000003">
    <ele>177.89000000000001</ele>
   </trkpt>
   <trkpt lat="40.88716" lon="22.061410000000002">
    <ele>177.89000000000001</ele>
   </trkpt>
   <trkpt lat="40.88739" lon="22.061210000000003">
    <ele>179.20000000000002</ele>
   </trkpt>
   <trkpt lat="40.887460000000004" lon="22.06109">
    <ele>181.18</ele>
   </trkpt>
   <trkpt lat="40.88752" lon="22.060850000000002">
    <ele>181.93</ele>
   </trkpt>
   <trkpt lat="40.88763" lon="22.06049">
    <ele>184.8</ele>
   </trkpt>
   <trkpt lat="40.887750000000004" lon="22.06031">
    <ele>186.18</ele>
   </trkpt>
   <trkpt lat="40.88783" lon="22.060260000000003">
    <ele>187.10000000000002</ele>
   </trkpt>
   <trkpt lat="40.88792" lon="22.06023">
    <ele>187.39000000000001</ele>
   </trkpt>
   <trkpt lat="40.88819" lon="22.06023">
    <ele>188.82000000000002</ele>
   </trkpt>
   <trkpt lat="40.88832" lon="22.060180000000003">
    <ele>190.37</ele>
   </trkpt>
   <trkpt lat="40.88844" lon="22.06011">
    <ele>191.31</ele>
   </trkpt>
   <trkpt lat="40.88859" lon="22.059980000000003">
    <ele>192.85000000000002</ele>
   </trkpt>
   <trkpt lat="40.88866" lon="22.059880000000003">
    <ele>194.82000000000002</ele>
   </trkpt>
   <trkpt lat="40.8887" lon="22.059700000000003">
    <ele>196.49</ele>
   </trkpt>
   <trkpt lat="40.88881000000001" lon="22.059350000000002">
    <ele>199.56</ele>
   </trkpt>
   <trkpt lat="40.888870000000004" lon="22.05899">
    <ele>201.85000000000002</ele>
   </trkpt>
   <trkpt lat="40.88886" lon="22.0588">
    <ele>202.53</ele>
   </trkpt>
   <trkpt lat="40.888830000000006" lon="22.058690000000002">
    <ele>203.1</ele>
   </trkpt>
   <trkpt lat="40.88877" lon="22.05863">
    <ele>203.92000000000002</ele>
   </trkpt>
   <trkpt lat="40.888600000000004" lon="22.058600000000002">
    <ele>205.14000000000001</ele>
   </trkpt>
   <trkpt lat="40.888310000000004" lon="22.058670000000003">
    <ele>206.82</ele>
   </trkpt>
   <trkpt lat="40.888110000000005" lon="22.058680000000003">
    <ele>207.33</ele>
   </trkpt>
   <trkpt lat="40.88739" lon="22.058560000000003">
    <ele>212.73000000000002</ele>
   </trkpt>
   <trkpt lat="40.88727" lon="22.05852">
    <ele>215.16000000000003</ele>
   </trkpt>
   <trkpt lat="40.88709" lon="22.05837">
    <ele>216.49</ele>
   </trkpt>
   <trkpt lat="40.88707" lon="22.05836">
    <ele>216.59</ele>
   </trkpt>
   <trkpt lat="40.88649" lon="22.058020000000003">
    <ele>221.93</ele>
   </trkpt>
   <trkpt lat="40.88636" lon="22.0579">
    <ele>223.17000000000002</ele>
   </trkpt>
   <trkpt lat="40.886280000000006" lon="22.0578">
    <ele>223.17000000000002</ele>
   </trkpt>
   <trkpt lat="40.886210000000005" lon="22.057540000000003">
    <ele>224.56</ele>
   </trkpt>
   <trkpt lat="40.886210000000005" lon="22.057450000000003">
    <ele>225.01000000000002</ele>
   </trkpt>
   <trkpt lat="40.88629" lon="22.0573">
    <ele>225.15</ele>
   </trkpt>
   <trkpt lat="40.886520000000004" lon="22.057070000000003">
    <ele>226.35000000000002</ele>
   </trkpt>
   <trkpt lat="40.886750000000006" lon="22.05677">
    <ele>226.96</ele>
   </trkpt>
   <trkpt lat="40.8868" lon="22.05668">
    <ele>227.23000000000002</ele>
   </trkpt>
   <trkpt lat="40.88683" lon="22.05657">
    <ele>227.23000000000002</ele>
   </trkpt>
   <trkpt lat="40.88684000000001" lon="22.05648">
    <ele>228.30000000000004</ele>
   </trkpt>
   <trkpt lat="40.8868" lon="22.056320000000003">
    <ele>228.30000000000004</ele>
   </trkpt>
   <trkpt lat="40.886540000000004" lon="22.05601">
    <ele>229.08</ele>
   </trkpt>
   <trkpt lat="40.886410000000005" lon="22.055960000000002">
    <ele>229.67000000000002</ele>
   </trkpt>
   <trkpt lat="40.886280000000006" lon="22.055940000000003">
    <ele>230.18</ele>
   </trkpt>
   <trkpt lat="40.886100000000006" lon="22.055970000000002">
    <ele>231.12</ele>
   </trkpt>
   <trkpt lat="40.88588" lon="22.056060000000002">
    <ele>232.78</ele>
   </trkpt>
   <trkpt lat="40.885560000000005" lon="22.0563">
    <ele>234.37</ele>
   </trkpt>
   <trkpt lat="40.88543000000001" lon="22.05637">
    <ele>237.25</ele>
   </trkpt>
   <trkpt lat="40.884710000000005" lon="22.05655">
    <ele>241.15000000000003</ele>
   </trkpt>
   <trkpt lat="40.884530000000005" lon="22.05655">
    <ele>241.79000000000002</ele>
   </trkpt>
   <trkpt lat="40.88443" lon="22.056530000000002">
    <ele>242.38</ele>
   </trkpt>
   <trkpt lat="40.884370000000004" lon="22.05649">
    <ele>242.82</ele>
   </trkpt>
   <trkpt lat="40.884310000000006" lon="22.056400000000004">
    <ele>242.82</ele>
   </trkpt>
   <trkpt lat="40.88403" lon="22.055580000000003">
    <ele>246.67000000000002</ele>
   </trkpt>
   <trkpt lat="40.884040000000006" lon="22.05533">
    <ele>247.89000000000001</ele>
   </trkpt>
   <trkpt lat="40.884150000000005" lon="22.05476">
    <ele>251.4</ele>
   </trkpt>
   <trkpt lat="40.88412" lon="22.05458">
    <ele>251.71000000000004</ele>
   </trkpt>
   <trkpt lat="40.884080000000004" lon="22.0545">
    <ele>252.54999999999998</ele>
   </trkpt>
   <trkpt lat="40.883970000000005" lon="22.0544">
    <ele>253.18</ele>
   </trkpt>
   <trkpt lat="40.88355000000001" lon="22.05423">
    <ele>257.15000000000003</ele>
   </trkpt>
   <trkpt lat="40.883390000000006" lon="22.05421">
    <ele>257.15000000000003</ele>
   </trkpt>
   <trkpt lat="40.88324" lon="22.05422">
    <ele>257.95</ele>
   </trkpt>
   <trkpt lat="40.88271" lon="22.05431">
    <ele>259.98</ele>
   </trkpt>
   <trkpt lat="40.88255" lon="22.054280000000002">
    <ele>260.8</ele>
   </trkpt>
   <trkpt lat="40.88233" lon="22.05411">
    <ele>262.55</ele>
   </trkpt>
   <trkpt lat="40.882270000000005" lon="22.053960000000004">
    <ele>263.28000000000003</ele>
   </trkpt>
   <trkpt lat="40.88226" lon="22.053800000000003">
    <ele>264.51</ele>
   </trkpt>
   <trkpt lat="40.882310000000004" lon="22.053120000000003">
    <ele>268.54</ele>
   </trkpt>
   <trkpt lat="40.8823" lon="22.053030000000003">
    <ele>269.11</ele>
   </trkpt>
   <trkpt lat="40.882220000000004" lon="22.052840000000003">
    <ele>269.92</ele>
   </trkpt>
   <trkpt lat="40.88215" lon="22.052740000000004">
    <ele>270.41</ele>
   </trkpt>
   <trkpt lat="40.88205000000001" lon="22.052670000000003">
    <ele>271.0</ele>
   </trkpt>
   <trkpt lat="40.8815" lon="22.05252">
    <ele>270.34000000000003</ele>
   </trkpt>
   <trkpt lat="40.88129" lon="22.05245">
    <ele>270.34000000000003</ele>
   </trkpt>
   <trkpt lat="40.881150000000005" lon="22.05236">
    <ele>270.34000000000003</ele>
   </trkpt>
   <trkpt lat="40.88058" lon="22.05189">
    <ele>278.65</ele>
   </trkpt>
   <trkpt lat="40.88009" lon="22.05151">
    <ele>278.65</ele>
   </trkpt>
   <trkpt lat="40.87988" lon="22.05151">
    <ele>278.65</ele>
   </trkpt>
   <trkpt lat="40.879690000000004" lon="22.051540000000003">
    <ele>278.65</ele>
   </trkpt>
   <trkpt lat="40.879670000000004" lon="22.051540000000003">
    <ele>278.69000000000005</ele>
   </trkpt>
   <trkpt lat="40.878820000000005" lon="22.0517">
    <ele>278.69000000000005</ele>
   </trkpt>
   <trkpt lat="40.87868" lon="22.05176">
    <ele>278.69000000000005</ele>
   </trkpt>
   <trkpt lat="40.87856" lon="22.05187">
    <ele>278.69000000000005</ele>
   </trkpt>
   <trkpt lat="40.8782050018474" lon="22.052515003366643">
    <ele>278.69000000000005</ele>
   </trkpt>
   <trkpt lat="40.87785" lon="22.053160000000002">
    <ele>297.51</ele>
   </trkpt>
   <trkpt lat="40.87773000000001" lon="22.05329">
    <ele>297.51</ele>
   </trkpt>
   <trkpt lat="40.877590000000005" lon="22.053340000000002">
    <ele>297.51</ele>
   </trkpt>
   <trkpt lat="40.877050000000004" lon="22.053430000000002">
    <ele>297.51</ele>
   </trkpt>
   <trkpt lat="40.876900000000006" lon="22.05349">
    <ele>297.51</ele>
   </trkpt>
   <trkpt lat="40.876520000000006" lon="22.05373">
    <ele>297.51</ele>
   </trkpt>
   <trkpt lat="40.876430000000006" lon="22.053810000000002">
    <ele>297.51</ele>
   </trkpt>
   <trkpt lat="40.87622" lon="22.054080000000003">
    <ele>297.51</ele>
   </trkpt>
   <trkpt lat="40.87606" lon="22.05421">
    <ele>297.51</ele>
   </trkpt>
   <trkpt lat="40.875960000000006" lon="22.054260000000003">
    <ele>297.51</ele>
   </trkpt>
   <trkpt lat="40.875870000000006" lon="22.054260000000003">
    <ele>297.51</ele>
   </trkpt>
   <trkpt lat="40.87585" lon="22.054260000000003">
    <ele>297.55</ele>
   </trkpt>
   <trkpt lat="40.87572" lon="22.054260000000003">
    <ele>297.55</ele>
   </trkpt>
   <trkpt lat="40.87566" lon="22.05422">
    <ele>297.55</ele>
   </trkpt>
   <trkpt lat="40.87548" lon="22.053980000000003">
    <ele>297.55</ele>
   </trkpt>
   <trkpt lat="40.875023337123025" lon="22.053316657500183">
    <ele>305.01</ele>
   </trkpt>
   <trkpt lat="40.87456667044591" lon="22.052653324151798">
    <ele>305.01</ele>
   </trkpt>
   <trkpt lat="40.87411" lon="22.051990000000004">
    <ele>311.51</ele>
   </trkpt>
   <trkpt lat="40.87371000128587" lon="22.05144999677347">
    <ele>316.66</ele>
   </trkpt>
   <trkpt lat="40.873310000000004" lon="22.050910000000002">
    <ele>320.13</ele>
   </trkpt>
   <trkpt lat="40.872980000000005" lon="22.05054">
    <ele>324.04</ele>
   </trkpt>
   <trkpt lat="40.87276000000001" lon="22.050320000000003">
    <ele>325.49</ele>
   </trkpt>
   <trkpt lat="40.872640000000004" lon="22.05016">
    <ele>326.3</ele>
   </trkpt>
   <trkpt lat="40.87261" lon="22.05009">
    <ele>326.3</ele>
   </trkpt>
   <trkpt lat="40.872600000000006" lon="22.05008">
    <ele>326.23</ele>
   </trkpt>
   <trkpt lat="40.872440000000005" lon="22.050050000000002">
    <ele>324.66</ele>
   </trkpt>
   <trkpt lat="40.87234" lon="22.050220000000003">
    <ele>324.46000000000004</ele>
   </trkpt>
   <trkpt lat="40.87248" lon="22.050340000000002">
    <ele>323.27</ele>
   </trkpt>
   <trkpt lat="40.872490000000006" lon="22.050340000000002">
    <ele>323.27</ele>
   </trkpt>
   <trkpt lat="40.87285000000001" lon="22.050710000000002">
    <ele>321.75000000000006</ele>
   </trkpt>
   <trkpt lat="40.873160000000006" lon="22.051070000000003">
    <ele>317.37000000000006</ele>
   </trkpt>
   <trkpt lat="40.87347500074413" lon="22.05151499772597">
    <ele>313.33000000000004</ele>
   </trkpt>
   <trkpt lat="40.87379000000001" lon="22.05196">
    <ele>310.21000000000004</ele>
   </trkpt>
   <trkpt lat="40.87379000000001" lon="22.05195">
    <ele>310.26000000000005</ele>
   </trkpt>
   <trkpt lat="40.874306670861884" lon="22.052649989024584">
    <ele>307.72</ele>
   </trkpt>
   <trkpt lat="40.87482333749202" lon="22.053349988974944">
    <ele>299.23</ele>
   </trkpt>
   <trkpt lat="40.87534" lon="22.05405">
    <ele>295.76</ele>
   </trkpt>
   <trkpt lat="40.875820000000004" lon="22.05477">
    <ele>288.24</ele>
   </trkpt>
   <trkpt lat="40.87626" lon="22.05551">
    <ele>281.40000000000003</ele>
   </trkpt>
   <trkpt lat="40.87654500164278" lon="22.056104997676467">
    <ele>281.40000000000003</ele>
   </trkpt>
   <trkpt lat="40.876830000000005" lon="22.056700000000003">
    <ele>277.83000000000004</ele>
   </trkpt>
   <trkpt lat="40.87723500408239" lon="22.05766499424178">
    <ele>268.98</ele>
   </trkpt>
   <trkpt lat="40.87764000000001" lon="22.05863">
    <ele>262.79</ele>
   </trkpt>
   <trkpt lat="40.87753" lon="22.05836">
    <ele>264.55</ele>
   </trkpt>
   <trkpt lat="40.87753" lon="22.05835">
    <ele>264.6</ele>
   </trkpt>
   <trkpt lat="40.877888012081186" lon="22.059185981936444">
    <ele>259.32</ele>
   </trkpt>
   <trkpt lat="40.878246018126596" lon="22.0600219729155">
    <ele>255.76999999999998</ele>
   </trkpt>
   <trkpt lat="40.878604018136066" lon="22.060857972937225">
    <ele>248.32000000000002</ele>
   </trkpt>
   <trkpt lat="40.87896201210945" lon="22.061693982001675">
    <ele>241.65000000000003</ele>
   </trkpt>
   <trkpt lat="40.87932" lon="22.062530000000002">
    <ele>235.31</ele>
   </trkpt>
   <trkpt lat="40.879760004234235" lon="22.06351999342335">
    <ele>228.16000000000003</ele>
   </trkpt>
   <trkpt lat="40.8802" lon="22.064510000000002">
    <ele>222.97000000000003</ele>
   </trkpt>
   <trkpt lat="40.88026" lon="22.064680000000003">
    <ele>219.95</ele>
   </trkpt>
   <trkpt lat="40.88035" lon="22.065050000000003">
    <ele>219.95</ele>
   </trkpt>
   <trkpt lat="40.88056" lon="22.06604">
    <ele>212.11</ele>
   </trkpt>
   <trkpt lat="40.880660000000006" lon="22.066350000000003">
    <ele>208.45000000000002</ele>
   </trkpt>
   <trkpt lat="40.88082" lon="22.066640000000003">
    <ele>207.23000000000002</ele>
   </trkpt>
   <trkpt lat="40.88082" lon="22.066630000000004">
    <ele>207.28000000000003</ele>
   </trkpt>
   <trkpt lat="40.88109" lon="22.066950000000002">
    <ele>204.13</ele>
   </trkpt>
   <trkpt lat="40.88134" lon="22.067320000000002">
    <ele>199.85000000000002</ele>
   </trkpt>
   <trkpt lat="40.881550000000004" lon="22.06773">
    <ele>199.85000000000002</ele>
   </trkpt>
   <trkpt lat="40.881660000000004" lon="22.068">
    <ele>196.48000000000002</ele>
   </trkpt>
   <trkpt lat="40.88199" lon="22.068710000000003">
    <ele>191.69000000000003</ele>
   </trkpt>
   <trkpt lat="40.88221500136646" lon="22.069239998559716">
    <ele>188.2</ele>
   </trkpt>
   <trkpt lat="40.88244" lon="22.069770000000002">
    <ele>184.51</ele>
   </trkpt>
   <trkpt lat="40.88279" lon="22.070680000000003">
    <ele>179.91</ele>
   </trkpt>
   <trkpt lat="40.882960000000004" lon="22.070970000000003">
    <ele>177.23000000000002</ele>
   </trkpt>
   <trkpt lat="40.88304" lon="22.071070000000002">
    <ele>177.23000000000002</ele>
   </trkpt>
   <trkpt lat="40.88326" lon="22.071250000000003">
    <ele>175.63</ele>
   </trkpt>
   <trkpt lat="40.883810000000004" lon="22.07157">
    <ele>171.71</ele>
   </trkpt>
   <trkpt lat="40.88411000000001" lon="22.07169">
    <ele>169.57000000000002</ele>
   </trkpt>
   <trkpt lat="40.88425" lon="22.071720000000003">
    <ele>168.94</ele>
   </trkpt>
   <trkpt lat="40.884440000000005" lon="22.071730000000002">
    <ele>166.51000000000002</ele>
   </trkpt>
   <trkpt lat="40.88463" lon="22.07169">
    <ele>164.23000000000002</ele>
   </trkpt>
   <trkpt lat="40.88476" lon="22.071640000000002">
    <ele>164.23000000000002</ele>
   </trkpt>
   <trkpt lat="40.885380000000005" lon="22.07131">
    <ele>158.66000000000003</ele>
   </trkpt>
   <trkpt lat="40.885490000000004" lon="22.07122">
    <ele>157.60999999999999</ele>
   </trkpt>
   <trkpt lat="40.885870000000004" lon="22.07094">
    <ele>155.27</ele>
   </trkpt>
   <trkpt lat="40.886100000000006" lon="22.07072">
    <ele>152.15</ele>
   </trkpt>
   <trkpt lat="40.88653500111807" lon="22.070190003599656">
    <ele>148.8</ele>
   </trkpt>
   <trkpt lat="40.886970000000005" lon="22.069660000000002">
    <ele>142.49</ele>
   </trkpt>
   <trkpt lat="40.88714" lon="22.069460000000003">
    <ele>141.74</ele>
   </trkpt>
   <trkpt lat="40.88758" lon="22.06943">
    <ele>138.20000000000002</ele>
   </trkpt>
   <trkpt lat="40.88776" lon="22.06888">
    <ele>138.51000000000002</ele>
   </trkpt>
   <trkpt lat="40.88774" lon="22.06895">
    <ele>138.47</ele>
   </trkpt>
   <trkpt lat="40.887980000000006" lon="22.06837">
    <ele>138.68</ele>
   </trkpt>
   <trkpt lat="40.888090000000005" lon="22.068170000000002">
    <ele>139.04000000000002</ele>
   </trkpt>
   <trkpt lat="40.888390000898504" lon="22.067690002330536">
    <ele>139.39000000000001</ele>
   </trkpt>
   <trkpt lat="40.888690000000004" lon="22.067210000000003">
    <ele>139.20000000000002</ele>
   </trkpt>
   <trkpt lat="40.88902" lon="22.066740000000003">
    <ele>139.28</ele>
   </trkpt>
   <trkpt lat="40.889425001363655" lon="22.066200003166003">
    <ele>139.51000000000002</ele>
   </trkpt>
   <trkpt lat="40.88983" lon="22.06566">
    <ele>139.78</ele>
   </trkpt>
   <trkpt lat="40.890420000000006" lon="22.065050000000003">
    <ele>140.02</ele>
   </trkpt>
   <trkpt lat="40.890480000000004" lon="22.06499">
    <ele>140.05</ele>
   </trkpt>
   <trkpt lat="40.890930000000004" lon="22.064570000000003">
    <ele>140.3</ele>
   </trkpt>
   <trkpt lat="40.89139" lon="22.064200000000003">
    <ele>140.45000000000002</ele>
   </trkpt>
   <trkpt lat="40.891870000000004" lon="22.063860000000002">
    <ele>140.53</ele>
   </trkpt>
   <trkpt lat="40.89237000000001" lon="22.063540000000003">
    <ele>140.89000000000001</ele>
   </trkpt>
   <trkpt lat="40.89289" lon="22.063260000000003">
    <ele>140.76000000000002</ele>
   </trkpt>
   <trkpt lat="40.89345" lon="22.063010000000002">
    <ele>140.62000000000003</ele>
   </trkpt>
   <trkpt lat="40.89406" lon="22.062790000000003">
    <ele>140.1</ele>
   </trkpt>
   <trkpt lat="40.894310000000004" lon="22.06275">
    <ele>140.04</ele>
   </trkpt>
   <trkpt lat="40.89488" lon="22.062620000000003">
    <ele>139.61</ele>
   </trkpt>
   <trkpt lat="40.895390000000006" lon="22.062540000000002">
    <ele>139.1</ele>
   </trkpt>
   <trkpt lat="40.89611" lon="22.06249">
    <ele>138.1</ele>
   </trkpt>
   <trkpt lat="40.896620000000006" lon="22.06249">
    <ele>137.3</ele>
   </trkpt>
   <trkpt lat="40.89659" lon="22.06249">
    <ele>137.33</ele>
   </trkpt>
   <trkpt lat="40.897020000000005" lon="22.06249">
    <ele>136.84</ele>
   </trkpt>
   <trkpt lat="40.89786" lon="22.06258">
    <ele>135.95000000000002</ele>
   </trkpt>
   <trkpt lat="40.89808" lon="22.06258">
    <ele>135.61</ele>
   </trkpt>
   <trkpt lat="40.898540000000004" lon="22.062690000000003">
    <ele>135.13</ele>
   </trkpt>
   <trkpt lat="40.899260000000005" lon="22.06293">
    <ele>134.22</ele>
   </trkpt>
   <trkpt lat="40.89996" lon="22.06324">
    <ele>133.19</ele>
   </trkpt>
   <trkpt lat="40.90041" lon="22.063470000000002">
    <ele>132.41</ele>
   </trkpt>
   <trkpt lat="40.900850000000005" lon="22.063730000000003">
    <ele>131.82000000000002</ele>
   </trkpt>
   <trkpt lat="40.90128000024713" lon="22.064034997907445">
    <ele>130.66</ele>
   </trkpt>
   <trkpt lat="40.90171" lon="22.06434">
    <ele>129.94</ele>
   </trkpt>
   <trkpt lat="40.90247334610087" lon="22.064947721662666">
    <ele>128.62</ele>
   </trkpt>
   <trkpt lat="40.90323668901163" lon="22.065555457353703">
    <ele>127.85000000000002</ele>
   </trkpt>
   <trkpt lat="40.90400002873205" lon="22.06616320707376">
    <ele>127.33</ele>
   </trkpt>
   <trkpt lat="40.904763365262056" lon="22.066770970823477">
    <ele>126.42</ele>
   </trkpt>
   <trkpt lat="40.90552669860142" lon="22.067378748603495">
    <ele>126.23</ele>
   </trkpt>
   <trkpt lat="40.906290028750014" lon="22.067986540414463">
    <ele>125.27000000000002</ele>
   </trkpt>
   <trkpt lat="40.90705335570769" lon="22.06859434625702">
    <ele>124.71000000000001</ele>
   </trkpt>
   <trkpt lat="40.90781667947425" lon="22.06920216613181">
    <ele>124.05000000000001</ele>
   </trkpt>
   <trkpt lat="40.90858" lon="22.06981">
    <ele>123.47000000000001</ele>
   </trkpt>
   <trkpt lat="40.90932800597167" lon="22.070397973391938">
    <ele>122.76</ele>
   </trkpt>
   <trkpt lat="40.91007600895709" lon="22.07098596008685">
    <ele>122.31000000000002</ele>
   </trkpt>
   <trkpt lat="40.91082400895606" lon="22.07157396008534">
    <ele>121.05</ele>
   </trkpt>
   <trkpt lat="40.91157200596849" lon="22.072161973388">
    <ele>120.60000000000001</ele>
   </trkpt>
   <trkpt lat="40.91232" lon="22.072750000000003">
    <ele>119.97</ele>
   </trkpt>
   <trkpt lat="40.912860000895115" lon="22.073179996564765">
    <ele>119.26</ele>
   </trkpt>
   <trkpt lat="40.9134" lon="22.073610000000002">
    <ele>118.60000000000001</ele>
   </trkpt>
   <trkpt lat="40.91371" lon="22.073900000000002">
    <ele>118.99000000000001</ele>
   </trkpt>
   <trkpt lat="40.914470001672065" lon="22.074514992961145">
    <ele>118.05000000000001</ele>
   </trkpt>
   <trkpt lat="40.91523" lon="22.07513">
    <ele>116.84000000000002</ele>
   </trkpt>
   <trkpt lat="40.91575666813519" lon="22.07553999347998">
    <ele>116.46000000000001</ele>
   </trkpt>
   <trkpt lat="40.916283334818345" lon="22.075949993492728">
    <ele>116.0</ele>
   </trkpt>
   <trkpt lat="40.916810000000005" lon="22.07636">
    <ele>115.76000000000002</ele>
   </trkpt>
   <trkpt lat="40.917260000000006" lon="22.076670000000004">
    <ele>114.74000000000001</ele>
   </trkpt>
   <trkpt lat="40.917935001346876" lon="22.07720499462457">
    <ele>114.33000000000001</ele>
   </trkpt>
   <trkpt lat="40.91861" lon="22.077740000000002">
    <ele>114.01</ele>
   </trkpt>
   <trkpt lat="40.918600000000005" lon="22.077740000000002">
    <ele>114.01</ele>
   </trkpt>
   <trkpt lat="40.91930667346786" lon="22.078301636632965">
    <ele>113.69000000000001</ele>
   </trkpt>
   <trkpt lat="40.92001334421082" lon="22.078863285275105">
    <ele>113.10000000000001</ele>
   </trkpt>
   <trkpt lat="40.92072001222879" lon="22.079424945926913">
    <ele>112.80000000000001</ele>
   </trkpt>
   <trkpt lat="40.92142667752163" lon="22.079986618588904">
    <ele>112.39</ele>
   </trkpt>
   <trkpt lat="40.922133340089225" lon="22.0805483032616">
    <ele>111.51</ele>
   </trkpt>
   <trkpt lat="40.92284" lon="22.081110000000002">
    <ele>110.9</ele>
   </trkpt>
   <trkpt lat="40.92354" lon="22.08162">
    <ele>110.02000000000001</ele>
   </trkpt>
   <trkpt lat="40.92404000050177" lon="22.081949997524056">
    <ele>109.68</ele>
   </trkpt>
   <trkpt lat="40.92454" lon="22.08228">
    <ele>109.52000000000001</ele>
   </trkpt>
   <trkpt lat="40.92498000011152" lon="22.08252999824548">
    <ele>109.41000000000001</ele>
   </trkpt>
   <trkpt lat="40.92542" lon="22.082780000000003">
    <ele>109.35</ele>
   </trkpt>
   <trkpt lat="40.92587000006746" lon="22.082994998472792">
    <ele>109.12</ele>
   </trkpt>
   <trkpt lat="40.926320000000004" lon="22.08321">
    <ele>109.04</ele>
   </trkpt>
   <trkpt lat="40.92662000000001" lon="22.083380000000002">
    <ele>109.18</ele>
   </trkpt>
   <trkpt lat="40.92718" lon="22.083630000000003">
    <ele>108.85</ele>
   </trkpt>
   <trkpt lat="40.92775" lon="22.083830000000003">
    <ele>108.95</ele>
   </trkpt>
   <trkpt lat="40.92824" lon="22.08398">
    <ele>108.67</ele>
   </trkpt>
   <trkpt lat="40.92909" lon="22.084200000000003">
    <ele>108.61000000000001</ele>
   </trkpt>
   <trkpt lat="40.92965" lon="22.08433">
    <ele>108.6</ele>
   </trkpt>
   <trkpt lat="40.93021" lon="22.08442">
    <ele>108.63</ele>
   </trkpt>
   <trkpt lat="40.930690000000006" lon="22.08445">
    <ele>108.11000000000001</ele>
   </trkpt>
   <trkpt lat="40.93101" lon="22.084490000000002">
    <ele>108.07000000000001</ele>
   </trkpt>
   <trkpt lat="40.93147000004185" lon="22.08451999979361">
    <ele>108.25000000000001</ele>
   </trkpt>
   <trkpt lat="40.93193" lon="22.08455">
    <ele>108.26</ele>
   </trkpt>
   <trkpt lat="40.932370000000006" lon="22.084560000000003">
    <ele>108.4</ele>
   </trkpt>
   <trkpt lat="40.932640000000006" lon="22.084590000000002">
    <ele>108.47000000000001</ele>
   </trkpt>
   <trkpt lat="40.933150000000005" lon="22.084590000000002">
    <ele>108.71000000000001</ele>
   </trkpt>
   <trkpt lat="40.93365" lon="22.084560000000003">
    <ele>108.63</ele>
   </trkpt>
   <trkpt lat="40.93426" lon="22.084500000000002">
    <ele>108.79</ele>
   </trkpt>
   <trkpt lat="40.93478999983149" lon="22.084440000502195">
    <ele>108.89000000000001</ele>
   </trkpt>
   <trkpt lat="40.935320000000004" lon="22.084380000000003">
    <ele>109.06</ele>
   </trkpt>
   <trkpt lat="40.93584999986583" lon="22.084310000582125">
    <ele>109.41000000000001</ele>
   </trkpt>
   <trkpt lat="40.93638000000001" lon="22.08424">
    <ele>109.66000000000001</ele>
   </trkpt>
   <trkpt lat="40.93665" lon="22.084190000000003">
    <ele>109.66000000000001</ele>
   </trkpt>
   <trkpt lat="40.936620000000005" lon="22.08416">
    <ele>109.65</ele>
   </trkpt>
   <trkpt lat="40.93638000000001" lon="22.08417">
    <ele>109.39000000000001</ele>
   </trkpt>
   <trkpt lat="40.93584500014555" lon="22.08422000039234">
    <ele>109.14000000000001</ele>
   </trkpt>
   <trkpt lat="40.93531" lon="22.08427">
    <ele>109.08000000000001</ele>
   </trkpt>
   <trkpt lat="40.9345" lon="22.08436">
    <ele>108.73</ele>
   </trkpt>
   <trkpt lat="40.9345" lon="22.084480000000003">
    <ele>108.80000000000001</ele>
   </trkpt>
   <trkpt lat="40.93512666668843" lon="22.08440000152205">
    <ele>108.94000000000001</ele>
   </trkpt>
   <trkpt lat="40.935753333321564" lon="22.08432000152635">
    <ele>109.41000000000001</ele>
   </trkpt>
   <trkpt lat="40.93638000000001" lon="22.08424">
    <ele>109.66000000000001</ele>
   </trkpt>
   <trkpt lat="40.936820000000004" lon="22.08415">
    <ele>109.77000000000001</ele>
   </trkpt>
   <trkpt lat="40.937670000000004" lon="22.08404">
    <ele>110.17</ele>
   </trkpt>
   <trkpt lat="40.93846333336899" lon="22.08396000192364">
    <ele>110.46</ele>
   </trkpt>
   <trkpt lat="40.939256666682695" lon="22.083880001925653">
    <ele>111.58000000000001</ele>
   </trkpt>
   <trkpt lat="40.94005000000001" lon="22.0838">
    <ele>112.52000000000001</ele>
   </trkpt>
   <trkpt lat="40.94044" lon="22.0838">
    <ele>113.10000000000001</ele>
   </trkpt>
   <trkpt lat="40.94079000000001" lon="22.08377">
    <ele>113.53</ele>
   </trkpt>
   <trkpt lat="40.941570000000006" lon="22.083650000000002">
    <ele>114.60000000000001</ele>
   </trkpt>
   <trkpt lat="40.94155000000001" lon="22.0838">
    <ele>115.88000000000001</ele>
   </trkpt>
   <trkpt lat="40.94156" lon="22.08396">
    <ele>115.88000000000001</ele>
   </trkpt>
   <trkpt lat="40.94154" lon="22.084210000000002">
    <ele>116.05000000000001</ele>
   </trkpt>
   <trkpt lat="40.941500000000005" lon="22.08436">
    <ele>115.93</ele>
   </trkpt>
   <trkpt lat="40.94126000000001" lon="22.08464">
    <ele>114.93</ele>
   </trkpt>
   <trkpt lat="40.941140000000004" lon="22.08481">
    <ele>113.83000000000001</ele>
   </trkpt>
   <trkpt lat="40.941100000000006" lon="22.084960000000002">
    <ele>113.83000000000001</ele>
   </trkpt>
   <trkpt lat="40.94108000000001" lon="22.08518">
    <ele>113.33000000000001</ele>
   </trkpt>
   <trkpt lat="40.941100000000006" lon="22.08567">
    <ele>111.64</ele>
   </trkpt>
   <trkpt lat="40.941050000000004" lon="22.08639">
    <ele>110.87</ele>
   </trkpt>
   <trkpt lat="40.94084667464201" lon="22.087350005847288">
    <ele>110.43</ele>
   </trkpt>
   <trkpt lat="40.94064334132208" lon="22.088310005783896">
    <ele>109.75000000000001</ele>
   </trkpt>
   <trkpt lat="40.94044" lon="22.089270000000003">
    <ele>108.81</ele>
   </trkpt>
   <trkpt lat="40.94024000377859" lon="22.09020500282044">
    <ele>108.2</ele>
   </trkpt>
   <trkpt lat="40.94004" lon="22.091140000000003">
    <ele>107.2</ele>
   </trkpt>
   <trkpt lat="40.94001" lon="22.09148">
    <ele>107.05</ele>
   </trkpt>
   <trkpt lat="40.94001" lon="22.091730000000002">
    <ele>106.86000000000001</ele>
   </trkpt>
   <trkpt lat="40.94025500491207" lon="22.09279499610477">
    <ele>105.73</ele>
   </trkpt>
   <trkpt lat="40.9405" lon="22.093860000000003">
    <ele>104.92000000000002</ele>
   </trkpt>
   <trkpt lat="40.94068" lon="22.094790000000003">
    <ele>104.51</ele>
   </trkpt>
   <trkpt lat="40.94084500389199" lon="22.095739997589593">
    <ele>103.65</ele>
   </trkpt>
   <trkpt lat="40.941010000000006" lon="22.096690000000002">
    <ele>103.15</ele>
   </trkpt>
   <trkpt lat="40.94122334322313" lon="22.097759993081684">
    <ele>103.15</ele>
   </trkpt>
   <trkpt lat="40.94143667655529" lon="22.09882999307565">
    <ele>103.33</ele>
   </trkpt>
   <trkpt lat="40.94165" lon="22.0999">
    <ele>103.62</ele>
   </trkpt>
   <trkpt lat="40.94185500570987" lon="22.10104999641466">
    <ele>102.85000000000001</ele>
   </trkpt>
   <trkpt lat="40.942060000000005" lon="22.102200000000003">
    <ele>102.36</ele>
   </trkpt>
   <trkpt lat="40.94211000000001" lon="22.102610000000002">
    <ele>102.28</ele>
   </trkpt>
   <trkpt lat="40.94220000000001" lon="22.103710000000003">
    <ele>101.92</ele>
   </trkpt>
   <trkpt lat="40.94231000224285" lon="22.104429998824052">
    <ele>102.32000000000001</ele>
   </trkpt>
   <trkpt lat="40.942420000000006" lon="22.105150000000002">
    <ele>102.26</ele>
   </trkpt>
   <trkpt lat="40.94247" lon="22.10585">
    <ele>102.57000000000001</ele>
   </trkpt>
   <trkpt lat="40.94248" lon="22.106330000000003">
    <ele>102.4</ele>
   </trkpt>
   <trkpt lat="40.942420000000006" lon="22.10678">
    <ele>102.47</ele>
   </trkpt>
   <trkpt lat="40.94234" lon="22.107200000000002">
    <ele>102.57000000000001</ele>
   </trkpt>
   <trkpt lat="40.9423" lon="22.107400000000002">
    <ele>102.67000000000002</ele>
   </trkpt>
   <trkpt lat="40.942150000000005" lon="22.107960000000002">
    <ele>108.02</ele>
   </trkpt>
   <trkpt lat="40.94195000379974" lon="22.108900002926752">
    <ele>102.89</ele>
   </trkpt>
   <trkpt lat="40.941750000000006" lon="22.109840000000002">
    <ele>107.44000000000001</ele>
   </trkpt>
   <trkpt lat="40.94169500216534" lon="22.1105450003516">
    <ele>104.60000000000001</ele>
   </trkpt>
   <trkpt lat="40.94164000000001" lon="22.111250000000002">
    <ele>103.95000000000002</ele>
   </trkpt>
   <trkpt lat="40.94164000000001" lon="22.111230000000003">
    <ele>103.93</ele>
   </trkpt>
   <trkpt lat="40.94164000000001" lon="22.111340000000002">
    <ele>104.3</ele>
   </trkpt>
   <trkpt lat="40.941660000000006" lon="22.111510000000003">
    <ele>104.60000000000001</ele>
   </trkpt>
   <trkpt lat="40.94245333337137" lon="22.111563332052953">
    <ele>104.79</ele>
   </trkpt>
   <trkpt lat="40.94324666671819" lon="22.11161666538717">
    <ele>104.83</ele>
   </trkpt>
   <trkpt lat="40.94404" lon="22.11167">
    <ele>104.8</ele>
   </trkpt>
   <trkpt lat="40.944010000000006" lon="22.11167">
    <ele>104.8</ele>
   </trkpt>
   <trkpt lat="40.94442" lon="22.111690000000003">
    <ele>105.18</ele>
   </trkpt>
   <trkpt lat="40.94503" lon="22.11248">
    <ele>105.4</ele>
   </trkpt>
   <trkpt lat="40.945710000000005" lon="22.113100000000003">
    <ele>105.59</ele>
   </trkpt>
   <trkpt lat="40.946130000575" lon="22.113439997898805">
    <ele>106.26</ele>
   </trkpt>
   <trkpt lat="40.94655" lon="22.113780000000002">
    <ele>106.47000000000001</ele>
   </trkpt>
   <trkpt lat="40.9467" lon="22.113850000000003">
    <ele>106.47000000000001</ele>
   </trkpt>
   <trkpt lat="40.94695" lon="22.11391">
    <ele>106.45</ele>
   </trkpt>
   <trkpt lat="40.94744" lon="22.114150000000002">
    <ele>106.56</ele>
   </trkpt>
   <trkpt lat="40.947520000000004" lon="22.114230000000003">
    <ele>106.59</ele>
   </trkpt>
   <trkpt lat="40.94783" lon="22.11445">
    <ele>106.82000000000001</ele>
   </trkpt>
   <trkpt lat="40.94785" lon="22.11445">
    <ele>106.84</ele>
   </trkpt>
   <trkpt lat="40.947700000000005" lon="22.1154">
    <ele>106.45</ele>
   </trkpt>
   <trkpt lat="40.94756500480254" lon="22.116455002199398">
    <ele>107.62</ele>
   </trkpt>
   <trkpt lat="40.947430000000004" lon="22.117510000000003">
    <ele>108.84</ele>
   </trkpt>
   <trkpt lat="40.94730000203467" lon="22.11819500130773">
    <ele>109.88000000000001</ele>
   </trkpt>
   <trkpt lat="40.94717" lon="22.11888">
    <ele>110.95</ele>
   </trkpt>
   <trkpt lat="40.94715" lon="22.119090000000003">
    <ele>110.95</ele>
   </trkpt>
   <trkpt lat="40.94717" lon="22.11925">
    <ele>112.05000000000001</ele>
   </trkpt>
   <trkpt lat="40.947230000000005" lon="22.119390000000003">
    <ele>112.05000000000001</ele>
   </trkpt>
   <trkpt lat="40.94726" lon="22.119490000000003">
    <ele>112.26</ele>
   </trkpt>
   <trkpt lat="40.94782" lon="22.11953">
    <ele>111.92</ele>
   </trkpt>
   <trkpt lat="40.948600000000006" lon="22.11965">
    <ele>111.37</ele>
   </trkpt>
   <trkpt lat="40.949070000000006" lon="22.119750000000003">
    <ele>111.05000000000001</ele>
   </trkpt>
   <trkpt lat="40.94928" lon="22.11981">
    <ele>111.18</ele>
   </trkpt>
   <trkpt lat="40.949380000000005" lon="22.119870000000002">
    <ele>111.12</ele>
   </trkpt>
   <trkpt lat="40.949780000000004" lon="22.120150000000002">
    <ele>111.16000000000001</ele>
   </trkpt>
   <trkpt lat="40.95037000000001" lon="22.12077">
    <ele>112.0</ele>
   </trkpt>
   <trkpt lat="40.950500000000005" lon="22.12095">
    <ele>112.19000000000001</ele>
   </trkpt>
   <trkpt lat="40.95082" lon="22.121460000000003">
    <ele>113.07000000000001</ele>
   </trkpt>
   <trkpt lat="40.951130000000006" lon="22.12179">
    <ele>113.84</ele>
   </trkpt>
   <trkpt lat="40.951790001292885" lon="22.12232999462909">
    <ele>114.05000000000001</ele>
   </trkpt>
   <trkpt lat="40.952450000000006" lon="22.122870000000002">
    <ele>114.42</ele>
   </trkpt>
   <trkpt lat="40.95244" lon="22.122870000000002">
    <ele>114.42</ele>
   </trkpt>
   <trkpt lat="40.952650000000006" lon="22.12302">
    <ele>114.59</ele>
   </trkpt>
   <trkpt lat="40.953030000000005" lon="22.123220000000003">
    <ele>114.72</ele>
   </trkpt>
   <trkpt lat="40.95355500038667" lon="22.12351999761312">
    <ele>114.97</ele>
   </trkpt>
   <trkpt lat="40.954080000000005" lon="22.123820000000002">
    <ele>115.59</ele>
   </trkpt>
   <trkpt lat="40.95429" lon="22.123910000000002">
    <ele>115.82000000000001</ele>
   </trkpt>
   <trkpt lat="40.95479" lon="22.12404">
    <ele>115.92</ele>
   </trkpt>
   <trkpt lat="40.955400000000004" lon="22.12414">
    <ele>116.42</ele>
   </trkpt>
   <trkpt lat="40.9557" lon="22.12421">
    <ele>116.86</ele>
   </trkpt>
   <trkpt lat="40.956030000000005" lon="22.12433">
    <ele>117.27000000000001</ele>
   </trkpt>
   <trkpt lat="40.95676" lon="22.124550000000003">
    <ele>117.55000000000001</ele>
   </trkpt>
   <trkpt lat="40.95723" lon="22.124640000000003">
    <ele>117.82000000000001</ele>
   </trkpt>
   <trkpt lat="40.957640000000005" lon="22.12469">
    <ele>118.0</ele>
   </trkpt>
   <trkpt lat="40.958270000000006" lon="22.124940000000002">
    <ele>117.93</ele>
   </trkpt>
   <trkpt lat="40.95873" lon="22.12515">
    <ele>117.92</ele>
   </trkpt>
   <trkpt lat="40.95928000000001" lon="22.12534">
    <ele>118.45000000000002</ele>
   </trkpt>
   <trkpt lat="40.959500000000006" lon="22.125400000000003">
    <ele>118.63000000000001</ele>
   </trkpt>
   <trkpt lat="40.96018666676311" lon="22.12550333118391">
    <ele>119.07000000000001</ele>
   </trkpt>
   <trkpt lat="40.96087333343393" lon="22.125606664517836">
    <ele>119.26</ele>
   </trkpt>
   <trkpt lat="40.961560000000006" lon="22.12571">
    <ele>118.63000000000001</ele>
   </trkpt>
   <trkpt lat="40.961980000000004" lon="22.125750000000004">
    <ele>118.51</ele>
   </trkpt>
   <trkpt lat="40.96217" lon="22.125790000000002">
    <ele>118.63000000000001</ele>
   </trkpt>
   <trkpt lat="40.962320000000005" lon="22.125850000000003">
    <ele>118.69</ele>
   </trkpt>
   <trkpt lat="40.96292500106422" lon="22.12630499595675">
    <ele>119.68</ele>
   </trkpt>
   <trkpt lat="40.963530000000006" lon="22.12676">
    <ele>120.17000000000002</ele>
   </trkpt>
   <trkpt lat="40.964290001705564" lon="22.12737999289663">
    <ele>120.32000000000001</ele>
   </trkpt>
   <trkpt lat="40.965050000000005" lon="22.128">
    <ele>120.70000000000002</ele>
   </trkpt>
   <trkpt lat="40.96517" lon="22.128120000000003">
    <ele>120.73</ele>
   </trkpt>
   <trkpt lat="40.96533" lon="22.12835">
    <ele>121.02000000000001</ele>
   </trkpt>
   <trkpt lat="40.965900000000005" lon="22.129260000000002">
    <ele>122.32000000000001</ele>
   </trkpt>
   <trkpt lat="40.966440000000006" lon="22.129980000000003">
    <ele>123.60000000000001</ele>
   </trkpt>
   <trkpt lat="40.967060002131326" lon="22.130689993275855">
    <ele>124.34</ele>
   </trkpt>
   <trkpt lat="40.96768" lon="22.131400000000003">
    <ele>125.34</ele>
   </trkpt>
   <trkpt lat="40.9682" lon="22.131890000000002">
    <ele>126.10000000000001</ele>
   </trkpt>
   <trkpt lat="40.968590000000006" lon="22.132330000000003">
    <ele>126.91000000000003</ele>
   </trkpt>
   <trkpt lat="40.968700000000005" lon="22.132430000000003">
    <ele>127.21000000000001</ele>
   </trkpt>
   <trkpt lat="40.96886000000001" lon="22.132540000000002">
    <ele>127.4</ele>
   </trkpt>
   <trkpt lat="40.96963000049758" lon="22.13285999628858">
    <ele>127.89</ele>
   </trkpt>
   <trkpt lat="40.970400000000005" lon="22.133180000000003">
    <ele>128.06</ele>
   </trkpt>
   <trkpt lat="40.97041" lon="22.133180000000003">
    <ele>128.06</ele>
   </trkpt>
   <trkpt lat="40.971030000000006" lon="22.13344">
    <ele>128.53</ele>
   </trkpt>
   <trkpt lat="40.971650000000004" lon="22.133650000000003">
    <ele>128.82999999999998</ele>
   </trkpt>
   <trkpt lat="40.97195000000001" lon="22.13379">
    <ele>129.20000000000002</ele>
   </trkpt>
   <trkpt lat="40.97223" lon="22.133950000000002">
    <ele>129.39000000000001</ele>
   </trkpt>
   <trkpt lat="40.97249" lon="22.13416">
    <ele>130.09</ele>
   </trkpt>
   <trkpt lat="40.972660000000005" lon="22.13435">
    <ele>130.49</ele>
   </trkpt>
   <trkpt lat="40.972750000000005" lon="22.13457">
    <ele>130.70000000000002</ele>
   </trkpt>
   <trkpt lat="40.97283" lon="22.13501">
    <ele>130.76000000000002</ele>
   </trkpt>
   <trkpt lat="40.97288" lon="22.135140000000003">
    <ele>130.78</ele>
   </trkpt>
   <trkpt lat="40.972970000000004" lon="22.135240000000003">
    <ele>130.78</ele>
   </trkpt>
   <trkpt lat="40.97307" lon="22.13532">
    <ele>130.86</ele>
   </trkpt>
   <trkpt lat="40.97361" lon="22.13559">
    <ele>130.97</ele>
   </trkpt>
   <trkpt lat="40.97415" lon="22.135720000000003">
    <ele>131.26999999999998</ele>
   </trkpt>
   <trkpt lat="40.97473" lon="22.135900000000003">
    <ele>132.63</ele>
   </trkpt>
   <trkpt lat="40.975080000000005" lon="22.135930000000002">
    <ele>132.88</ele>
   </trkpt>
   <trkpt lat="40.975370000000005" lon="22.13587">
    <ele>132.9</ele>
   </trkpt>
   <trkpt lat="40.975460000000005" lon="22.135890000000003">
    <ele>132.89000000000001</ele>
   </trkpt>
   <trkpt lat="40.975530000000006" lon="22.135830000000002">
    <ele>132.89000000000001</ele>
   </trkpt>
   <trkpt lat="40.97598" lon="22.13558">
    <ele>132.0</ele>
   </trkpt>
   <trkpt lat="40.97596" lon="22.13559">
    <ele>132.01000000000002</ele>
   </trkpt>
   <trkpt lat="40.976040000000005" lon="22.13557">
    <ele>132.01000000000002</ele>
   </trkpt>
   <trkpt lat="40.97617" lon="22.13556">
    <ele>131.74</ele>
   </trkpt>
   <trkpt lat="40.97619" lon="22.13569">
    <ele>131.55</ele>
   </trkpt>
   <trkpt lat="40.9765050017677" lon="22.136329996939963">
    <ele>131.22</ele>
   </trkpt>
   <trkpt lat="40.976820000000004" lon="22.13697">
    <ele>130.95000000000002</ele>
   </trkpt>
   <trkpt lat="40.97718667134977" lon="22.13770665846487">
    <ele>130.79000000000002</ele>
   </trkpt>
   <trkpt lat="40.977553338010416" lon="22.13844332511936">
    <ele>132.51000000000002</ele>
   </trkpt>
   <trkpt lat="40.977920000000005" lon="22.139180000000003">
    <ele>133.97</ele>
   </trkpt>
   <trkpt lat="40.9782" lon="22.139640000000004">
    <ele>134.71</ele>
   </trkpt>
   <trkpt lat="40.978480000000005" lon="22.13998">
    <ele>134.95000000000002</ele>
   </trkpt>
   <trkpt lat="40.97907" lon="22.14057">
    <ele>134.52</ele>
   </trkpt>
   <trkpt lat="40.97974000358105" lon="22.141213320268022">
    <ele>133.57000000000002</ele>
   </trkpt>
   <trkpt lat="40.980410003585924" lon="22.14185665360581">
    <ele>132.69</ele>
   </trkpt>
   <trkpt lat="40.981080000000006" lon="22.142500000000002">
    <ele>132.43</ele>
   </trkpt>
   <trkpt lat="40.98107" lon="22.142500000000002">
    <ele>132.42000000000002</ele>
   </trkpt>
   <trkpt lat="40.98177000614362" lon="22.14318997800292">
    <ele>133.98000000000002</ele>
   </trkpt>
   <trkpt lat="40.98247000817346" lon="22.14387997065226">
    <ele>135.63</ele>
   </trkpt>
   <trkpt lat="40.983170006089324" lon="22.144569977948628">
    <ele>136.57000000000002</ele>
   </trkpt>
   <trkpt lat="40.98387" lon="22.14526">
    <ele>137.36</ele>
   </trkpt>
   <trkpt lat="40.98407" lon="22.14542">
    <ele>137.55</ele>
   </trkpt>
   <trkpt lat="40.98443" lon="22.1458">
    <ele>137.9</ele>
   </trkpt>
   <trkpt lat="40.98489" lon="22.14637">
    <ele>138.18000000000004</ele>
   </trkpt>
   <trkpt lat="40.98528500180352" lon="22.147014996146485">
    <ele>138.93</ele>
   </trkpt>
   <trkpt lat="40.98568" lon="22.147660000000002">
    <ele>140.0</ele>
   </trkpt>
   <trkpt lat="40.98619" lon="22.14846">
    <ele>140.6</ele>
   </trkpt>
   <trkpt lat="40.98639" lon="22.14874">
    <ele>140.79</ele>
   </trkpt>
   <trkpt lat="40.98657" lon="22.148950000000003">
    <ele>140.79</ele>
   </trkpt>
   <trkpt lat="40.987260000000006" lon="22.14967">
    <ele>140.56</ele>
   </trkpt>
   <trkpt lat="40.98744000000001" lon="22.149890000000003">
    <ele>140.64000000000001</ele>
   </trkpt>
   <trkpt lat="40.987680000000005" lon="22.1503">
    <ele>141.09000000000003</ele>
   </trkpt>
   <trkpt lat="40.988110000000006" lon="22.151220000000002">
    <ele>142.65</ele>
   </trkpt>
   <trkpt lat="40.98846667313568" lon="22.152083324062147">
    <ele>143.78000000000003</ele>
   </trkpt>
   <trkpt lat="40.988823339830745" lon="22.15294665746407">
    <ele>145.50000000000003</ele>
   </trkpt>
   <trkpt lat="40.989180000000005" lon="22.153810000000004">
    <ele>146.66</ele>
   </trkpt>
   <trkpt lat="40.98941000161617" lon="22.154404998148454">
    <ele>147.44000000000003</ele>
   </trkpt>
   <trkpt lat="40.98964" lon="22.155">
    <ele>148.05</ele>
   </trkpt>
   <trkpt lat="40.98984" lon="22.155420000000003">
    <ele>148.16000000000003</ele>
   </trkpt>
   <trkpt lat="40.99015" lon="22.15595">
    <ele>148.85</ele>
   </trkpt>
   <trkpt lat="40.99060000217469" lon="22.15665999514889">
    <ele>147.47000000000003</ele>
   </trkpt>
   <trkpt lat="40.99105" lon="22.15737">
    <ele>146.56000000000003</ele>
   </trkpt>
   <trkpt lat="40.991040000000005" lon="22.15735">
    <ele>146.57</ele>
   </trkpt>
   <trkpt lat="40.991360000952795" lon="22.15783999749221">
    <ele>146.48</ele>
   </trkpt>
   <trkpt lat="40.99168" lon="22.158330000000003">
    <ele>146.4</ele>
   </trkpt>
   <trkpt lat="40.991870000000006" lon="22.15858">
    <ele>146.29</ele>
   </trkpt>
   <trkpt lat="40.99206" lon="22.158790000000003">
    <ele>146.24</ele>
   </trkpt>
   <trkpt lat="40.992430000000006" lon="22.159110000000002">
    <ele>146.20000000000002</ele>
   </trkpt>
   <trkpt lat="40.992825000231846" lon="22.159409998083326">
    <ele>146.27</ele>
   </trkpt>
   <trkpt lat="40.99322" lon="22.15971">
    <ele>146.56000000000003</ele>
   </trkpt>
   <trkpt lat="40.99349" lon="22.16">
    <ele>146.91</ele>
   </trkpt>
   <trkpt lat="40.993750000000006" lon="22.16036">
    <ele>147.72000000000003</ele>
   </trkpt>
   <trkpt lat="40.99418667237591" lon="22.161173322545352">
    <ele>148.76</ele>
   </trkpt>
   <trkpt lat="40.99462333903546" lon="22.161986655865277">
    <ele>149.87</ele>
   </trkpt>
   <trkpt lat="40.99506" lon="22.1628">
    <ele>151.04</ele>
   </trkpt>
   <trkpt lat="40.99523000000001" lon="22.16307">
    <ele>151.81</ele>
   </trkpt>
   <trkpt lat="40.99541000000001" lon="22.16326">
    <ele>152.3</ele>
   </trkpt>
   <trkpt lat="40.995650000000005" lon="22.16344">
    <ele>152.52</ele>
   </trkpt>
   <trkpt lat="40.99606" lon="22.163680000000003">
    <ele>152.93</ele>
   </trkpt>
   <trkpt lat="40.996570000000006" lon="22.16402">
    <ele>153.99</ele>
   </trkpt>
   <trkpt lat="40.996900000000004" lon="22.1643">
    <ele>154.97000000000003</ele>
   </trkpt>
   <trkpt lat="40.99738000000001" lon="22.164810000000003">
    <ele>155.68</ele>
   </trkpt>
   <trkpt lat="40.997780001428254" lon="22.165394996376282">
    <ele>156.60000000000002</ele>
   </trkpt>
   <trkpt lat="40.998180000000005" lon="22.16598">
    <ele>157.60999999999999</ele>
   </trkpt>
   <trkpt lat="40.998720000000006" lon="22.16655">
    <ele>157.60000000000002</ele>
   </trkpt>
   <trkpt lat="40.99909" lon="22.166760000000004">
    <ele>157.97</ele>
   </trkpt>
   <trkpt lat="40.999370000000006" lon="22.16694">
    <ele>158.55</ele>
   </trkpt>
   <trkpt lat="40.99958" lon="22.1671">
    <ele>158.97</ele>
   </trkpt>
   <trkpt lat="40.999680000000005" lon="22.16722">
    <ele>159.13000000000002</ele>
   </trkpt>
   <trkpt lat="40.999680000000005" lon="22.16721">
    <ele>159.13000000000002</ele>
   </trkpt>
   <trkpt lat="40.99982000000001" lon="22.167370000000002">
    <ele>159.46</ele>
   </trkpt>
   <trkpt lat="41.00016" lon="22.16795">
    <ele>160.25</ele>
   </trkpt>
   <trkpt lat="41.00056" lon="22.168750000000003">
    <ele>161.36</ele>
   </trkpt>
   <trkpt lat="41.00100250796585" lon="22.16953498414981">
    <ele>162.85000000000002</ele>
   </trkpt>
   <trkpt lat="41.001445010606574" lon="22.170319978840283">
    <ele>164.16</ele>
   </trkpt>
   <trkpt lat="41.00188750792203" lon="22.1711049840716">
    <ele>165.0</ele>
   </trkpt>
   <trkpt lat="41.00233" lon="22.17189">
    <ele>165.67000000000002</ele>
   </trkpt>
   <trkpt lat="41.00262" lon="22.172210000000003">
    <ele>165.49</ele>
   </trkpt>
   <trkpt lat="41.00309500068189" lon="22.17257999740362">
    <ele>165.25</ele>
   </trkpt>
   <trkpt lat="41.00357" lon="22.17295">
    <ele>165.11</ele>
   </trkpt>
   <trkpt lat="41.004160000000006" lon="22.173340000000003">
    <ele>166.92000000000002</ele>
   </trkpt>
   <trkpt lat="41.00466000061258" lon="22.173709997208306">
    <ele>167.75</ele>
   </trkpt>
   <trkpt lat="41.005160000000004" lon="22.174080000000004">
    <ele>167.93</ele>
   </trkpt>
   <trkpt lat="41.005705000667824" lon="22.174509996340294">
    <ele>168.82000000000002</ele>
   </trkpt>
   <trkpt lat="41.00625" lon="22.174940000000003">
    <ele>170.37</ele>
   </trkpt>
   <trkpt lat="41.00678500126606" lon="22.175469995748774">
    <ele>173.29000000000002</ele>
   </trkpt>
   <trkpt lat="41.00732" lon="22.176000000000002">
    <ele>176.1</ele>
   </trkpt>
   <trkpt lat="41.00779" lon="22.176270000000002">
    <ele>179.32</ele>
   </trkpt>
   <trkpt lat="41.008590000000005" lon="22.176650000000002">
    <ele>183.33</ele>
   </trkpt>
   <trkpt lat="41.008950000000006" lon="22.176910000000003">
    <ele>184.58</ele>
   </trkpt>
   <trkpt lat="41.00927" lon="22.17724">
    <ele>187.17</ele>
   </trkpt>
   <trkpt lat="41.009570000000004" lon="22.177480000000003">
    <ele>189.05</ele>
   </trkpt>
   <trkpt lat="41.010160000000006" lon="22.178030000000003">
    <ele>193.75</ele>
   </trkpt>
   <trkpt lat="41.01057" lon="22.17836">
    <ele>195.31</ele>
   </trkpt>
   <trkpt lat="41.010760000000005" lon="22.178630000000002">
    <ele>195.72</ele>
   </trkpt>
   <trkpt lat="41.01097" lon="22.17904">
    <ele>196.62</ele>
   </trkpt>
   <trkpt lat="41.01115" lon="22.179250000000003">
    <ele>198.01000000000002</ele>
   </trkpt>
   <trkpt lat="41.011770000000006" lon="22.179430000000004">
    <ele>198.66</ele>
   </trkpt>
   <trkpt lat="41.01247499999624" lon="22.179494999302417">
    <ele>199.62</ele>
   </trkpt>
   <trkpt lat="41.013180000000006" lon="22.179560000000002">
    <ele>201.57000000000002</ele>
   </trkpt>
   <trkpt lat="41.01362" lon="22.179750000000002">
    <ele>202.22</ele>
   </trkpt>
   <trkpt lat="41.01406000042071" lon="22.180044998059653">
    <ele>203.78</ele>
   </trkpt>
   <trkpt lat="41.014500000000005" lon="22.18034">
    <ele>205.19</ele>
   </trkpt>
   <trkpt lat="41.014860000000006" lon="22.180410000000002">
    <ele>206.5</ele>
   </trkpt>
   <trkpt lat="41.01571000017159" lon="22.180514998660467">
    <ele>206.91</ele>
   </trkpt>
   <trkpt lat="41.016560000000005" lon="22.18062">
    <ele>207.46</ele>
   </trkpt>
   <trkpt lat="41.016740000000006" lon="22.1807">
    <ele>207.61</ele>
   </trkpt>
   <trkpt lat="41.01713" lon="22.180930000000004">
    <ele>208.58</ele>
   </trkpt>
   <trkpt lat="41.01764500110367" lon="22.181424996173014">
    <ele>209.82</ele>
   </trkpt>
   <trkpt lat="41.01816" lon="22.18192">
    <ele>211.51</ele>
   </trkpt>
   <trkpt lat="41.01867000186447" lon="22.182386659423884">
    <ele>212.29</ele>
   </trkpt>
   <trkpt lat="41.01918000184683" lon="22.182853326074312">
    <ele>212.39000000000001</ele>
   </trkpt>
   <trkpt lat="41.019690000000004" lon="22.183320000000002">
    <ele>212.00000000000003</ele>
   </trkpt>
   <trkpt lat="41.019980000000004" lon="22.18361">
    <ele>211.59000000000003</ele>
   </trkpt>
   <trkpt lat="41.01999" lon="22.18362">
    <ele>211.59000000000003</ele>
   </trkpt>
   <trkpt lat="41.02024" lon="22.18391">
    <ele>211.33</ele>
   </trkpt>
   <trkpt lat="41.02044" lon="22.184220000000003">
    <ele>211.36</ele>
   </trkpt>
   <trkpt lat="41.020785001423" lon="22.184799996910282">
    <ele>211.69000000000003</ele>
   </trkpt>
   <trkpt lat="41.02113000000001" lon="22.185380000000002">
    <ele>212.21</ele>
   </trkpt>
   <trkpt lat="41.021390000000004" lon="22.185570000000002">
    <ele>212.65</ele>
   </trkpt>
   <trkpt lat="41.02152" lon="22.18562">
    <ele>212.77</ele>
   </trkpt>
   <trkpt lat="41.02202500015243" lon="22.185674999593452">
    <ele>211.84000000000003</ele>
   </trkpt>
   <trkpt lat="41.02253" lon="22.185730000000003">
    <ele>211.17000000000002</ele>
   </trkpt>
   <trkpt lat="41.02304" lon="22.185740000000003">
    <ele>210.00000000000003</ele>
   </trkpt>
   <trkpt lat="41.023340000000005" lon="22.1858">
    <ele>209.1</ele>
   </trkpt>
   <trkpt lat="41.023450000000004" lon="22.18587">
    <ele>209.25000000000003</ele>
   </trkpt>
   <trkpt lat="41.02386500074192" lon="22.186309997126873">
    <ele>209.52</ele>
   </trkpt>
   <trkpt lat="41.024280000000005" lon="22.186750000000004">
    <ele>210.55</ele>
   </trkpt>
   <trkpt lat="41.024550000000005" lon="22.186890000000002">
    <ele>210.43</ele>
   </trkpt>
   <trkpt lat="41.024930000000005" lon="22.18699">
    <ele>210.11</ele>
   </trkpt>
   <trkpt lat="41.025650000000006" lon="22.1873">
    <ele>210.03000000000003</ele>
   </trkpt>
   <trkpt lat="41.025980000000004" lon="22.187410000000003">
    <ele>209.99</ele>
   </trkpt>
   <trkpt lat="41.02667" lon="22.187620000000003">
    <ele>210.62000000000003</ele>
   </trkpt>
   <trkpt lat="41.0268" lon="22.187640000000002">
    <ele>210.99</ele>
   </trkpt>
   <trkpt lat="41.026900000000005" lon="22.187630000000002">
    <ele>211.29</ele>
   </trkpt>
   <trkpt lat="41.02709" lon="22.18757">
    <ele>211.67000000000002</ele>
   </trkpt>
   <trkpt lat="41.02734" lon="22.187430000000003">
    <ele>213.49</ele>
   </trkpt>
   <trkpt lat="41.027950000000004" lon="22.18699">
    <ele>215.95000000000002</ele>
   </trkpt>
   <trkpt lat="41.02794" lon="22.187">
    <ele>215.92000000000002</ele>
   </trkpt>
   <trkpt lat="41.028150000000004" lon="22.186870000000003">
    <ele>216.86</ele>
   </trkpt>
   <trkpt lat="41.0283" lon="22.18684">
    <ele>217.85000000000002</ele>
   </trkpt>
   <trkpt lat="41.028490000000005" lon="22.186860000000003">
    <ele>219.10000000000002</ele>
   </trkpt>
   <trkpt lat="41.029" lon="22.187060000000002">
    <ele>220.16000000000003</ele>
   </trkpt>
   <trkpt lat="41.02947" lon="22.187240000000003">
    <ele>219.86</ele>
   </trkpt>
   <trkpt lat="41.03022" lon="22.18756">
    <ele>220.36</ele>
   </trkpt>
   <trkpt lat="41.03038" lon="22.187690000000003">
    <ele>220.45</ele>
   </trkpt>
   <trkpt lat="41.030590000000004" lon="22.187900000000003">
    <ele>220.87</ele>
   </trkpt>
   <trkpt lat="41.03087" lon="22.188370000000003">
    <ele>222.06</ele>
   </trkpt>
   <trkpt lat="41.03101" lon="22.18849">
    <ele>222.54000000000002</ele>
   </trkpt>
   <trkpt lat="41.03125" lon="22.18853">
    <ele>222.48000000000002</ele>
   </trkpt>
   <trkpt lat="41.03186" lon="22.188290000000002">
    <ele>221.09</ele>
   </trkpt>
   <trkpt lat="41.032140000000005" lon="22.18811">
    <ele>220.53000000000003</ele>
   </trkpt>
   <trkpt lat="41.03264" lon="22.18767">
    <ele>219.00000000000003</ele>
   </trkpt>
   <trkpt lat="41.033035000349976" lon="22.187355001952834">
    <ele>218.10000000000002</ele>
   </trkpt>
   <trkpt lat="41.03343" lon="22.187040000000003">
    <ele>217.42000000000002</ele>
   </trkpt>
   <trkpt lat="41.033570000000005" lon="22.1869">
    <ele>217.01</ele>
   </trkpt>
   <trkpt lat="41.034090000000006" lon="22.186420000000002">
    <ele>215.88000000000002</ele>
   </trkpt>
   <trkpt lat="41.03439" lon="22.18607">
    <ele>215.07</ele>
   </trkpt>
   <trkpt lat="41.03477" lon="22.185560000000002">
    <ele>214.61</ele>
   </trkpt>
   <trkpt lat="41.03540000108672" lon="22.185050004911044">
    <ele>213.59000000000003</ele>
   </trkpt>
   <trkpt lat="41.036030000000004" lon="22.184540000000002">
    <ele>212.1</ele>
   </trkpt>
   <trkpt lat="41.036440000000006" lon="22.18408">
    <ele>211.15</ele>
   </trkpt>
   <trkpt lat="41.036880003329124" lon="22.18346000827922">
    <ele>211.17000000000002</ele>
   </trkpt>
   <trkpt lat="41.037320003335815" lon="22.182840008269903">
    <ele>210.62000000000003</ele>
   </trkpt>
   <trkpt lat="41.037760000000006" lon="22.18222">
    <ele>211.24</ele>
   </trkpt>
   <trkpt lat="41.03813000093918" lon="22.181770002451632">
    <ele>212.3</ele>
   </trkpt>
   <trkpt lat="41.038500000000006" lon="22.181320000000003">
    <ele>213.48000000000002</ele>
   </trkpt>
   <trkpt lat="41.0388" lon="22.181140000000003">
    <ele>214.59000000000003</ele>
   </trkpt>
   <trkpt lat="41.03949000029454" lon="22.180870002838496">
    <ele>216.4</ele>
   </trkpt>
   <trkpt lat="41.04018000000001" lon="22.180600000000002">
    <ele>217.85000000000002</ele>
   </trkpt>
   <trkpt lat="41.040680000160144" lon="22.18037500173568">
    <ele>219.57000000000002</ele>
   </trkpt>
   <trkpt lat="41.041180000000004" lon="22.18015">
    <ele>220.69000000000003</ele>
   </trkpt>
   <trkpt lat="41.042010000000005" lon="22.179820000000003">
    <ele>223.01000000000002</ele>
   </trkpt>
   <trkpt lat="41.042460000000005" lon="22.17958">
    <ele>224.77</ele>
   </trkpt>
   <trkpt lat="41.04313500082955" lon="22.179155004328255">
    <ele>227.10000000000002</ele>
   </trkpt>
   <trkpt lat="41.04381" lon="22.17873">
    <ele>228.51000000000002</ele>
   </trkpt>
   <trkpt lat="41.044250000000005" lon="22.17857">
    <ele>229.73000000000002</ele>
   </trkpt>
   <trkpt lat="41.045100000000005" lon="22.178530000000002">
    <ele>233.33</ele>
   </trkpt>
   <trkpt lat="41.04557000009615" lon="22.178350001302412">
    <ele>234.72</ele>
   </trkpt>
   <trkpt lat="41.046040000000005" lon="22.17817">
    <ele>235.79000000000002</ele>
   </trkpt>
   <trkpt lat="41.046730000000004" lon="22.17792">
    <ele>238.56000000000003</ele>
   </trkpt>
   <trkpt lat="41.04724" lon="22.17755">
    <ele>240.37000000000003</ele>
   </trkpt>
   <trkpt lat="41.04784500062644" lon="22.177205003108227">
    <ele>241.89000000000001</ele>
   </trkpt>
   <trkpt lat="41.04845" lon="22.17686">
    <ele>244.14000000000001</ele>
   </trkpt>
   <trkpt lat="41.04899" lon="22.17668">
    <ele>245.97000000000003</ele>
   </trkpt>
   <trkpt lat="41.049780000000005" lon="22.17669">
    <ele>248.73</ele>
   </trkpt>
   <trkpt lat="41.050670000140144" lon="22.17675499912964">
    <ele>252.28</ele>
   </trkpt>
   <trkpt lat="41.05156" lon="22.176820000000003">
    <ele>255.71000000000004</ele>
   </trkpt>
   <trkpt lat="41.052240000000005" lon="22.17657">
    <ele>258.17</ele>
   </trkpt>
   <trkpt lat="41.05236667530757" lon="22.175570003874565">
    <ele>258.04</ele>
   </trkpt>
   <trkpt lat="41.05249334197124" lon="22.174570003898353">
    <ele>256.95</ele>
   </trkpt>
   <trkpt lat="41.052620000000005" lon="22.17357">
    <ele>256.57</ele>
   </trkpt>
   <trkpt lat="41.052690000000005" lon="22.17341">
    <ele>256.71</ele>
   </trkpt>
   <trkpt lat="41.052690000000005" lon="22.173430000000003">
    <ele>256.71</ele>
   </trkpt>
   <trkpt lat="41.05274" lon="22.173340000000003">
    <ele>256.71</ele>
   </trkpt>
   <trkpt lat="41.05295" lon="22.1732">
    <ele>257.41</ele>
   </trkpt>
   <trkpt lat="41.05319" lon="22.173170000000002">
    <ele>257.71</ele>
   </trkpt>
   <trkpt lat="41.05342" lon="22.17304">
    <ele>258.53000000000003</ele>
   </trkpt>
   <trkpt lat="41.0536" lon="22.17283">
    <ele>259.41</ele>
   </trkpt>
   <trkpt lat="41.05398500433193" lon="22.171825005968746">
    <ele>263.3</ele>
   </trkpt>
   <trkpt lat="41.054370000000006" lon="22.170820000000003">
    <ele>266.77</ele>
   </trkpt>
   <trkpt lat="41.054570000000005" lon="22.17028">
    <ele>267.39</ele>
   </trkpt>
   <trkpt lat="41.054700000000004" lon="22.170050000000003">
    <ele>267.63000000000005</ele>
   </trkpt>
   <trkpt lat="41.05481" lon="22.169880000000003">
    <ele>268.06</ele>
   </trkpt>
   <trkpt lat="41.05481" lon="22.169890000000002">
    <ele>268.04</ele>
   </trkpt>
   <trkpt lat="41.05512" lon="22.16957">
    <ele>269.49</ele>
   </trkpt>
   <trkpt lat="41.05538000000001" lon="22.16955">
    <ele>271.37</ele>
   </trkpt>
   <trkpt lat="41.055490000000006" lon="22.16935">
    <ele>272.19000000000005</ele>
   </trkpt>
   <trkpt lat="41.05574500098681" lon="22.16885500205901">
    <ele>273.66</ele>
   </trkpt>
   <trkpt lat="41.056000000000004" lon="22.168360000000003">
    <ele>276.08000000000004</ele>
   </trkpt>
   <trkpt lat="41.05635" lon="22.16769">
    <ele>277.96000000000004</ele>
   </trkpt>
   <trkpt lat="41.056400000000004" lon="22.167550000000002">
    <ele>278.21</ele>
   </trkpt>
   <trkpt lat="41.056430000000006" lon="22.167360000000002">
    <ele>278.41</ele>
   </trkpt>
   <trkpt lat="41.056430000000006" lon="22.16673">
    <ele>278.96999999999997</ele>
   </trkpt>
   <trkpt lat="41.05648" lon="22.166400000000003">
    <ele>279.27000000000004</ele>
   </trkpt>
   <trkpt lat="41.056560000000005" lon="22.166010000000004">
    <ele>279.69000000000005</ele>
   </trkpt>
   <trkpt lat="41.056810000000006" lon="22.16512">
    <ele>280.22</ele>
   </trkpt>
   <trkpt lat="41.05710500316538" lon="22.164260003947888">
    <ele>280.65</ele>
   </trkpt>
   <trkpt lat="41.0574" lon="22.163400000000003">
    <ele>281.39000000000004</ele>
   </trkpt>
   <trkpt lat="41.057590000000005" lon="22.16269">
    <ele>279.73</ele>
   </trkpt>
   <trkpt lat="41.0576" lon="22.16253">
    <ele>280.06</ele>
   </trkpt>
   <trkpt lat="41.05762" lon="22.1624">
    <ele>280.25</ele>
   </trkpt>
   <trkpt lat="41.057770000000005" lon="22.162020000000002">
    <ele>280.46999999999997</ele>
   </trkpt>
   <trkpt lat="41.05798" lon="22.1615">
    <ele>280.96999999999997</ele>
   </trkpt>
   <trkpt lat="41.058020000000006" lon="22.161360000000002">
    <ele>280.92</ele>
   </trkpt>
   <trkpt lat="41.058020000000006" lon="22.16128">
    <ele>280.80000000000007</ele>
   </trkpt>
   <trkpt lat="41.058" lon="22.161130000000004">
    <ele>280.80000000000007</ele>
   </trkpt>
   <trkpt lat="41.05791000000001" lon="22.160770000000003">
    <ele>279.95000000000005</ele>
   </trkpt>
   <trkpt lat="41.05785" lon="22.16065">
    <ele>278.15</ele>
   </trkpt>
   <trkpt lat="41.05758" lon="22.16045">
    <ele>274.54</ele>
   </trkpt>
   <trkpt lat="41.057300000000005" lon="22.160210000000003">
    <ele>272.43</ele>
   </trkpt>
   <trkpt lat="41.05729" lon="22.160210000000003">
    <ele>272.40000000000003</ele>
   </trkpt>
   <trkpt lat="41.056810000000006" lon="22.15978">
    <ele>269.64000000000004</ele>
   </trkpt>
   <trkpt lat="41.05651" lon="22.159380000000002">
    <ele>266.35</ele>
   </trkpt>
   <trkpt lat="41.055910000000004" lon="22.158990000000003">
    <ele>261.93</ele>
   </trkpt>
   <trkpt lat="41.055400000000006" lon="22.15849">
    <ele>256.92</ele>
   </trkpt>
   <trkpt lat="41.05534" lon="22.158350000000002">
    <ele>256.17</ele>
   </trkpt>
   <trkpt lat="41.05534" lon="22.1582">
    <ele>256.17</ele>
   </trkpt>
   <trkpt lat="41.055510000000005" lon="22.15734">
    <ele>254.72</ele>
   </trkpt>
   <trkpt lat="41.055550000000004" lon="22.156720000000004">
    <ele>253.68</ele>
   </trkpt>
   <trkpt lat="41.0555" lon="22.15631">
    <ele>252.37000000000003</ele>
   </trkpt>
   <trkpt lat="41.05541" lon="22.155800000000003">
    <ele>251.39</ele>
   </trkpt>
   <trkpt lat="41.05534" lon="22.155630000000002">
    <ele>250.32000000000005</ele>
   </trkpt>
   <trkpt lat="41.0549" lon="22.154860000000003">
    <ele>245.23000000000002</ele>
   </trkpt>
   <trkpt lat="41.05489" lon="22.15484">
    <ele>245.14000000000001</ele>
   </trkpt>
   <trkpt lat="41.05471" lon="22.154400000000003">
    <ele>242.57</ele>
   </trkpt>
   <trkpt lat="41.054680000000005" lon="22.154200000000003">
    <ele>241.56000000000003</ele>
   </trkpt>
   <trkpt lat="41.05469" lon="22.15389">
    <ele>240.39000000000001</ele>
   </trkpt>
   <trkpt lat="41.05465" lon="22.153560000000002">
    <ele>239.69</ele>
   </trkpt>
   <trkpt lat="41.05458" lon="22.153280000000002">
    <ele>237.04000000000002</ele>
   </trkpt>
   <trkpt lat="41.05449" lon="22.152720000000002">
    <ele>234.97</ele>
   </trkpt>
   <trkpt lat="41.05443" lon="22.152130000000003">
    <ele>231.95000000000002</ele>
   </trkpt>
   <trkpt lat="41.05431" lon="22.15181">
    <ele>231.95000000000002</ele>
   </trkpt>
   <trkpt lat="41.05398" lon="22.151200000000003">
    <ele>227.04000000000002</ele>
   </trkpt>
   <trkpt lat="41.053790000000006" lon="22.15077">
    <ele>225.92000000000002</ele>
   </trkpt>
   <trkpt lat="41.05373" lon="22.15051">
    <ele>224.96</ele>
   </trkpt>
   <trkpt lat="41.053700000000006" lon="22.149980000000003">
    <ele>222.97000000000003</ele>
   </trkpt>
   <trkpt lat="41.05364" lon="22.14976">
    <ele>220.82000000000002</ele>
   </trkpt>
   <trkpt lat="41.05342" lon="22.1493">
    <ele>220.36</ele>
   </trkpt>
   <trkpt lat="41.05333" lon="22.149040000000003">
    <ele>219.11</ele>
   </trkpt>
   <trkpt lat="41.053250000000006" lon="22.14844">
    <ele>216.74</ele>
   </trkpt>
   <trkpt lat="41.05321" lon="22.14805">
    <ele>215.68</ele>
   </trkpt>
   <trkpt lat="41.0531" lon="22.147470000000002">
    <ele>213.71</ele>
   </trkpt>
   <trkpt lat="41.053000000000004" lon="22.14722">
    <ele>212.97000000000003</ele>
   </trkpt>
   <trkpt lat="41.05274" lon="22.14676">
    <ele>211.31000000000003</ele>
   </trkpt>
   <trkpt lat="41.05237" lon="22.1459">
    <ele>207.37000000000003</ele>
   </trkpt>
   <trkpt lat="41.052150000000005" lon="22.145500000000002">
    <ele>205.55</ele>
   </trkpt>
   <trkpt lat="41.051730000000006" lon="22.14489">
    <ele>202.64000000000001</ele>
   </trkpt>
   <trkpt lat="41.051520000000004" lon="22.14438">
    <ele>200.16</ele>
   </trkpt>
   <trkpt lat="41.05133" lon="22.143770000000004">
    <ele>198.71</ele>
   </trkpt>
   <trkpt lat="41.051180003108556" lon="22.142919997982485">
    <ele>195.66000000000003</ele>
   </trkpt>
   <trkpt lat="41.051030000000004" lon="22.14207">
    <ele>193.27</ele>
   </trkpt>
   <trkpt lat="41.05096" lon="22.141920000000002">
    <ele>193.27</ele>
   </trkpt>
   <trkpt lat="41.05078" lon="22.141630000000003">
    <ele>192.35000000000002</ele>
   </trkpt>
   <trkpt lat="41.050340000000006" lon="22.141000000000002">
    <ele>189.59</ele>
   </trkpt>
   <trkpt lat="41.05033" lon="22.140990000000002">
    <ele>189.57000000000002</ele>
   </trkpt>
   <trkpt lat="41.05003000000001" lon="22.14056">
    <ele>188.19000000000003</ele>
   </trkpt>
   <trkpt lat="41.04995" lon="22.14035">
    <ele>187.42</ele>
   </trkpt>
   <trkpt lat="41.0499" lon="22.140110000000004">
    <ele>187.07000000000002</ele>
   </trkpt>
   <trkpt lat="41.049870000000006" lon="22.13953">
    <ele>184.71</ele>
   </trkpt>
   <trkpt lat="41.04981" lon="22.13913">
    <ele>184.26</ele>
   </trkpt>
   <trkpt lat="41.049760000000006" lon="22.13895">
    <ele>183.54</ele>
   </trkpt>
   <trkpt lat="41.049620000000004" lon="22.13867">
    <ele>183.16000000000003</ele>
   </trkpt>
   <trkpt lat="41.049183336202006" lon="22.13809665909268">
    <ele>181.52</ele>
   </trkpt>
   <trkpt lat="41.048746669562654" lon="22.137523325795307">
    <ele>180.48</ele>
   </trkpt>
   <trkpt lat="41.04831" lon="22.136950000000002">
    <ele>179.06000000000003</ele>
   </trkpt>
   <trkpt lat="41.047940000000004" lon="22.1367">
    <ele>178.36</ele>
   </trkpt>
   <trkpt lat="41.0478" lon="22.136560000000003">
    <ele>177.71</ele>
   </trkpt>
   <trkpt lat="41.04766" lon="22.136390000000002">
    <ele>177.11</ele>
   </trkpt>
   <trkpt lat="41.04715" lon="22.13558">
    <ele>175.49</ele>
   </trkpt>
   <trkpt lat="41.047450000000005" lon="22.13606">
    <ele>176.57</ele>
   </trkpt>
   <trkpt lat="41.047450000000005" lon="22.13605">
    <ele>176.54</ele>
   </trkpt>
   <trkpt lat="41.04715" lon="22.13558">
    <ele>175.58</ele>
   </trkpt>
   <trkpt lat="41.04702" lon="22.1353">
    <ele>174.96</ele>
   </trkpt>
   <trkpt lat="41.04688" lon="22.13494">
    <ele>174.04000000000002</ele>
   </trkpt>
   <trkpt lat="41.046760000000006" lon="22.13454">
    <ele>173.23000000000002</ele>
   </trkpt>
   <trkpt lat="41.04666" lon="22.13406">
    <ele>171.57</ele>
   </trkpt>
   <trkpt lat="41.04652667259569" lon="22.13323333012038">
    <ele>170.14000000000001</ele>
   </trkpt>
   <trkpt lat="41.04639333928444" lon="22.13240666359074">
    <ele>168.65</ele>
   </trkpt>
   <trkpt lat="41.046260000000004" lon="22.131580000000003">
    <ele>166.60000000000002</ele>
   </trkpt>
   <trkpt lat="41.046215002599794" lon="22.13080499953869">
    <ele>165.20000000000002</ele>
   </trkpt>
   <trkpt lat="41.046170000000004" lon="22.13003">
    <ele>164.75</ele>
   </trkpt>
   <trkpt lat="41.0461" lon="22.129610000000003">
    <ele>164.19</ele>
   </trkpt>
   <trkpt lat="41.04585500243266" lon="22.128849996973063">
    <ele>162.35000000000002</ele>
   </trkpt>
   <trkpt lat="41.04561" lon="22.12809">
    <ele>160.99</ele>
   </trkpt>
   <trkpt lat="41.04525" lon="22.127390000000002">
    <ele>159.53</ele>
   </trkpt>
   <trkpt lat="41.04509" lon="22.126990000000003">
    <ele>159.32999999999998</ele>
   </trkpt>
   <trkpt lat="41.044760000000004" lon="22.12591">
    <ele>157.17</ele>
   </trkpt>
   <trkpt lat="41.044650000000004" lon="22.12546">
    <ele>156.67</ele>
   </trkpt>
   <trkpt lat="41.04464" lon="22.12533">
    <ele>156.67</ele>
   </trkpt>
   <trkpt lat="41.04468000000001" lon="22.124930000000003">
    <ele>157.15</ele>
   </trkpt>
   <trkpt lat="41.044850000000004" lon="22.12421">
    <ele>157.94000000000003</ele>
   </trkpt>
   <trkpt lat="41.044900000000005" lon="22.123880000000003">
    <ele>158.07000000000002</ele>
   </trkpt>
   <trkpt lat="41.044920000000005" lon="22.123530000000002">
    <ele>158.12</ele>
   </trkpt>
   <trkpt lat="41.04487000312305" lon="22.12267999936358">
    <ele>157.95000000000002</ele>
   </trkpt>
   <trkpt lat="41.04482" lon="22.121830000000003">
    <ele>157.99</ele>
   </trkpt>
   <trkpt lat="41.04477000000001" lon="22.121530000000003">
    <ele>158.19000000000003</ele>
   </trkpt>
   <trkpt lat="41.044700000000006" lon="22.121260000000003">
    <ele>158.03</ele>
   </trkpt>
   <trkpt lat="41.04448" lon="22.12074">
    <ele>156.74</ele>
   </trkpt>
   <trkpt lat="41.04424500205389" lon="22.12005499762966">
    <ele>155.60000000000002</ele>
   </trkpt>
   <trkpt lat="41.04401" lon="22.119370000000004">
    <ele>155.03</ele>
   </trkpt>
   <trkpt lat="41.0439" lon="22.11898">
    <ele>155.03</ele>
   </trkpt>
   <trkpt lat="41.04386" lon="22.118530000000003">
    <ele>155.03</ele>
   </trkpt>
   <trkpt lat="41.043910000000004" lon="22.11804">
    <ele>155.04000000000002</ele>
   </trkpt>
   <trkpt lat="41.043980000000005" lon="22.11755">
    <ele>155.5</ele>
   </trkpt>
   <trkpt lat="41.043940000000006" lon="22.11738">
    <ele>155.57000000000002</ele>
   </trkpt>
   <trkpt lat="41.043890000000005" lon="22.11726">
    <ele>155.60000000000002</ele>
   </trkpt>
   <trkpt lat="41.043730000000004" lon="22.117">
    <ele>155.67</ele>
   </trkpt>
   <trkpt lat="41.04356000000001" lon="22.11679">
    <ele>155.59</ele>
   </trkpt>
   <trkpt lat="41.04348" lon="22.11673">
    <ele>155.58</ele>
   </trkpt>
   <trkpt lat="41.04292666773096" lon="22.116383327519916">
    <ele>155.76000000000002</ele>
   </trkpt>
   <trkpt lat="41.04237333442315" lon="22.116036660869312">
    <ele>155.91000000000003</ele>
   </trkpt>
   <trkpt lat="41.04182" lon="22.11569">
    <ele>156.21</ele>
   </trkpt>
   <trkpt lat="41.04123500069011" lon="22.115349997088643">
    <ele>157.42</ele>
   </trkpt>
   <trkpt lat="41.04065000000001" lon="22.11501">
    <ele>157.98000000000002</ele>
   </trkpt>
   <trkpt lat="41.040005000602676" lon="22.114619996145063">
    <ele>157.96</ele>
   </trkpt>
   <trkpt lat="41.03936" lon="22.114230000000003">
    <ele>157.67</ele>
   </trkpt>
   <trkpt lat="41.039190000000005" lon="22.11418">
    <ele>157.35000000000002</ele>
   </trkpt>
   <trkpt lat="41.039060000000006" lon="22.114210000000003">
    <ele>157.07000000000002</ele>
   </trkpt>
   <trkpt lat="41.038720000000005" lon="22.11435">
    <ele>156.64</ele>
   </trkpt>
   <trkpt lat="41.03817" lon="22.114590000000003">
    <ele>155.69000000000003</ele>
   </trkpt>
   <trkpt lat="41.037960000000005" lon="22.11458">
    <ele>155.69000000000003</ele>
   </trkpt>
   <trkpt lat="41.037760000000006" lon="22.114500000000003">
    <ele>155.71</ele>
   </trkpt>
   <trkpt lat="41.03733000025127" lon="22.114234998236707">
    <ele>157.31</ele>
   </trkpt>
   <trkpt lat="41.0369" lon="22.113970000000002">
    <ele>158.41000000000003</ele>
   </trkpt>
   <trkpt lat="41.03627000083381" lon="22.11354999602803">
    <ele>158.57000000000002</ele>
   </trkpt>
   <trkpt lat="41.03564" lon="22.11313">
    <ele>158.85000000000002</ele>
   </trkpt>
   <trkpt lat="41.03495" lon="22.11258">
    <ele>158.99</ele>
   </trkpt>
   <trkpt lat="41.034420000000004" lon="22.111980000000003">
    <ele>159.78</ele>
   </trkpt>
   <trkpt lat="41.034090000000006" lon="22.11156">
    <ele>160.07000000000002</ele>
   </trkpt>
   <trkpt lat="41.033790001706905" lon="22.110929997111608">
    <ele>160.71</ele>
   </trkpt>
   <trkpt lat="41.03349" lon="22.110300000000002">
    <ele>161.21</ele>
   </trkpt>
   <trkpt lat="41.033120000000004" lon="22.10959">
    <ele>162.02</ele>
   </trkpt>
   <trkpt lat="41.03284" lon="22.10893">
    <ele>162.02</ele>
   </trkpt>
   <trkpt lat="41.03263500144995" lon="22.108334997915076">
    <ele>162.02</ele>
   </trkpt>
   <trkpt lat="41.032430000000005" lon="22.107740000000003">
    <ele>162.02</ele>
   </trkpt>
   <trkpt lat="41.032090000000004" lon="22.10687">
    <ele>162.02</ele>
   </trkpt>
   <trkpt lat="41.031980000000004" lon="22.10669">
    <ele>161.49</ele>
   </trkpt>
   <trkpt lat="41.03139500281102" lon="22.10586999258115">
    <ele>161.49</ele>
   </trkpt>
   <trkpt lat="41.03081" lon="22.105050000000002">
    <ele>161.49</ele>
   </trkpt>
   <trkpt lat="41.03047" lon="22.10451">
    <ele>161.49</ele>
   </trkpt>
   <trkpt lat="41.03047" lon="22.1045">
    <ele>161.49</ele>
   </trkpt>
   <trkpt lat="41.03002" lon="22.10377">
    <ele>161.49</ele>
   </trkpt>
   <trkpt lat="41.02969" lon="22.103040000000004">
    <ele>161.27</ele>
   </trkpt>
   <trkpt lat="41.02946" lon="22.10247">
    <ele>161.27</ele>
   </trkpt>
   <trkpt lat="41.02933" lon="22.10225">
    <ele>161.27</ele>
   </trkpt>
   <trkpt lat="41.02904" lon="22.10216">
    <ele>160.42000000000002</ele>
   </trkpt>
   <trkpt lat="41.02875" lon="22.102040000000002">
    <ele>159.9</ele>
   </trkpt>
   <trkpt lat="41.028850000000006" lon="22.10134">
    <ele>159.91000000000003</ele>
   </trkpt>
   <trkpt lat="41.02888" lon="22.100450000000002">
    <ele>161.82000000000002</ele>
   </trkpt>
   <trkpt lat="41.02888" lon="22.099580000000003">
    <ele>163.35000000000002</ele>
   </trkpt>
   <trkpt lat="41.02888" lon="22.09956">
    <ele>163.35000000000002</ele>
   </trkpt>
   <trkpt lat="41.028890000000004" lon="22.09919">
    <ele>163.56</ele>
   </trkpt>
   <trkpt lat="41.02884" lon="22.09861">
    <ele>164.08</ele>
   </trkpt>
   <trkpt lat="41.028710000000004" lon="22.098460000000003">
    <ele>164.09</ele>
   </trkpt>
   <trkpt lat="41.02848" lon="22.09841">
    <ele>163.96</ele>
   </trkpt>
   <trkpt lat="41.02812" lon="22.098090000000003">
    <ele>164.01000000000002</ele>
   </trkpt>
   <trkpt lat="41.028000000000006" lon="22.09804">
    <ele>164.01000000000002</ele>
   </trkpt>
   <trkpt lat="41.027910000000006" lon="22.09803">
    <ele>163.93</ele>
   </trkpt>
   <trkpt lat="41.027860000000004" lon="22.098000000000003">
    <ele>163.93</ele>
   </trkpt>
   <trkpt lat="41.027640000000005" lon="22.098090000000003">
    <ele>163.81</ele>
   </trkpt>
   <trkpt lat="41.02729" lon="22.0971">
    <ele>162.12</ele>
   </trkpt>
   <trkpt lat="41.026900000000005" lon="22.096420000000002">
    <ele>161.13000000000002</ele>
   </trkpt>
   <trkpt lat="41.02689" lon="22.096140000000002">
    <ele>161.16000000000003</ele>
   </trkpt>
   <trkpt lat="41.026900000000005" lon="22.096040000000002">
    <ele>161.34</ele>
   </trkpt>
   <trkpt lat="41.02695000000001" lon="22.095750000000002">
    <ele>161.52</ele>
   </trkpt>
   <trkpt lat="41.02707" lon="22.095350000000003">
    <ele>161.13000000000002</ele>
   </trkpt>
   <trkpt lat="41.027370000000005" lon="22.094510000000003">
    <ele>161.01000000000002</ele>
   </trkpt>
   <trkpt lat="41.02743" lon="22.094260000000002">
    <ele>161.23000000000002</ele>
   </trkpt>
   <trkpt lat="41.02741" lon="22.094">
    <ele>161.29000000000002</ele>
   </trkpt>
   <trkpt lat="41.027170000000005" lon="22.09345">
    <ele>161.32000000000002</ele>
   </trkpt>
   <trkpt lat="41.027100000000004" lon="22.093230000000002">
    <ele>161.32000000000002</ele>
   </trkpt>
   <trkpt lat="41.027060000000006" lon="22.09299">
    <ele>161.29000000000002</ele>
   </trkpt>
   <trkpt lat="41.027060000000006" lon="22.09296">
    <ele>161.29000000000002</ele>
   </trkpt>
   <trkpt lat="41.02703" lon="22.092290000000002">
    <ele>161.51000000000002</ele>
   </trkpt>
   <trkpt lat="41.02678" lon="22.091350000000002">
    <ele>161.56</ele>
   </trkpt>
   <trkpt lat="41.026770000000006" lon="22.091220000000003">
    <ele>161.65</ele>
   </trkpt>
   <trkpt lat="41.026790000000005" lon="22.090870000000002">
    <ele>161.93</ele>
   </trkpt>
   <trkpt lat="41.026920000000004" lon="22.090320000000002">
    <ele>162.41000000000003</ele>
   </trkpt>
   <trkpt lat="41.02702" lon="22.089840000000002">
    <ele>162.59</ele>
   </trkpt>
   <trkpt lat="41.027" lon="22.0893">
    <ele>162.56</ele>
   </trkpt>
   <trkpt lat="41.026945001962915" lon="22.088619998995338">
    <ele>163.19</ele>
   </trkpt>
   <trkpt lat="41.02689" lon="22.087940000000003">
    <ele>163.60000000000002</ele>
   </trkpt>
   <trkpt lat="41.026880000000006" lon="22.08754">
    <ele>163.97</ele>
   </trkpt>
   <trkpt lat="41.026900000000005" lon="22.087390000000003">
    <ele>163.97</ele>
   </trkpt>
   <trkpt lat="41.02713000000001" lon="22.08631">
    <ele>165.34</ele>
   </trkpt>
   <trkpt lat="41.02732" lon="22.085680000000004">
    <ele>165.91</ele>
   </trkpt>
   <trkpt lat="41.027620000000006" lon="22.084970000000002">
    <ele>166.21</ele>
   </trkpt>
   <trkpt lat="41.027640000000005" lon="22.084680000000002">
    <ele>165.68</ele>
   </trkpt>
   <trkpt lat="41.02760000000001" lon="22.08385">
    <ele>165.59</ele>
   </trkpt>
   <trkpt lat="41.02760000000001" lon="22.08386">
    <ele>165.59</ele>
   </trkpt>
   <trkpt lat="41.02760000000001" lon="22.08368">
    <ele>165.74</ele>
   </trkpt>
   <trkpt lat="41.027620000000006" lon="22.08359">
    <ele>165.74</ele>
   </trkpt>
   <trkpt lat="41.027840000000005" lon="22.083450000000003">
    <ele>166.08</ele>
   </trkpt>
   <trkpt lat="41.02794" lon="22.083350000000003">
    <ele>166.51000000000002</ele>
   </trkpt>
   <trkpt lat="41.028040000000004" lon="22.08294">
    <ele>166.85000000000002</ele>
   </trkpt>
   <trkpt lat="41.02806" lon="22.082690000000003">
    <ele>166.89000000000001</ele>
   </trkpt>
   <trkpt lat="41.027890000000006" lon="22.0823">
    <ele>166.97</ele>
   </trkpt>
   <trkpt lat="41.027620000000006" lon="22.081570000000003">
    <ele>166.25</ele>
   </trkpt>
   <trkpt lat="41.027350000000006" lon="22.08098">
    <ele>165.55</ele>
   </trkpt>
   <trkpt lat="41.027060000000006" lon="22.080520000000003">
    <ele>164.75</ele>
   </trkpt>
   <trkpt lat="41.02667" lon="22.079770000000003">
    <ele>164.32000000000002</ele>
   </trkpt>
   <trkpt lat="41.02633" lon="22.07917">
    <ele>163.68</ele>
   </trkpt>
   <trkpt lat="41.025920000000006" lon="22.07853">
    <ele>163.17000000000002</ele>
   </trkpt>
   <trkpt lat="41.0256850011324" lon="22.078014998132048">
    <ele>163.77</ele>
   </trkpt>
   <trkpt lat="41.025450000000006" lon="22.0775">
    <ele>164.26000000000002</ele>
   </trkpt>
   <trkpt lat="41.025180000000006" lon="22.076780000000003">
    <ele>164.64000000000001</ele>
   </trkpt>
   <trkpt lat="41.02506" lon="22.07656">
    <ele>164.54000000000002</ele>
   </trkpt>
   <trkpt lat="41.02506" lon="22.07655">
    <ele>164.54000000000002</ele>
   </trkpt>
   <trkpt lat="41.02472" lon="22.075950000000002">
    <ele>164.35000000000002</ele>
   </trkpt>
   <trkpt lat="41.024390000000004" lon="22.07553">
    <ele>163.18</ele>
   </trkpt>
   <trkpt lat="41.023790000000005" lon="22.07485">
    <ele>162.27</ele>
   </trkpt>
   <trkpt lat="41.02319000000001" lon="22.074270000000002">
    <ele>161.10000000000002</ele>
   </trkpt>
   <trkpt lat="41.02259" lon="22.073800000000002">
    <ele>160.02</ele>
   </trkpt>
   <trkpt lat="41.022165000379424" lon="22.07349999805737">
    <ele>159.60000000000002</ele>
   </trkpt>
   <trkpt lat="41.02174" lon="22.073200000000003">
    <ele>158.87</ele>
   </trkpt>
   <trkpt lat="41.02154" lon="22.07307">
    <ele>158.60999999999999</ele>
   </trkpt>
   <trkpt lat="41.021260000000005" lon="22.072940000000003">
    <ele>157.84</ele>
   </trkpt>
   <trkpt lat="41.02056000104028" lon="22.072654990907935">
    <ele>156.63000000000002</ele>
   </trkpt>
   <trkpt lat="41.01986000137853" lon="22.072369987873973">
    <ele>155.97000000000003</ele>
   </trkpt>
   <trkpt lat="41.019160001014804" lon="22.072084990897842">
    <ele>154.68</ele>
   </trkpt>
   <trkpt lat="41.018460000000005" lon="22.071800000000003">
    <ele>153.67</ele>
   </trkpt>
   <trkpt lat="41.017990000000005" lon="22.07159">
    <ele>152.72000000000003</ele>
   </trkpt>
   <trkpt lat="41.01735" lon="22.071340000000003">
    <ele>151.94000000000003</ele>
   </trkpt>
   <trkpt lat="41.01686500015199" lon="22.071129998437122">
    <ele>151.61</ele>
   </trkpt>
   <trkpt lat="41.016380000000005" lon="22.07092">
    <ele>151.01</ele>
   </trkpt>
   <trkpt lat="41.0161" lon="22.07085">
    <ele>150.92</ele>
   </trkpt>
   <trkpt lat="41.01587000000001" lon="22.07083">
    <ele>150.41000000000003</ele>
   </trkpt>
   <trkpt lat="41.015420000000006" lon="22.070890000000002">
    <ele>150.03000000000003</ele>
   </trkpt>
   <trkpt lat="41.014766666925325" lon="22.071050003164416">
    <ele>149.41000000000003</ele>
   </trkpt>
   <trkpt lat="41.0141133336294" lon="22.07121000315521">
    <ele>148.57</ele>
   </trkpt>
   <trkpt lat="41.01346" lon="22.07137">
    <ele>148.07</ele>
   </trkpt>
   <trkpt lat="41.01328" lon="22.071450000000002">
    <ele>147.73</ele>
   </trkpt>
   <trkpt lat="41.012980000000006" lon="22.07165">
    <ele>147.54</ele>
   </trkpt>
   <trkpt lat="41.01252" lon="22.072010000000002">
    <ele>146.79</ele>
   </trkpt>
   <trkpt lat="41.01193000000001" lon="22.07261">
    <ele>145.57</ele>
   </trkpt>
   <trkpt lat="41.011570000000006" lon="22.072940000000003">
    <ele>144.99</ele>
   </trkpt>
   <trkpt lat="41.01145" lon="22.073020000000003">
    <ele>144.93</ele>
   </trkpt>
   <trkpt lat="41.01082" lon="22.073240000000002">
    <ele>144.65</ele>
   </trkpt>
   <trkpt lat="41.01048" lon="22.073430000000002">
    <ele>144.26</ele>
   </trkpt>
   <trkpt lat="41.009980000000006" lon="22.073770000000003">
    <ele>144.44</ele>
   </trkpt>
   <trkpt lat="41.009820000000005" lon="22.073900000000002">
    <ele>144.19</ele>
   </trkpt>
   <trkpt lat="41.0092" lon="22.07431">
    <ele>143.65</ele>
   </trkpt>
   <trkpt lat="41.00847" lon="22.074730000000002">
    <ele>143.12000000000003</ele>
   </trkpt>
   <trkpt lat="41.00787500041513" lon="22.075040002799298">
    <ele>142.86</ele>
   </trkpt>
   <trkpt lat="41.00728" lon="22.07535">
    <ele>141.96</ele>
   </trkpt>
   <trkpt lat="41.0071" lon="22.07544">
    <ele>141.78</ele>
   </trkpt>
   <trkpt lat="41.0065" lon="22.075650000000003">
    <ele>140.71</ele>
   </trkpt>
   <trkpt lat="41.006040000000006" lon="22.07578">
    <ele>140.02</ele>
   </trkpt>
   <trkpt lat="41.00578" lon="22.075830000000003">
    <ele>139.85</ele>
   </trkpt>
   <trkpt lat="41.004900000041324" lon="22.07594000147027">
    <ele>139.06</ele>
   </trkpt>
   <trkpt lat="41.004020000000004" lon="22.076050000000002">
    <ele>136.89000000000001</ele>
   </trkpt>
   <trkpt lat="41.00354" lon="22.07618">
    <ele>136.09</ele>
   </trkpt>
   <trkpt lat="41.002930000000006" lon="22.07638">
    <ele>134.47</ele>
   </trkpt>
   <trkpt lat="41.00243000012968" lon="22.07652000104953">
    <ele>134.08</ele>
   </trkpt>
   <trkpt lat="41.00193" lon="22.07666">
    <ele>133.47</ele>
   </trkpt>
   <trkpt lat="41.001580000000004" lon="22.076800000000002">
    <ele>133.14000000000001</ele>
   </trkpt>
   <trkpt lat="41.00119" lon="22.077">
    <ele>132.93</ele>
   </trkpt>
   <trkpt lat="41.00099" lon="22.077070000000003">
    <ele>132.72</ele>
   </trkpt>
   <trkpt lat="41.00023" lon="22.077180000000002">
    <ele>131.96</ele>
   </trkpt>
   <trkpt lat="40.99996" lon="22.07719">
    <ele>131.57000000000002</ele>
   </trkpt>
   <trkpt lat="40.99967" lon="22.077170000000002">
    <ele>131.18</ele>
   </trkpt>
   <trkpt lat="40.9991950001991" lon="22.077099999521767">
    <ele>130.71</ele>
   </trkpt>
   <trkpt lat="40.998720000000006" lon="22.07703">
    <ele>130.58</ele>
   </trkpt>
   <trkpt lat="40.99797666673607" lon="22.076939997970083">
    <ele>130.31</ele>
   </trkpt>
   <trkpt lat="40.99723333340215" lon="22.076849997970044">
    <ele>129.92000000000002</ele>
   </trkpt>
   <trkpt lat="40.99649" lon="22.07676">
    <ele>129.76000000000002</ele>
   </trkpt>
   <trkpt lat="40.996140000000004" lon="22.07674">
    <ele>129.53</ele>
   </trkpt>
   <trkpt lat="40.99539" lon="22.076790000000003">
    <ele>128.94</ele>
   </trkpt>
   <trkpt lat="40.994675000047806" lon="22.07687500091993">
    <ele>128.23000000000002</ele>
   </trkpt>
   <trkpt lat="40.99396" lon="22.076960000000003">
    <ele>128.16000000000003</ele>
   </trkpt>
   <trkpt lat="40.9932099999856" lon="22.076987500939417">
    <ele>126.79</ele>
   </trkpt>
   <trkpt lat="40.99245999996467" lon="22.077015001253127">
    <ele>126.56</ele>
   </trkpt>
   <trkpt lat="40.9917099999372" lon="22.07704250094116">
    <ele>126.28</ele>
   </trkpt>
   <trkpt lat="40.99096" lon="22.077070000000003">
    <ele>125.63000000000002</ele>
   </trkpt>
   <trkpt lat="40.990500000000004" lon="22.077280000000002">
    <ele>125.35000000000001</ele>
   </trkpt>
   <trkpt lat="40.98971500073586" lon="22.07769500494521">
    <ele>124.87</ele>
   </trkpt>
   <trkpt lat="40.98893" lon="22.078110000000002">
    <ele>124.89000000000001</ele>
   </trkpt>
   <trkpt lat="40.988495000277794" lon="22.078355001605914">
    <ele>124.55000000000001</ele>
   </trkpt>
   <trkpt lat="40.988060000000004" lon="22.0786">
    <ele>124.34</ele>
   </trkpt>
   <trkpt lat="40.98757500028858" lon="22.078850001829235">
    <ele>123.83000000000001</ele>
   </trkpt>
   <trkpt lat="40.98709" lon="22.0791">
    <ele>123.57000000000001</ele>
   </trkpt>
   <trkpt lat="40.986740000000005" lon="22.07945">
    <ele>123.33000000000001</ele>
   </trkpt>
   <trkpt lat="40.986580000000004" lon="22.07957">
    <ele>123.32000000000001</ele>
   </trkpt>
   <trkpt lat="40.986180000000004" lon="22.07976">
    <ele>123.03000000000002</ele>
   </trkpt>
   <trkpt lat="40.98583" lon="22.079870000000003">
    <ele>122.91</ele>
   </trkpt>
   <trkpt lat="40.98559" lon="22.07984">
    <ele>122.85000000000001</ele>
   </trkpt>
   <trkpt lat="40.98485" lon="22.07966">
    <ele>122.26</ele>
   </trkpt>
   <trkpt lat="40.98453000000001" lon="22.07963">
    <ele>121.96000000000001</ele>
   </trkpt>
   <trkpt lat="40.98369" lon="22.079690000000003">
    <ele>120.60000000000001</ele>
   </trkpt>
   <trkpt lat="40.983160000000005" lon="22.07955">
    <ele>119.24000000000001</ele>
   </trkpt>
   <trkpt lat="40.982890000000005" lon="22.079520000000002">
    <ele>119.35000000000001</ele>
   </trkpt>
   <trkpt lat="40.982600000000005" lon="22.079530000000002">
    <ele>119.37</ele>
   </trkpt>
   <trkpt lat="40.98236" lon="22.07957">
    <ele>119.37</ele>
   </trkpt>
   <trkpt lat="40.982220000000005" lon="22.079610000000002">
    <ele>119.41000000000001</ele>
   </trkpt>
   <trkpt lat="40.9819" lon="22.07985">
    <ele>119.63000000000001</ele>
   </trkpt>
   <trkpt lat="40.981680000000004" lon="22.080060000000003">
    <ele>119.81000000000002</ele>
   </trkpt>
   <trkpt lat="40.98109000553787" lon="22.08086001430229">
    <ele>120.24000000000001</ele>
   </trkpt>
   <trkpt lat="40.980500005545444" lon="22.081660014291767">
    <ele>120.60000000000001</ele>
   </trkpt>
   <trkpt lat="40.979910000000004" lon="22.08246">
    <ele>120.56000000000002</ele>
   </trkpt>
   <trkpt lat="40.97965000000001" lon="22.082600000000003">
    <ele>120.58</ele>
   </trkpt>
   <trkpt lat="40.979440000000004" lon="22.08264">
    <ele>120.56000000000002</ele>
   </trkpt>
   <trkpt lat="40.97901" lon="22.08265">
    <ele>120.69</ele>
   </trkpt>
   <trkpt lat="40.978750000000005" lon="22.082610000000003">
    <ele>121.19</ele>
   </trkpt>
   <trkpt lat="40.97858" lon="22.08255">
    <ele>121.59</ele>
   </trkpt>
   <trkpt lat="40.97862000000001" lon="22.08276">
    <ele>120.13000000000001</ele>
   </trkpt>
   <trkpt lat="40.9786" lon="22.08265">
    <ele>120.17000000000002</ele>
   </trkpt>
   <trkpt lat="40.97849667237969" lon="22.081836664095032">
    <ele>121.65</ele>
   </trkpt>
   <trkpt lat="40.97839333904336" lon="22.081023330738294">
    <ele>121.67000000000002</ele>
   </trkpt>
   <trkpt lat="40.97829" lon="22.08021">
    <ele>121.62</ele>
   </trkpt>
   <trkpt lat="40.97814" lon="22.079430000000002">
    <ele>121.61000000000001</ele>
   </trkpt>
   <trkpt lat="40.97802" lon="22.07854">
    <ele>121.65</ele>
   </trkpt>
   <trkpt lat="40.97791500310775" lon="22.07769499883913">
    <ele>121.77</ele>
   </trkpt>
   <trkpt lat="40.977810000000005" lon="22.07685">
    <ele>121.79</ele>
   </trkpt>
   <trkpt lat="40.977695003057136" lon="22.076009998598913">
    <ele>121.97000000000001</ele>
   </trkpt>
   <trkpt lat="40.97758" lon="22.075170000000004">
    <ele>121.99000000000001</ele>
   </trkpt>
   <trkpt lat="40.97749" lon="22.074250000000003">
    <ele>121.98</ele>
   </trkpt>
   <trkpt lat="40.97739000210485" lon="22.073549998853785">
    <ele>121.76</ele>
   </trkpt>
   <trkpt lat="40.97729" lon="22.072850000000003">
    <ele>121.91</ele>
   </trkpt>
   <trkpt lat="40.97717" lon="22.072370000000003">
    <ele>121.66</ele>
   </trkpt>
   <trkpt lat="40.97699" lon="22.07185">
    <ele>121.99000000000001</ele>
   </trkpt>
   <trkpt lat="40.97673" lon="22.07121">
    <ele>122.19</ele>
   </trkpt>
   <trkpt lat="40.97640000449822" lon="22.070486659379856">
    <ele>122.17000000000002</ele>
   </trkpt>
   <trkpt lat="40.97607000447546" lon="22.06976332599675">
    <ele>122.15</ele>
   </trkpt>
   <trkpt lat="40.97574" lon="22.06904">
    <ele>122.05</ele>
   </trkpt>
   <trkpt lat="40.975590000000004" lon="22.06867">
    <ele>121.81000000000002</ele>
   </trkpt>
   <trkpt lat="40.97542000000001" lon="22.068360000000002">
    <ele>121.78000000000002</ele>
   </trkpt>
   <trkpt lat="40.97505" lon="22.06746">
    <ele>121.32000000000001</ele>
   </trkpt>
   <trkpt lat="40.97498" lon="22.067230000000002">
    <ele>121.3</ele>
   </trkpt>
   <trkpt lat="40.974970000000006" lon="22.067210000000003">
    <ele>121.29</ele>
   </trkpt>
   <trkpt lat="40.97493" lon="22.06706">
    <ele>121.20000000000002</ele>
   </trkpt>
   <trkpt lat="40.97475" lon="22.06623">
    <ele>121.22</ele>
   </trkpt>
   <trkpt lat="40.97459000459786" lon="22.06519499729455">
    <ele>121.85000000000001</ele>
   </trkpt>
   <trkpt lat="40.974430000000005" lon="22.06416">
    <ele>122.47000000000001</ele>
   </trkpt>
   <trkpt lat="40.97406" lon="22.06425">
    <ele>122.51</ele>
   </trkpt>
   <trkpt lat="40.974180000000004" lon="22.064220000000002">
    <ele>122.47000000000001</ele>
   </trkpt>
   <trkpt lat="40.97406" lon="22.06425">
    <ele>122.51</ele>
   </trkpt>
   <trkpt lat="40.973310000000005" lon="22.064420000000002">
    <ele>123.06000000000002</ele>
   </trkpt>
   <trkpt lat="40.97332" lon="22.064400000000003">
    <ele>123.10000000000001</ele>
   </trkpt>
   <trkpt lat="40.97323" lon="22.063370000000003">
    <ele>124.59</ele>
   </trkpt>
  </trkseg>
 </trk>
</gpx>
