<?xml version="1.0" encoding="UTF-8"?>
<gpx creator="Garmin Connect" version="1.1"
  xsi:schemaLocation="http://www.topografix.com/GPX/1/1 http://www.topografix.com/GPX/11.xsd"
  xmlns:ns3="http://www.garmin.com/xmlschemas/TrackPointExtension/v1"
  xmlns="http://www.topografix.com/GPX/1/1"
  xmlns:xsi="http://www.w3.org/2001/XMLSchema-instance" xmlns:ns2="http://www.garmin.com/xmlschemas/GpxExtensions/v3">
  <metadata>
    <name>Brevet Philippi 2026 Kalampaki</name>
    <link href="connect.garmin.com">
      <text>Garmin Connect</text>
    </link>
    <time>2025-09-24T16:36:32.000Z</time>
  </metadata>
  <trk>
    <name>Brevet Philippi 2026 Kalampaki</name>
    <trkseg>
      <trkpt lat="41.050822734832764" lon="24.18758137151599">
        <ele>71.71</ele>
      </trkpt>
      <trkpt lat="41.05061888694763" lon="24.18739914894104">
        <ele>71.67</ele>
      </trkpt>
      <trkpt lat="41.0504150390625" lon="24.187216758728027">
        <ele>71.62</ele>
      </trkpt>
      <trkpt lat="41.05017908848822" lon="24.187045097351074">
        <ele>71.57</ele>
      </trkpt>
      <trkpt lat="41.050028800964355" lon="24.18689489364624">
        <ele>71.51</ele>
      </trkpt>
      <trkpt lat="41.049964427948" lon="24.18689489364624">
        <ele>71.45</ele>
      </trkpt>
      <trkpt lat="41.04992151260376" lon="24.18693780899048">
        <ele>71.38</ele>
      </trkpt>
      <trkpt lat="41.04974993504584" lon="24.18687343597412">
        <ele>71.31</ele>
      </trkpt>
      <trkpt lat="41.049521109089255" lon="24.186673192307353">
        <ele>71.22</ele>
      </trkpt>
      <trkpt lat="41.04929228313267" lon="24.186473032459617">
        <ele>71.12</ele>
      </trkpt>
      <trkpt lat="41.049063205718994" lon="24.186272621154785">
        <ele>70.96</ele>
      </trkpt>
      <trkpt lat="41.04890235699713" lon="24.18614387512207">
        <ele>70.82</ele>
      </trkpt>
      <trkpt lat="41.04874142445624" lon="24.186015129089355">
        <ele>70.67</ele>
      </trkpt>
      <trkpt lat="41.04856263846159" lon="24.185857800766826">
        <ele>70.52</ele>
      </trkpt>
      <trkpt lat="41.04838385246694" lon="24.185700472444296">
        <ele>70.35</ele>
      </trkpt>
      <trkpt lat="41.04820498265326" lon="24.185543060302734">
        <ele>70.14</ele>
      </trkpt>
      <trkpt lat="41.048119151964784" lon="24.185478687286377">
        <ele>69.93</ele>
      </trkpt>
      <trkpt lat="41.04786886833608" lon="24.185264194384217">
        <ele>69.7</ele>
      </trkpt>
      <trkpt lat="41.04761858470738" lon="24.185049701482058">
        <ele>69.47</ele>
      </trkpt>
      <trkpt lat="41.04736804962158" lon="24.184834957122803">
        <ele>69.28</ele>
      </trkpt>
      <trkpt lat="41.047368133440614" lon="24.184834957122803">
        <ele>69.08</ele>
      </trkpt>
      <trkpt lat="41.04710360057652" lon="24.184620464220643">
        <ele>68.9</ele>
      </trkpt>
      <trkpt lat="41.046839067712426" lon="24.184405971318483">
        <ele>68.72</ele>
      </trkpt>
      <trkpt lat="41.046574199572206" lon="24.18419122695923">
        <ele>68.52</ele>
      </trkpt>
      <trkpt lat="41.04633824899793" lon="24.183992827311158">
        <ele>68.32</ele>
      </trkpt>
      <trkpt lat="41.04610229842365" lon="24.183794427663088">
        <ele>68.18</ele>
      </trkpt>
      <trkpt lat="41.04586634784937" lon="24.183596028015018">
        <ele>68.07</ele>
      </trkpt>
      <trkpt lat="41.04563006199896" lon="24.18339729309082">
        <ele>67.91</ele>
      </trkpt>
      <trkpt lat="41.04540123604238" lon="24.183197049424052">
        <ele>67.73</ele>
      </trkpt>
      <trkpt lat="41.0451724100858" lon="24.182996889576316">
        <ele>67.59</ele>
      </trkpt>
      <trkpt lat="41.04494341649115" lon="24.182796478271484">
        <ele>67.46</ele>
      </trkpt>
      <trkpt lat="41.044721715152264" lon="24.18263202533126">
        <ele>67.34</ele>
      </trkpt>
      <trkpt lat="41.04450009763241" lon="24.182467656210065">
        <ele>67.25</ele>
      </trkpt>
      <trkpt lat="41.044278144836426" lon="24.182302951812744">
        <ele>67.11</ele>
      </trkpt>
      <trkpt lat="41.04412794113159" lon="24.182238578796387">
        <ele>66.98</ele>
      </trkpt>
      <trkpt lat="41.044278144836426" lon="24.182302951812744">
        <ele>67.11</ele>
      </trkpt>
      <trkpt lat="41.04412827640772" lon="24.18223874643445">
        <ele>66.78</ele>
      </trkpt>
      <trkpt lat="41.044128108769655" lon="24.18223866261542">
        <ele>66.69</ele>
      </trkpt>
      <trkpt lat="41.04412794113159" lon="24.182238578796387">
        <ele>66.98</ele>
      </trkpt>
      <trkpt lat="41.04412794113159" lon="24.182453155517578">
        <ele>66.55</ele>
      </trkpt>
      <trkpt lat="41.04408058337867" lon="24.182827323675156">
        <ele>66.39</ele>
      </trkpt>
      <trkpt lat="41.044033309444785" lon="24.183201491832733">
        <ele>66.19</ele>
      </trkpt>
      <trkpt lat="41.0439860355109" lon="24.18357565999031">
        <ele>66.11</ele>
      </trkpt>
      <trkpt lat="41.04393876157701" lon="24.183949828147888">
        <ele>66.02</ele>
      </trkpt>
      <trkpt lat="41.04389199055731" lon="24.184319972991943">
        <ele>65.98</ele>
      </trkpt>
      <trkpt lat="41.04385326616466" lon="24.18468978255987">
        <ele>65.89</ele>
      </trkpt>
      <trkpt lat="41.04381454177201" lon="24.18505967594683">
        <ele>65.81</ele>
      </trkpt>
      <trkpt lat="41.043775817379355" lon="24.18542956933379">
        <ele>65.8</ele>
      </trkpt>
      <trkpt lat="41.0437370929867" lon="24.18579946272075">
        <ele>65.81</ele>
      </trkpt>
      <trkpt lat="41.04369878768921" lon="24.18616533279419">
        <ele>65.77</ele>
      </trkpt>
      <trkpt lat="41.04369887150824" lon="24.18616533279419">
        <ele>65.76</ele>
      </trkpt>
      <trkpt lat="41.043666517362" lon="24.18647713959217">
        <ele>65.71</ele>
      </trkpt>
      <trkpt lat="41.04363424703479" lon="24.186788946390152">
        <ele>65.71</ele>
      </trkpt>
      <trkpt lat="41.04360197670758" lon="24.187100753188133">
        <ele>65.71</ele>
      </trkpt>
      <trkpt lat="41.043570041656494" lon="24.1874098777771">
        <ele>65.72</ele>
      </trkpt>
      <trkpt lat="41.04350566864014" lon="24.187753200531006">
        <ele>65.73</ele>
      </trkpt>
      <trkpt lat="41.04349594563246" lon="24.187789661809802">
        <ele>65.74</ele>
      </trkpt>
      <trkpt lat="41.04349594563246" lon="24.187789745628834">
        <ele>65.75</ele>
      </trkpt>
      <trkpt lat="41.043495861813426" lon="24.187789745628834">
        <ele>65.76</ele>
      </trkpt>
      <trkpt lat="41.043495777994394" lon="24.187789745628834">
        <ele>65.78</ele>
      </trkpt>
      <trkpt lat="41.04341313242912" lon="24.188099959865212">
        <ele>65.79</ele>
      </trkpt>
      <trkpt lat="41.04333040304482" lon="24.188410257920623">
        <ele>65.85</ele>
      </trkpt>
      <trkpt lat="41.04324817657471" lon="24.188718795776367">
        <ele>65.88</ele>
      </trkpt>
      <trkpt lat="41.04311943054199" lon="24.189040660858154">
        <ele>65.9</ele>
      </trkpt>
      <trkpt lat="41.042958246544" lon="24.189373590052128">
        <ele>65.93</ele>
      </trkpt>
      <trkpt lat="41.042797565460205" lon="24.189705848693848">
        <ele>65.98</ele>
      </trkpt>
      <trkpt lat="41.04262925684452" lon="24.190013632178307">
        <ele>65.98</ele>
      </trkpt>
      <trkpt lat="41.04246103204787" lon="24.190321499481797">
        <ele>65.99</ele>
      </trkpt>
      <trkpt lat="41.042292807251215" lon="24.190629366785288">
        <ele>65.99</ele>
      </trkpt>
      <trkpt lat="41.04212449863553" lon="24.19093723408878">
        <ele>65.93</ele>
      </trkpt>
      <trkpt lat="41.04195627383888" lon="24.19124510139227">
        <ele>65.9</ele>
      </trkpt>
      <trkpt lat="41.041789054870605" lon="24.191551208496094">
        <ele>65.88</ele>
      </trkpt>
      <trkpt lat="41.04170322418213" lon="24.191787242889404">
        <ele>65.87</ele>
      </trkpt>
      <trkpt lat="41.04163155891001" lon="24.192088153213263">
        <ele>65.84</ele>
      </trkpt>
      <trkpt lat="41.041559893637896" lon="24.192389147356153">
        <ele>65.81</ele>
      </trkpt>
      <trkpt lat="41.04148864746094" lon="24.192688465118408">
        <ele>65.79</ele>
      </trkpt>
      <trkpt lat="41.04148873127997" lon="24.192688465118408">
        <ele>65.77</ele>
      </trkpt>
      <trkpt lat="41.04143491946161" lon="24.192967917770147">
        <ele>65.76</ele>
      </trkpt>
      <trkpt lat="41.04138135910034" lon="24.193246364593506">
        <ele>65.76</ele>
      </trkpt>
      <trkpt lat="41.041295528411865" lon="24.193525314331055">
        <ele>65.76</ele>
      </trkpt>
      <trkpt lat="41.041209530085325" lon="24.19372941367328">
        <ele>65.76</ele>
      </trkpt>
      <trkpt lat="41.04112386703491" lon="24.19393301010132">
        <ele>65.75</ele>
      </trkpt>
      <trkpt lat="41.04095748625696" lon="24.19416912831366">
        <ele>65.74</ele>
      </trkpt>
      <trkpt lat="41.040791105479" lon="24.194405246526003">
        <ele>65.74</ele>
      </trkpt>
      <trkpt lat="41.04062472470105" lon="24.194641448557377">
        <ele>65.73</ele>
      </trkpt>
      <trkpt lat="41.04045867919922" lon="24.19487714767456">
        <ele>65.77</ele>
      </trkpt>
      <trkpt lat="41.04035139083862" lon="24.195091724395752">
        <ele>65.76</ele>
      </trkpt>
      <trkpt lat="41.04024410247803" lon="24.195456504821777">
        <ele>65.77</ele>
      </trkpt>
      <trkpt lat="41.04017972946167" lon="24.195842742919922">
        <ele>65.78</ele>
      </trkpt>
      <trkpt lat="41.040141424164176" lon="24.196227388456464">
        <ele>65.78</ele>
      </trkpt>
      <trkpt lat="41.040103202685714" lon="24.196612117812037">
        <ele>65.74</ele>
      </trkpt>
      <trkpt lat="41.04006498120725" lon="24.19699684716761">
        <ele>65.7</ele>
      </trkpt>
      <trkpt lat="41.04002675972879" lon="24.197381492704153">
        <ele>65.66</ele>
      </trkpt>
      <trkpt lat="41.03998853825033" lon="24.197766222059727">
        <ele>65.64</ele>
      </trkpt>
      <trkpt lat="41.039950316771865" lon="24.1981509514153">
        <ele>65.63</ele>
      </trkpt>
      <trkpt lat="41.0399120952934" lon="24.198535680770874">
        <ele>65.61</ele>
      </trkpt>
      <trkpt lat="41.03987387381494" lon="24.198920326307416">
        <ele>65.61</ele>
      </trkpt>
      <trkpt lat="41.039836406707764" lon="24.199297428131104">
        <ele>65.62</ele>
      </trkpt>
      <trkpt lat="41.039750408381224" lon="24.199662879109383">
        <ele>65.6</ele>
      </trkpt>
      <trkpt lat="41.03966474533081" lon="24.200026988983154">
        <ele>65.57</ele>
      </trkpt>
      <trkpt lat="41.03966482914984" lon="24.200026988983154">
        <ele>65.56</ele>
      </trkpt>
      <trkpt lat="41.03962711058557" lon="24.20040057040751">
        <ele>65.59</ele>
      </trkpt>
      <trkpt lat="41.03958947584033" lon="24.200774235650897">
        <ele>65.6</ele>
      </trkpt>
      <trkpt lat="41.03955184109509" lon="24.201147900894284">
        <ele>65.59</ele>
      </trkpt>
      <trkpt lat="41.03951420634985" lon="24.20152156613767">
        <ele>65.57</ele>
      </trkpt>
      <trkpt lat="41.03947657160461" lon="24.20189523138106">
        <ele>65.56</ele>
      </trkpt>
      <trkpt lat="41.03943893685937" lon="24.202268896624446">
        <ele>65.58</ele>
      </trkpt>
      <trkpt lat="41.03940130211413" lon="24.202642561867833">
        <ele>65.59</ele>
      </trkpt>
      <trkpt lat="41.03936433792114" lon="24.203009605407715">
        <ele>65.6</ele>
      </trkpt>
      <trkpt lat="41.03932594880462" lon="24.203417217358947">
        <ele>65.66</ele>
      </trkpt>
      <trkpt lat="41.03928764350712" lon="24.20382491312921">
        <ele>65.64</ele>
      </trkpt>
      <trkpt lat="41.03924933820963" lon="24.204232608899474">
        <ele>65.65</ele>
      </trkpt>
      <trkpt lat="41.039211032912135" lon="24.204640304669738">
        <ele>65.7</ele>
      </trkpt>
      <trkpt lat="41.03917272761464" lon="24.20504791662097">
        <ele>65.77</ele>
      </trkpt>
      <trkpt lat="41.039134338498116" lon="24.205455612391233">
        <ele>65.82</ele>
      </trkpt>
      <trkpt lat="41.03909603320062" lon="24.205863308161497">
        <ele>65.86</ele>
      </trkpt>
      <trkpt lat="41.03905772790313" lon="24.20627100393176">
        <ele>65.86</ele>
      </trkpt>
      <trkpt lat="41.039019422605634" lon="24.206678615882993">
        <ele>65.94</ele>
      </trkpt>
      <trkpt lat="41.03898111730814" lon="24.207086311653256">
        <ele>65.98</ele>
      </trkpt>
      <trkpt lat="41.038942812010646" lon="24.20749400742352">
        <ele>65.95</ele>
      </trkpt>
      <trkpt lat="41.03890442289412" lon="24.207901703193784">
        <ele>65.98</ele>
      </trkpt>
      <trkpt lat="41.038866117596626" lon="24.208309315145016">
        <ele>66.02</ele>
      </trkpt>
      <trkpt lat="41.03882781229913" lon="24.20871701091528">
        <ele>66.09</ele>
      </trkpt>
      <trkpt lat="41.03878950700164" lon="24.209124706685543">
        <ele>66.12</ele>
      </trkpt>
      <trkpt lat="41.038751201704144" lon="24.209532318636775">
        <ele>66.12</ele>
      </trkpt>
      <trkpt lat="41.03871281258762" lon="24.20994001440704">
        <ele>66.15</ele>
      </trkpt>
      <trkpt lat="41.038674507290125" lon="24.210347710177302">
        <ele>66.17</ele>
      </trkpt>
      <trkpt lat="41.03863620199263" lon="24.210755405947566">
        <ele>66.18</ele>
      </trkpt>
      <trkpt lat="41.03859789669514" lon="24.211163017898798">
        <ele>66.19</ele>
      </trkpt>
      <trkpt lat="41.03855959139764" lon="24.21157071366906">
        <ele>66.21</ele>
      </trkpt>
      <trkpt lat="41.03852128610015" lon="24.211978409439325">
        <ele>66.19</ele>
      </trkpt>
      <trkpt lat="41.03848457336426" lon="24.21236515045166">
        <ele>66.21</ele>
      </trkpt>
      <trkpt lat="41.03846319951117" lon="24.212429523468018">
        <ele>66.23</ele>
      </trkpt>
      <trkpt lat="41.03843084536493" lon="24.2128380574286">
        <ele>66.27</ele>
      </trkpt>
      <trkpt lat="41.03839857503772" lon="24.21324667520821">
        <ele>66.3</ele>
      </trkpt>
      <trkpt lat="41.03836630471051" lon="24.213655292987823">
        <ele>66.32</ele>
      </trkpt>
      <trkpt lat="41.038334369659424" lon="24.214060306549072">
        <ele>66.34</ele>
      </trkpt>
      <trkpt lat="41.03832355700433" lon="24.214275302365422">
        <ele>66.37</ele>
      </trkpt>
      <trkpt lat="41.038312911987305" lon="24.214489459991455">
        <ele>66.38</ele>
      </trkpt>
      <trkpt lat="41.038334453478456" lon="24.214746952056885">
        <ele>66.42</ele>
      </trkpt>
      <trkpt lat="41.038334369659424" lon="24.2148756980896">
        <ele>66.43</ele>
      </trkpt>
      <trkpt lat="41.03836060501635" lon="24.21526034362614">
        <ele>66.43</ele>
      </trkpt>
      <trkpt lat="41.03838692419231" lon="24.215645072981715">
        <ele>66.44</ele>
      </trkpt>
      <trkpt lat="41.038413159549236" lon="24.21602980233729">
        <ele>66.44</ele>
      </trkpt>
      <trkpt lat="41.038439478725195" lon="24.216414531692863">
        <ele>66.45</ele>
      </trkpt>
      <trkpt lat="41.038465797901154" lon="24.216799261048436">
        <ele>66.39</ele>
      </trkpt>
      <trkpt lat="41.03849203325808" lon="24.21718399040401">
        <ele>66.32</ele>
      </trkpt>
      <trkpt lat="41.03851835243404" lon="24.217568719759583">
        <ele>66.31</ele>
      </trkpt>
      <trkpt lat="41.03854467161" lon="24.217953365296125">
        <ele>66.34</ele>
      </trkpt>
      <trkpt lat="41.038570404052734" lon="24.21833038330078">
        <ele>66.33</ele>
      </trkpt>
      <trkpt lat="41.03859907016158" lon="24.218722824007273">
        <ele>66.32</ele>
      </trkpt>
      <trkpt lat="41.03862773627043" lon="24.219115264713764">
        <ele>66.3</ele>
      </trkpt>
      <trkpt lat="41.038656402379274" lon="24.219507789239287">
        <ele>66.28</ele>
      </trkpt>
      <trkpt lat="41.03868506848812" lon="24.21990022994578">
        <ele>66.26</ele>
      </trkpt>
      <trkpt lat="41.03871373459697" lon="24.220292754471302">
        <ele>66.23</ele>
      </trkpt>
      <trkpt lat="41.038742484524846" lon="24.220685195177794">
        <ele>66.2</ele>
      </trkpt>
      <trkpt lat="41.03877115063369" lon="24.221077719703317">
        <ele>66.11</ele>
      </trkpt>
      <trkpt lat="41.03879981674254" lon="24.221470160409808">
        <ele>66.03</ele>
      </trkpt>
      <trkpt lat="41.038828482851386" lon="24.22186268493533">
        <ele>65.97</ele>
      </trkpt>
      <trkpt lat="41.03885714896023" lon="24.222255125641823">
        <ele>65.92</ele>
      </trkpt>
      <trkpt lat="41.03888589888811" lon="24.222647650167346">
        <ele>65.9</ele>
      </trkpt>
      <trkpt lat="41.03891372680664" lon="24.223029613494873">
        <ele>65.82</ele>
      </trkpt>
      <trkpt lat="41.03873142041266" lon="24.22292240895331">
        <ele>65.76</ele>
      </trkpt>
      <trkpt lat="41.038548946380615" lon="24.22281503677368">
        <ele>65.68</ele>
      </trkpt>
      <trkpt lat="41.03829170577228" lon="24.222700707614422">
        <ele>65.59</ele>
      </trkpt>
      <trkpt lat="41.03803454898298" lon="24.222586378455162">
        <ele>65.52</ele>
      </trkpt>
      <trkpt lat="41.037776470184326" lon="24.222471714019775">
        <ele>65.43</ele>
      </trkpt>
      <trkpt lat="41.03754596784711" lon="24.222337687388062">
        <ele>65.31</ele>
      </trkpt>
      <trkpt lat="41.03731554932892" lon="24.22220366075635">
        <ele>65.19</ele>
      </trkpt>
      <trkpt lat="41.03708513081074" lon="24.22206971794367">
        <ele>65.12</ele>
      </trkpt>
      <trkpt lat="41.036853874102235" lon="24.221935272216797">
        <ele>65.02</ele>
      </trkpt>
      <trkpt lat="41.03662337176502" lon="24.221795881167054">
        <ele>64.94</ele>
      </trkpt>
      <trkpt lat="41.0363928694278" lon="24.22165649011731">
        <ele>64.86</ele>
      </trkpt>
      <trkpt lat="41.03616236709058" lon="24.2215171828866">
        <ele>64.78</ele>
      </trkpt>
      <trkpt lat="41.03593111038208" lon="24.2213773727417">
        <ele>64.68</ele>
      </trkpt>
      <trkpt lat="41.03593119420111" lon="24.2213773727417">
        <ele>64.58</ele>
      </trkpt>
      <trkpt lat="41.0358024481684" lon="24.221291542053223">
        <ele>64.49</ele>
      </trkpt>
      <trkpt lat="41.03554512374103" lon="24.22114142216742">
        <ele>64.38</ele>
      </trkpt>
      <trkpt lat="41.035287883132696" lon="24.22099138610065">
        <ele>64.22</ele>
      </trkpt>
      <trkpt lat="41.03503055870533" lon="24.220841266214848">
        <ele>64.08</ele>
      </trkpt>
      <trkpt lat="41.03477239608765" lon="24.220690727233887">
        <ele>63.96</ele>
      </trkpt>
      <trkpt lat="41.034611547365785" lon="24.22058343887329">
        <ele>63.83</ele>
      </trkpt>
      <trkpt lat="41.03445061482489" lon="24.220476150512695">
        <ele>63.72</ele>
      </trkpt>
      <trkpt lat="41.034250454977155" lon="24.220354612916708">
        <ele>63.64</ele>
      </trkpt>
      <trkpt lat="41.03405037894845" lon="24.220233159139752">
        <ele>63.56</ele>
      </trkpt>
      <trkpt lat="41.033849800005555" lon="24.22011137008667">
        <ele>63.48</ele>
      </trkpt>
      <trkpt lat="41.033678222447634" lon="24.220014894381166">
        <ele>63.4</ele>
      </trkpt>
      <trkpt lat="41.03350647725165" lon="24.219918251037598">
        <ele>63.32</ele>
      </trkpt>
      <trkpt lat="41.03327597491443" lon="24.219778859987855">
        <ele>63.22</ele>
      </trkpt>
      <trkpt lat="41.033045472577214" lon="24.219639468938112">
        <ele>63.09</ele>
      </trkpt>
      <trkpt lat="41.03281505405903" lon="24.2195001617074">
        <ele>62.97</ele>
      </trkpt>
      <trkpt lat="41.032583797350526" lon="24.2193603515625">
        <ele>62.86</ele>
      </trkpt>
      <trkpt lat="41.032376512885094" lon="24.219238813966513">
        <ele>62.74</ele>
      </trkpt>
      <trkpt lat="41.03216931223869" lon="24.219117360189557">
        <ele>62.59</ele>
      </trkpt>
      <trkpt lat="41.03196152485907" lon="24.218995571136475">
        <ele>62.45</ele>
      </trkpt>
      <trkpt lat="41.031720293685794" lon="24.218850815668702">
        <ele>62.32</ele>
      </trkpt>
      <trkpt lat="41.03147906251252" lon="24.21870614401996">
        <ele>62.22</ele>
      </trkpt>
      <trkpt lat="41.03123783133924" lon="24.21856138855219">
        <ele>62.12</ele>
      </trkpt>
      <trkpt lat="41.03099584579468" lon="24.218416213989258">
        <ele>61.96</ele>
      </trkpt>
      <trkpt lat="41.030752854421735" lon="24.21827321872115">
        <ele>61.77</ele>
      </trkpt>
      <trkpt lat="41.03050986304879" lon="24.218130307272077">
        <ele>61.62</ele>
      </trkpt>
      <trkpt lat="41.03026695549488" lon="24.217987395823002">
        <ele>61.48</ele>
      </trkpt>
      <trkpt lat="41.03002396412194" lon="24.217844484373927">
        <ele>61.33</ele>
      </trkpt>
      <trkpt lat="41.02978105656803" lon="24.217701572924852">
        <ele>61.16</ele>
      </trkpt>
      <trkpt lat="41.02953680790961" lon="24.217557907104492">
        <ele>61.02</ele>
      </trkpt>
      <trkpt lat="41.02930094115436" lon="24.21741315163672">
        <ele>60.9</ele>
      </trkpt>
      <trkpt lat="41.029065074399114" lon="24.217268396168947">
        <ele>60.78</ele>
      </trkpt>
      <trkpt lat="41.0288292914629" lon="24.217123724520206">
        <ele>60.67</ele>
      </trkpt>
      <trkpt lat="41.028592670336366" lon="24.216978549957275">
        <ele>60.54</ele>
      </trkpt>
      <trkpt lat="41.02833895012736" lon="24.216828430071473">
        <ele>60.41</ele>
      </trkpt>
      <trkpt lat="41.02808522991836" lon="24.216678394004703">
        <ele>60.27</ele>
      </trkpt>
      <trkpt lat="41.02783159352839" lon="24.2165282741189">
        <ele>60.12</ele>
      </trkpt>
      <trkpt lat="41.02757787331939" lon="24.21637823805213">
        <ele>59.97</ele>
      </trkpt>
      <trkpt lat="41.02732423692942" lon="24.21622820198536">
        <ele>59.84</ele>
      </trkpt>
      <trkpt lat="41.02706917561591" lon="24.21607732772827">
        <ele>59.72</ele>
      </trkpt>
      <trkpt lat="41.026824759319425" lon="24.21592720784247">
        <ele>59.6</ele>
      </trkpt>
      <trkpt lat="41.02658034302294" lon="24.2157771717757">
        <ele>59.51</ele>
      </trkpt>
      <trkpt lat="41.02633592672646" lon="24.215627051889896">
        <ele>59.43</ele>
      </trkpt>
      <trkpt lat="41.02609151042998" lon="24.215477015823126">
        <ele>59.31</ele>
      </trkpt>
      <trkpt lat="41.025846088305116" lon="24.2153263092041">
        <ele>59.17</ele>
      </trkpt>
      <trkpt lat="41.02557267062366" lon="24.215162778273225">
        <ele>59.06</ele>
      </trkpt>
      <trkpt lat="41.025299336761236" lon="24.21499933116138">
        <ele>58.95</ele>
      </trkpt>
      <trkpt lat="41.02502600289881" lon="24.214835884049535">
        <ele>58.84</ele>
      </trkpt>
      <trkpt lat="41.02475266903639" lon="24.214672353118658">
        <ele>58.72</ele>
      </trkpt>
      <trkpt lat="41.024479335173965" lon="24.214508906006813">
        <ele>58.6</ele>
      </trkpt>
      <trkpt lat="41.02420600131154" lon="24.214345458894968">
        <ele>58.51</ele>
      </trkpt>
      <trkpt lat="41.02393266744912" lon="24.21418192796409">
        <ele>58.44</ele>
      </trkpt>
      <trkpt lat="41.02365740574896" lon="24.214017391204834">
        <ele>58.35</ele>
      </trkpt>
      <trkpt lat="41.023385832086205" lon="24.213855369016528">
        <ele>58.25</ele>
      </trkpt>
      <trkpt lat="41.02311425842345" lon="24.213693346828222">
        <ele>58.13</ele>
      </trkpt>
      <trkpt lat="41.02284268476069" lon="24.213531408458948">
        <ele>58.06</ele>
      </trkpt>
      <trkpt lat="41.02257111109793" lon="24.213369386270642">
        <ele>58.0</ele>
      </trkpt>
      <trkpt lat="41.022299537435174" lon="24.213207447901368">
        <ele>57.91</ele>
      </trkpt>
      <trkpt lat="41.022027963772416" lon="24.213045425713062">
        <ele>57.8</ele>
      </trkpt>
      <trkpt lat="41.02175647392869" lon="24.212883487343788">
        <ele>57.72</ele>
      </trkpt>
      <trkpt lat="41.02148490026593" lon="24.212721465155482">
        <ele>57.64</ele>
      </trkpt>
      <trkpt lat="41.02121114730835" lon="24.212558269500732">
        <ele>57.55</ele>
      </trkpt>
      <trkpt lat="41.02121123112738" lon="24.212558269500732">
        <ele>57.48</ele>
      </trkpt>
      <trkpt lat="41.02100746706128" lon="24.21244033612311">
        <ele>57.39</ele>
      </trkpt>
      <trkpt lat="41.020803451538086" lon="24.212322235107422">
        <ele>57.32</ele>
      </trkpt>
      <trkpt lat="41.02055341936648" lon="24.212215030565858">
        <ele>57.27</ele>
      </trkpt>
      <trkpt lat="41.02030338719487" lon="24.212107909843326">
        <ele>57.22</ele>
      </trkpt>
      <trkpt lat="41.02005251683295" lon="24.212000370025635">
        <ele>57.15</ele>
      </trkpt>
      <trkpt lat="41.01975244469941" lon="24.21190389432013">
        <ele>57.09</ele>
      </trkpt>
      <trkpt lat="41.01945161819458" lon="24.211807250976562">
        <ele>57.04</ele>
      </trkpt>
      <trkpt lat="41.01928020827472" lon="24.211785793304443">
        <ele>56.98</ele>
      </trkpt>
      <trkpt lat="41.019108379259706" lon="24.211764335632324">
        <ele>56.91</ele>
      </trkpt>
      <trkpt lat="41.01906546391547" lon="24.211764335632324">
        <ele>56.84</ele>
      </trkpt>
      <trkpt lat="41.01877972483635" lon="24.211764251813293">
        <ele>56.79</ele>
      </trkpt>
      <trkpt lat="41.01849406957626" lon="24.211764251813293">
        <ele>56.73</ele>
      </trkpt>
      <trkpt lat="41.01820707321167" lon="24.211764335632324">
        <ele>56.67</ele>
      </trkpt>
      <trkpt lat="41.01791781373322" lon="24.21178570948541">
        <ele>56.57</ele>
      </trkpt>
      <trkpt lat="41.017627799883485" lon="24.211807250976562">
        <ele>56.5</ele>
      </trkpt>
      <trkpt lat="41.017338456586" lon="24.211882185190916">
        <ele>56.48</ele>
      </trkpt>
      <trkpt lat="41.017048358917236" lon="24.211957454681396">
        <ele>56.44</ele>
      </trkpt>
      <trkpt lat="41.01675549522042" lon="24.212057450786233">
        <ele>56.38</ele>
      </trkpt>
      <trkpt lat="41.01646263152361" lon="24.21215744689107">
        <ele>56.35</ele>
      </trkpt>
      <trkpt lat="41.01616867817938" lon="24.212257862091064">
        <ele>56.29</ele>
      </trkpt>
      <trkpt lat="41.0159157961607" lon="24.212343525141478">
        <ele>56.25</ele>
      </trkpt>
      <trkpt lat="41.01566291414201" lon="24.212429272010922">
        <ele>56.25</ele>
      </trkpt>
      <trkpt lat="41.01541003212333" lon="24.212515018880367">
        <ele>56.2</ele>
      </trkpt>
      <trkpt lat="41.01515715010464" lon="24.21260068193078">
        <ele>56.15</ele>
      </trkpt>
      <trkpt lat="41.014902675524354" lon="24.212687015533447">
        <ele>56.12</ele>
      </trkpt>
      <trkpt lat="41.0146239772439" lon="24.21278340741992">
        <ele>56.17</ele>
      </trkpt>
      <trkpt lat="41.014344692230225" lon="24.21288013458252">
        <ele>56.17</ele>
      </trkpt>
      <trkpt lat="41.01408728398383" lon="24.213008880615234">
        <ele>56.13</ele>
      </trkpt>
      <trkpt lat="41.01387228816748" lon="24.213099153712392">
        <ele>56.06</ele>
      </trkpt>
      <trkpt lat="41.01365829817951" lon="24.213188840076327">
        <ele>56.02</ele>
      </trkpt>
      <trkpt lat="41.01365779526532" lon="24.213189091533422">
        <ele>56.0</ele>
      </trkpt>
      <trkpt lat="41.01365737617016" lon="24.213189342990518">
        <ele>55.97</ele>
      </trkpt>
      <trkpt lat="41.01365704089403" lon="24.21318951062858">
        <ele>55.95</ele>
      </trkpt>
      <trkpt lat="41.013656789436936" lon="24.213189678266644">
        <ele>55.92</ele>
      </trkpt>
      <trkpt lat="41.013442883268" lon="24.21327944844961">
        <ele>55.87</ele>
      </trkpt>
      <trkpt lat="41.01322897709906" lon="24.21336930245161">
        <ele>55.85</ele>
      </trkpt>
      <trkpt lat="41.01301440037787" lon="24.213459491729736">
        <ele>55.84</ele>
      </trkpt>
      <trkpt lat="41.012864112854004" lon="24.213459491729736">
        <ele>55.81</ele>
      </trkpt>
      <trkpt lat="41.01267099380493" lon="24.213287830352783">
        <ele>55.77</ele>
      </trkpt>
      <trkpt lat="41.012552892789245" lon="24.213116001337767">
        <ele>55.72</ele>
      </trkpt>
      <trkpt lat="41.01243495941162" lon="24.212944507598877">
        <ele>55.66</ele>
      </trkpt>
      <trkpt lat="41.01233823224902" lon="24.21272959560156">
        <ele>55.65</ele>
      </trkpt>
      <trkpt lat="41.01224184036255" lon="24.212515354156494">
        <ele>55.61</ele>
      </trkpt>
      <trkpt lat="41.01194151677191" lon="24.21262264251709">
        <ele>55.55</ele>
      </trkpt>
      <trkpt lat="41.01171285845339" lon="24.2127154301852">
        <ele>55.47</ele>
      </trkpt>
      <trkpt lat="41.01148420013487" lon="24.21280830167234">
        <ele>55.42</ele>
      </trkpt>
      <trkpt lat="41.01125478744507" lon="24.21290159225464">
        <ele>55.36</ele>
      </trkpt>
      <trkpt lat="41.01097592152655" lon="24.213051795959473">
        <ele>55.33</ele>
      </trkpt>
      <trkpt lat="41.01083409972489" lon="24.213330997154117">
        <ele>55.23</ele>
      </trkpt>
      <trkpt lat="41.01069236174226" lon="24.213610282167792">
        <ele>55.16</ele>
      </trkpt>
      <trkpt lat="41.010550539940596" lon="24.213889483362436">
        <ele>55.07</ele>
      </trkpt>
      <trkpt lat="41.010408801957965" lon="24.214168768376112">
        <ele>54.99</ele>
      </trkpt>
      <trkpt lat="41.01026781834662" lon="24.214446544647217">
        <ele>54.91</ele>
      </trkpt>
      <trkpt lat="41.01022490300238" lon="24.214532375335693">
        <ele>54.83</ele>
      </trkpt>
      <trkpt lat="41.010074531659484" lon="24.21480436809361">
        <ele>54.74</ele>
      </trkpt>
      <trkpt lat="41.00992416031659" lon="24.215076444670558">
        <ele>54.65</ele>
      </trkpt>
      <trkpt lat="41.00977429188788" lon="24.21534776687622">
        <ele>54.55</ele>
      </trkpt>
      <trkpt lat="41.00970991887152" lon="24.215476512908936">
        <ele>54.43</ele>
      </trkpt>
      <trkpt lat="41.00956658832729" lon="24.215834587812424">
        <ele>54.3</ele>
      </trkpt>
      <trkpt lat="41.00942334160209" lon="24.216192746534944">
        <ele>54.18</ele>
      </trkpt>
      <trkpt lat="41.00928076542914" lon="24.216549396514893">
        <ele>54.08</ele>
      </trkpt>
      <trkpt lat="41.00918403826654" lon="24.2167856823653">
        <ele>53.98</ele>
      </trkpt>
      <trkpt lat="41.00908764638007" lon="24.217021465301514">
        <ele>53.88</ele>
      </trkpt>
      <trkpt lat="41.00895864889026" lon="24.217336541041732">
        <ele>53.75</ele>
      </trkpt>
      <trkpt lat="41.00882973521948" lon="24.21765170060098">
        <ele>53.6</ele>
      </trkpt>
      <trkpt lat="41.00870132446289" lon="24.217965602874756">
        <ele>53.46</ele>
      </trkpt>
      <trkpt lat="41.00859395228326" lon="24.2181480769068">
        <ele>53.33</ele>
      </trkpt>
      <trkpt lat="41.00848683156073" lon="24.21833038330078">
        <ele>53.2</ele>
      </trkpt>
      <trkpt lat="41.00846537388861" lon="24.21837329864502">
        <ele>53.06</ele>
      </trkpt>
      <trkpt lat="41.008315086364746" lon="24.21857362613082">
        <ele>52.92</ele>
      </trkpt>
      <trkpt lat="41.00816479884088" lon="24.21877395361662">
        <ele>52.75</ele>
      </trkpt>
      <trkpt lat="41.00801476277411" lon="24.218974113464355">
        <ele>52.57</ele>
      </trkpt>
      <trkpt lat="41.007907474413514" lon="24.21912431716919">
        <ele>52.4</ele>
      </trkpt>
      <trkpt lat="41.00769273005426" lon="24.219417683780193">
        <ele>52.29</ele>
      </trkpt>
      <trkpt lat="41.007478069514036" lon="24.219711050391197">
        <ele>52.16</ele>
      </trkpt>
      <trkpt lat="41.00726374424994" lon="24.220004081726074">
        <ele>52.01</ele>
      </trkpt>
      <trkpt lat="41.007048999890685" lon="24.220304572954774">
        <ele>51.84</ele>
      </trkpt>
      <trkpt lat="41.00683459080756" lon="24.22060489654541">
        <ele>51.71</ele>
      </trkpt>
      <trkpt lat="41.00663057528436" lon="24.22088393010199">
        <ele>51.57</ele>
      </trkpt>
      <trkpt lat="41.00642689503729" lon="24.221162796020508">
        <ele>51.42</ele>
      </trkpt>
      <trkpt lat="41.006287252530456" lon="24.22134518623352">
        <ele>51.33</ele>
      </trkpt>
      <trkpt lat="41.00614786148071" lon="24.221527576446533">
        <ele>51.21</ele>
      </trkpt>
      <trkpt lat="41.00604057312012" lon="24.22163486480713">
        <ele>51.08</ele>
      </trkpt>
      <trkpt lat="41.00593336857855" lon="24.221677780151367">
        <ele>50.97</ele>
      </trkpt>
      <trkpt lat="41.00593328475952" lon="24.221677780151367">
        <ele>50.86</ele>
      </trkpt>
      <trkpt lat="41.00584753789008" lon="24.221699237823486">
        <ele>50.75</ele>
      </trkpt>
      <trkpt lat="41.005741422995925" lon="24.221720276400447">
        <ele>50.65</ele>
      </trkpt>
      <trkpt lat="41.005740920081735" lon="24.22172044403851">
        <ele>50.55</ele>
      </trkpt>
      <trkpt lat="41.00574058480561" lon="24.221720527857542">
        <ele>50.45</ele>
      </trkpt>
      <trkpt lat="41.00574033334851" lon="24.221720611676574">
        <ele>50.36</ele>
      </trkpt>
      <trkpt lat="41.00574016571045" lon="24.221720695495605">
        <ele>50.27</ele>
      </trkpt>
      <trkpt lat="41.005791714414954" lon="24.2220991384238">
        <ele>50.17</ele>
      </trkpt>
      <trkpt lat="41.00584334693849" lon="24.222477581351995">
        <ele>50.08</ele>
      </trkpt>
      <trkpt lat="41.00589497946203" lon="24.22285602428019">
        <ele>50.0</ele>
      </trkpt>
      <trkpt lat="41.005946611985564" lon="24.223234551027417">
        <ele>49.92</ele>
      </trkpt>
      <trkpt lat="41.00599765777588" lon="24.22360897064209">
        <ele>49.86</ele>
      </trkpt>
      <trkpt lat="41.00607284344733" lon="24.22397442162037">
        <ele>49.81</ele>
      </trkpt>
      <trkpt lat="41.00614786148071" lon="24.22433853149414">
        <ele>49.74</ele>
      </trkpt>
      <trkpt lat="41.00623377598822" lon="24.224625108763576">
        <ele>49.7</ele>
      </trkpt>
      <trkpt lat="41.00631977431476" lon="24.22491168603301">
        <ele>49.62</ele>
      </trkpt>
      <trkpt lat="41.00640535354614" lon="24.225196838378906">
        <ele>49.57</ele>
      </trkpt>
      <trkpt lat="41.00653854198754" lon="24.225558936595917">
        <ele>49.52</ele>
      </trkpt>
      <trkpt lat="41.006671814247966" lon="24.225921034812927">
        <ele>49.46</ele>
      </trkpt>
      <trkpt lat="41.00680508650839" lon="24.226283133029938">
        <ele>49.41</ele>
      </trkpt>
      <trkpt lat="41.00693835876882" lon="24.22664523124695">
        <ele>49.38</ele>
      </trkpt>
      <trkpt lat="41.00707163102925" lon="24.22700732946396">
        <ele>49.35</ele>
      </trkpt>
      <trkpt lat="41.007204819470644" lon="24.22736942768097">
        <ele>49.35</ele>
      </trkpt>
      <trkpt lat="41.00733809173107" lon="24.22773152589798">
        <ele>49.34</ele>
      </trkpt>
      <trkpt lat="41.0074713639915" lon="24.22809362411499">
        <ele>49.32</ele>
      </trkpt>
      <trkpt lat="41.007604636251926" lon="24.228455722332">
        <ele>49.3</ele>
      </trkpt>
      <trkpt lat="41.007737908512354" lon="24.22881782054901">
        <ele>49.3</ele>
      </trkpt>
      <trkpt lat="41.00787109695375" lon="24.22917991876602">
        <ele>49.32</ele>
      </trkpt>
      <trkpt lat="41.00800436921418" lon="24.229542100802064">
        <ele>49.32</ele>
      </trkpt>
      <trkpt lat="41.008137641474605" lon="24.229904199019074">
        <ele>49.29</ele>
      </trkpt>
      <trkpt lat="41.00827091373503" lon="24.230266297236085">
        <ele>49.26</ele>
      </trkpt>
      <trkpt lat="41.00840418599546" lon="24.230628395453095">
        <ele>49.26</ele>
      </trkpt>
      <trkpt lat="41.008537374436855" lon="24.230990493670106">
        <ele>49.31</ele>
      </trkpt>
      <trkpt lat="41.00867064669728" lon="24.231352591887116">
        <ele>49.34</ele>
      </trkpt>
      <trkpt lat="41.00880391895771" lon="24.23171477392316">
        <ele>49.33</ele>
      </trkpt>
      <trkpt lat="41.00893719121814" lon="24.23207687214017">
        <ele>49.32</ele>
      </trkpt>
      <trkpt lat="41.00906618870795" lon="24.232428073883057">
        <ele>49.35</ele>
      </trkpt>
      <trkpt lat="41.009066104888916" lon="24.232428073883057">
        <ele>49.37</ele>
      </trkpt>
      <trkpt lat="41.009152019396424" lon="24.232664108276367">
        <ele>49.39</ele>
      </trkpt>
      <trkpt lat="41.00915193557739" lon="24.232664108276367">
        <ele>49.42</ele>
      </trkpt>
      <trkpt lat="41.00928797386587" lon="24.23302042298019">
        <ele>49.45</ele>
      </trkpt>
      <trkpt lat="41.00942409597337" lon="24.233376821503043">
        <ele>49.5</ele>
      </trkpt>
      <trkpt lat="41.00956021808088" lon="24.233733136206865">
        <ele>49.55</ele>
      </trkpt>
      <trkpt lat="41.009696340188384" lon="24.23408953472972">
        <ele>49.59</ele>
      </trkpt>
      <trkpt lat="41.00983246229589" lon="24.23444584943354">
        <ele>49.65</ele>
      </trkpt>
      <trkpt lat="41.009968500584364" lon="24.234802247956395">
        <ele>49.71</ele>
      </trkpt>
      <trkpt lat="41.01010462269187" lon="24.23515864647925">
        <ele>49.76</ele>
      </trkpt>
      <trkpt lat="41.010240744799376" lon="24.23551496118307">
        <ele>49.77</ele>
      </trkpt>
      <trkpt lat="41.01037686690688" lon="24.235871359705925">
        <ele>49.78</ele>
      </trkpt>
      <trkpt lat="41.01051298901439" lon="24.23622775822878">
        <ele>49.79</ele>
      </trkpt>
      <trkpt lat="41.01064911112189" lon="24.2365840729326">
        <ele>49.82</ele>
      </trkpt>
      <trkpt lat="41.01078271865845" lon="24.236934185028076">
        <ele>49.86</ele>
      </trkpt>
      <trkpt lat="41.010884726420045" lon="24.237218918278813">
        <ele>49.91</ele>
      </trkpt>
      <trkpt lat="41.010986818000674" lon="24.23750365152955">
        <ele>49.97</ele>
      </trkpt>
      <trkpt lat="41.011088909581304" lon="24.23778846859932">
        <ele>50.01</ele>
      </trkpt>
      <trkpt lat="41.01119041442871" lon="24.23807144165039">
        <ele>50.04</ele>
      </trkpt>
      <trkpt lat="41.01126207970083" lon="24.238451225683093">
        <ele>50.08</ele>
      </trkpt>
      <trkpt lat="41.011333744972944" lon="24.238831093534827">
        <ele>50.12</ele>
      </trkpt>
      <trkpt lat="41.0114049911499" lon="24.239208698272705">
        <ele>50.18</ele>
      </trkpt>
      <trkpt lat="41.011419324204326" lon="24.23952410928905">
        <ele>50.21</ele>
      </trkpt>
      <trkpt lat="41.01143365725875" lon="24.239839520305395">
        <ele>50.22</ele>
      </trkpt>
      <trkpt lat="41.01144790649414" lon="24.240152835845947">
        <ele>50.24</ele>
      </trkpt>
      <trkpt lat="41.01141915656626" lon="24.240504037588835">
        <ele>50.24</ele>
      </trkpt>
      <trkpt lat="41.011390490457416" lon="24.240855323150754">
        <ele>50.32</ele>
      </trkpt>
      <trkpt lat="41.011362075805664" lon="24.241204261779785">
        <ele>50.37</ele>
      </trkpt>
      <trkpt lat="41.01128320209682" lon="24.241569712758064">
        <ele>50.44</ele>
      </trkpt>
      <trkpt lat="41.01120441220701" lon="24.241935247555375">
        <ele>50.48</ele>
      </trkpt>
      <trkpt lat="41.011126125231385" lon="24.24229860305786">
        <ele>50.51</ele>
      </trkpt>
      <trkpt lat="41.01112604141235" lon="24.24229860305786">
        <ele>50.53</ele>
      </trkpt>
      <trkpt lat="41.011097291484475" lon="24.242707137018442">
        <ele>50.54</ele>
      </trkpt>
      <trkpt lat="41.01106862537563" lon="24.243115754798055">
        <ele>50.54</ele>
      </trkpt>
      <trkpt lat="41.01104021072388" lon="24.243521690368652">
        <ele>50.53</ele>
      </trkpt>
      <trkpt lat="41.011061668395996" lon="24.243898037821054">
        <ele>50.57</ele>
      </trkpt>
      <trkpt lat="41.011083126068115" lon="24.244272708892822">
        <ele>50.57</ele>
      </trkpt>
      <trkpt lat="41.01112185046077" lon="24.24464251846075">
        <ele>50.56</ele>
      </trkpt>
      <trkpt lat="41.01116057485342" lon="24.24501241184771">
        <ele>50.59</ele>
      </trkpt>
      <trkpt lat="41.01119929924607" lon="24.24538230523467">
        <ele>50.58</ele>
      </trkpt>
      <trkpt lat="41.011238023638725" lon="24.24575219862163">
        <ele>50.58</ele>
      </trkpt>
      <trkpt lat="41.01127632893622" lon="24.24611806869507">
        <ele>50.64</ele>
      </trkpt>
      <trkpt lat="41.01132284849882" lon="24.24649433232844">
        <ele>50.68</ele>
      </trkpt>
      <trkpt lat="41.011369451880455" lon="24.24687067978084">
        <ele>50.7</ele>
      </trkpt>
      <trkpt lat="41.01141605526209" lon="24.247247027233243">
        <ele>50.73</ele>
      </trkpt>
      <trkpt lat="41.01146257482469" lon="24.247623374685645">
        <ele>50.7</ele>
      </trkpt>
      <trkpt lat="41.011509178206325" lon="24.247999638319016">
        <ele>50.71</ele>
      </trkpt>
      <trkpt lat="41.011555194854736" lon="24.248371124267578">
        <ele>50.68</ele>
      </trkpt>
      <trkpt lat="41.011587381362915" lon="24.2487689293921">
        <ele>50.69</ele>
      </trkpt>
      <trkpt lat="41.011619567871094" lon="24.249165058135986">
        <ele>50.71</ele>
      </trkpt>
      <trkpt lat="41.011619567871094" lon="24.249530592933297">
        <ele>50.74</ele>
      </trkpt>
      <trkpt lat="41.011619651690125" lon="24.249894618988037">
        <ele>50.75</ele>
      </trkpt>
      <trkpt lat="41.01160523481667" lon="24.250210030004382">
        <ele>50.75</ele>
      </trkpt>
      <trkpt lat="41.01159090176225" lon="24.250525441020727">
        <ele>50.76</ele>
      </trkpt>
      <trkpt lat="41.011576652526855" lon="24.25083875656128">
        <ele>50.8</ele>
      </trkpt>
      <trkpt lat="41.0115157160908" lon="24.251197082921863">
        <ele>50.79</ele>
      </trkpt>
      <trkpt lat="41.01145477965474" lon="24.251555493101478">
        <ele>50.76</ele>
      </trkpt>
      <trkpt lat="41.011393843218684" lon="24.25191381946206">
        <ele>50.78</ele>
      </trkpt>
      <trkpt lat="41.01133290678263" lon="24.252272229641676">
        <ele>50.81</ele>
      </trkpt>
      <trkpt lat="41.01127197034657" lon="24.25263063982129">
        <ele>50.81</ele>
      </trkpt>
      <trkpt lat="41.01121187210083" lon="24.252984523773193">
        <ele>50.78</ele>
      </trkpt>
      <trkpt lat="41.0112046636641" lon="24.2534002661705">
        <ele>50.82</ele>
      </trkpt>
      <trkpt lat="41.011197455227375" lon="24.25381609238684">
        <ele>50.84</ele>
      </trkpt>
      <trkpt lat="41.01119041442871" lon="24.254229068756104">
        <ele>50.83</ele>
      </trkpt>
      <trkpt lat="41.011247746646404" lon="24.25460172817111">
        <ele>50.8</ele>
      </trkpt>
      <trkpt lat="41.0113050788641" lon="24.25497447140515">
        <ele>50.85</ele>
      </trkpt>
      <trkpt lat="41.011362159624696" lon="24.2553448677063">
        <ele>50.9</ele>
      </trkpt>
      <trkpt lat="41.011362075805664" lon="24.2553448677063">
        <ele>50.92</ele>
      </trkpt>
      <trkpt lat="41.011458802968264" lon="24.255688777193427">
        <ele>50.94</ele>
      </trkpt>
      <trkpt lat="41.011555194854736" lon="24.25603151321411">
        <ele>50.95</ele>
      </trkpt>
      <trkpt lat="41.011646557599306" lon="24.2563861515373">
        <ele>50.97</ele>
      </trkpt>
      <trkpt lat="41.011737920343876" lon="24.25674087367952">
        <ele>50.93</ele>
      </trkpt>
      <trkpt lat="41.011829283088446" lon="24.25709559582174">
        <ele>50.92</ele>
      </trkpt>
      <trkpt lat="41.01192005909979" lon="24.257447719573975">
        <ele>50.98</ele>
      </trkpt>
      <trkpt lat="41.0120059736073" lon="24.257791629061103">
        <ele>51.05</ele>
      </trkpt>
      <trkpt lat="41.01209197193384" lon="24.258135622367263">
        <ele>51.1</ele>
      </trkpt>
      <trkpt lat="41.01217797026038" lon="24.258479615673423">
        <ele>51.11</ele>
      </trkpt>
      <trkpt lat="41.0122633818537" lon="24.2588210105896">
        <ele>51.15</ele>
      </trkpt>
      <trkpt lat="41.01235197857022" lon="24.259178414940834">
        <ele>51.21</ele>
      </trkpt>
      <trkpt lat="41.01244065910578" lon="24.25953581929207">
        <ele>51.22</ele>
      </trkpt>
      <trkpt lat="41.01252933964133" lon="24.259893223643303">
        <ele>51.23</ele>
      </trkpt>
      <trkpt lat="41.01261802017689" lon="24.260250627994537">
        <ele>51.26</ele>
      </trkpt>
      <trkpt lat="41.01270670071244" lon="24.260608032345772">
        <ele>51.28</ele>
      </trkpt>
      <trkpt lat="41.012795381248" lon="24.260965436697006">
        <ele>51.29</ele>
      </trkpt>
      <trkpt lat="41.01288406178355" lon="24.26132284104824">
        <ele>51.36</ele>
      </trkpt>
      <trkpt lat="41.0129714012146" lon="24.261674880981445">
        <ele>51.42</ele>
      </trkpt>
      <trkpt lat="41.01302873343229" lon="24.262004541233182">
        <ele>51.44</ele>
      </trkpt>
      <trkpt lat="41.013086065649986" lon="24.26233428530395">
        <ele>51.45</ele>
      </trkpt>
      <trkpt lat="41.01314306259155" lon="24.262661933898926">
        <ele>51.47</ele>
      </trkpt>
      <trkpt lat="41.01318606175482" lon="24.262973740696907">
        <ele>51.45</ele>
      </trkpt>
      <trkpt lat="41.01322897709906" lon="24.26328420639038">
        <ele>51.48</ele>
      </trkpt>
      <trkpt lat="41.01322889328003" lon="24.26328420639038">
        <ele>51.48</ele>
      </trkpt>
      <trkpt lat="41.01324171759188" lon="24.263619650155306">
        <ele>51.48</ele>
      </trkpt>
      <trkpt lat="41.013254625722766" lon="24.263955177739263">
        <ele>51.45</ele>
      </trkpt>
      <trkpt lat="41.01326753385365" lon="24.26429070532322">
        <ele>51.45</ele>
      </trkpt>
      <trkpt lat="41.013280441984534" lon="24.264626149088144">
        <ele>51.42</ele>
      </trkpt>
      <trkpt lat="41.01329326629639" lon="24.264957904815674">
        <ele>51.38</ele>
      </trkpt>
      <trkpt lat="41.013269796967506" lon="24.265359565615654">
        <ele>51.37</ele>
      </trkpt>
      <trkpt lat="41.013246327638626" lon="24.265761310234666">
        <ele>51.36</ele>
      </trkpt>
      <trkpt lat="41.013222858309746" lon="24.266162971034646">
        <ele>51.4</ele>
      </trkpt>
      <trkpt lat="41.013199388980865" lon="24.266564715653658">
        <ele>51.4</ele>
      </trkpt>
      <trkpt lat="41.013175919651985" lon="24.266966376453638">
        <ele>51.39</ele>
      </trkpt>
      <trkpt lat="41.013152450323105" lon="24.26736812107265">
        <ele>51.34</ele>
      </trkpt>
      <trkpt lat="41.013128980994225" lon="24.26776978187263">
        <ele>51.29</ele>
      </trkpt>
      <trkpt lat="41.013105511665344" lon="24.268171526491642">
        <ele>51.29</ele>
      </trkpt>
      <trkpt lat="41.013082042336464" lon="24.268573187291622">
        <ele>51.28</ele>
      </trkpt>
      <trkpt lat="41.013058573007584" lon="24.268974931910634">
        <ele>51.25</ele>
      </trkpt>
      <trkpt lat="41.0130351036787" lon="24.269376592710614">
        <ele>51.23</ele>
      </trkpt>
      <trkpt lat="41.01301163434982" lon="24.269778337329626">
        <ele>51.23</ele>
      </trkpt>
      <trkpt lat="41.01298816502094" lon="24.270180081948638">
        <ele>51.23</ele>
      </trkpt>
      <trkpt lat="41.01296469569206" lon="24.270581742748618">
        <ele>51.21</ele>
      </trkpt>
      <trkpt lat="41.01294122636318" lon="24.27098348736763">
        <ele>51.2</ele>
      </trkpt>
      <trkpt lat="41.0129177570343" lon="24.27138514816761">
        <ele>51.17</ele>
      </trkpt>
      <trkpt lat="41.01289428770542" lon="24.271786892786622">
        <ele>51.13</ele>
      </trkpt>
      <trkpt lat="41.01287081837654" lon="24.272188553586602">
        <ele>51.1</ele>
      </trkpt>
      <trkpt lat="41.01284734904766" lon="24.272590298205614">
        <ele>51.09</ele>
      </trkpt>
      <trkpt lat="41.01282387971878" lon="24.272991959005594">
        <ele>51.08</ele>
      </trkpt>
      <trkpt lat="41.0128004103899" lon="24.273393703624606">
        <ele>51.05</ele>
      </trkpt>
      <trkpt lat="41.01277702488005" lon="24.273795364424586">
        <ele>51.01</ele>
      </trkpt>
      <trkpt lat="41.01275355555117" lon="24.274197109043598">
        <ele>50.97</ele>
      </trkpt>
      <trkpt lat="41.01273008622229" lon="24.27459876984358">
        <ele>50.96</ele>
      </trkpt>
      <trkpt lat="41.01270720362663" lon="24.27497997879982">
        <ele>50.92</ele>
      </trkpt>
      <trkpt lat="41.012707287445664" lon="24.274979643523693">
        <ele>50.9</ele>
      </trkpt>
      <trkpt lat="41.012707371264696" lon="24.274979140609503">
        <ele>50.88</ele>
      </trkpt>
      <trkpt lat="41.01270745508373" lon="24.274978637695312">
        <ele>50.86</ele>
      </trkpt>
      <trkpt lat="41.01270753890276" lon="24.274977799504995">
        <ele>50.84</ele>
      </trkpt>
      <trkpt lat="41.01270753890276" lon="24.274977715685964">
        <ele>50.83</ele>
      </trkpt>
      <trkpt lat="41.01269253529608" lon="24.275236129760742">
        <ele>50.82</ele>
      </trkpt>
      <trkpt lat="41.01267107762396" lon="24.27553653717041">
        <ele>50.81</ele>
      </trkpt>
      <trkpt lat="41.012628162279725" lon="24.27579402923584">
        <ele>50.8</ele>
      </trkpt>
      <trkpt lat="41.012628162279725" lon="24.275836944580078">
        <ele>50.8</ele>
      </trkpt>
      <trkpt lat="41.012563705444336" lon="24.276137351989746">
        <ele>50.85</ele>
      </trkpt>
      <trkpt lat="41.01247787475586" lon="24.27607297897339">
        <ele>50.83</ele>
      </trkpt>
      <trkpt lat="41.0124135017395" lon="24.276416301727295">
        <ele>50.86</ele>
      </trkpt>
      <trkpt lat="41.01239204406738" lon="24.27680253982544">
        <ele>50.86</ele>
      </trkpt>
      <trkpt lat="41.012306213378906" lon="24.276974201202393">
        <ele>50.86</ele>
      </trkpt>
      <trkpt lat="41.01201678626239" lon="24.277118872851133">
        <ele>50.83</ele>
      </trkpt>
      <trkpt lat="41.01172744296491" lon="24.277263544499874">
        <ele>50.85</ele>
      </trkpt>
      <trkpt lat="41.01143809966743" lon="24.277408216148615">
        <ele>50.88</ele>
      </trkpt>
      <trkpt lat="41.01114749908447" lon="24.27755355834961">
        <ele>50.92</ele>
      </trkpt>
      <trkpt lat="41.01093292236328" lon="24.277617931365967">
        <ele>50.95</ele>
      </trkpt>
      <trkpt lat="41.01062513887882" lon="24.277613991871476">
        <ele>50.98</ele>
      </trkpt>
      <trkpt lat="41.010317439213395" lon="24.277610136196017">
        <ele>51.04</ele>
      </trkpt>
      <trkpt lat="41.010009655728936" lon="24.277606196701527">
        <ele>51.08</ele>
      </trkpt>
      <trkpt lat="41.00970195606351" lon="24.277602341026068">
        <ele>51.11</ele>
      </trkpt>
      <trkpt lat="41.00939425639808" lon="24.277598401531577">
        <ele>51.16</ele>
      </trkpt>
      <trkpt lat="41.00908647291362" lon="24.277594545856118">
        <ele>51.23</ele>
      </trkpt>
      <trkpt lat="41.008778773248196" lon="24.277590606361628">
        <ele>51.31</ele>
      </trkpt>
      <trkpt lat="41.00847098976374" lon="24.27758675068617">
        <ele>51.41</ele>
      </trkpt>
      <trkpt lat="41.00816329009831" lon="24.277582811191678">
        <ele>51.5</ele>
      </trkpt>
      <trkpt lat="41.00785559043288" lon="24.27757895551622">
        <ele>51.61</ele>
      </trkpt>
      <trkpt lat="41.00754261016846" lon="24.27757501602173">
        <ele>51.72</ele>
      </trkpt>
      <trkpt lat="41.007521068677306" lon="24.27779001183808">
        <ele>51.85</ele>
      </trkpt>
      <trkpt lat="41.00749969482422" lon="24.27800416946411">
        <ele>51.98</ele>
      </trkpt>
      <trkpt lat="41.00752115249634" lon="24.27828311920166">
        <ele>52.11</ele>
      </trkpt>
      <trkpt lat="41.00756415165961" lon="24.27858411334455">
        <ele>52.28</ele>
      </trkpt>
      <trkpt lat="41.007606983184814" lon="24.278883934020996">
        <ele>52.46</ele>
      </trkpt>
      <trkpt lat="41.007671440020204" lon="24.279098846018314">
        <ele>52.65</ele>
      </trkpt>
      <trkpt lat="41.00773572921753" lon="24.27931308746338">
        <ele>52.86</ele>
      </trkpt>
      <trkpt lat="41.00775718688965" lon="24.279398918151855">
        <ele>53.06</ele>
      </trkpt>
      <trkpt lat="41.00769281387329" lon="24.279592037200928">
        <ele>53.3</ele>
      </trkpt>
      <trkpt lat="41.00747094489634" lon="24.279878195375204">
        <ele>53.53</ele>
      </trkpt>
      <trkpt lat="41.00724915973842" lon="24.28016435354948">
        <ele>53.71</ele>
      </trkpt>
      <trkpt lat="41.0070276260376" lon="24.280450344085693">
        <ele>53.92</ele>
      </trkpt>
      <trkpt lat="41.0068825352937" lon="24.28077799268067">
        <ele>54.22</ele>
      </trkpt>
      <trkpt lat="41.00673752836883" lon="24.281105641275644">
        <ele>54.51</ele>
      </trkpt>
      <trkpt lat="41.00659252144396" lon="24.28143328987062">
        <ele>54.76</ele>
      </trkpt>
      <trkpt lat="41.00644826889038" lon="24.28175926208496">
        <ele>55.02</ele>
      </trkpt>
      <trkpt lat="41.00634072907269" lon="24.28212462924421">
        <ele>55.33</ele>
      </trkpt>
      <trkpt lat="41.00623369216919" lon="24.28248882293701">
        <ele>55.64</ele>
      </trkpt>
      <trkpt lat="41.00616915151477" lon="24.28281127475202">
        <ele>55.93</ele>
      </trkpt>
      <trkpt lat="41.006104946136475" lon="24.283132553100586">
        <ele>56.22</ele>
      </trkpt>
      <trkpt lat="41.00609052926302" lon="24.283455088734627">
        <ele>56.51</ele>
      </trkpt>
      <trkpt lat="41.006076196208596" lon="24.2837777081877">
        <ele>56.85</ele>
      </trkpt>
      <trkpt lat="41.006062030792236" lon="24.284098148345947">
        <ele>57.18</ele>
      </trkpt>
      <trkpt lat="41.00606697611511" lon="24.284490253776312">
        <ele>57.52</ele>
      </trkpt>
      <trkpt lat="41.00607200525701" lon="24.284882443025708">
        <ele>57.87</ele>
      </trkpt>
      <trkpt lat="41.00607703439891" lon="24.285274548456073">
        <ele>58.29</ele>
      </trkpt>
      <trkpt lat="41.006082063540816" lon="24.285665480419993">
        <ele>58.63</ele>
      </trkpt>
      <trkpt lat="41.006082063540816" lon="24.285665145143867">
        <ele>58.97</ele>
      </trkpt>
      <trkpt lat="41.006082063540816" lon="24.285664558410645">
        <ele>59.3</ele>
      </trkpt>
      <trkpt lat="41.006082063540816" lon="24.285664055496454">
        <ele>59.64</ele>
      </trkpt>
      <trkpt lat="41.006082063540816" lon="24.285663217306137">
        <ele>59.98</ele>
      </trkpt>
      <trkpt lat="41.006083488464355" lon="24.28577184677124">
        <ele>60.33</ele>
      </trkpt>
      <trkpt lat="41.00629806518555" lon="24.28579330444336">
        <ele>60.72</ele>
      </trkpt>
      <trkpt lat="41.00640535354614" lon="24.28579330444336">
        <ele>61.07</ele>
      </trkpt>
      <trkpt lat="41.00640535354614" lon="24.28615883924067">
        <ele>61.39</ele>
      </trkpt>
      <trkpt lat="41.00640535354614" lon="24.286524457857013">
        <ele>61.73</ele>
      </trkpt>
      <trkpt lat="41.00640535354614" lon="24.286890076473355">
        <ele>62.09</ele>
      </trkpt>
      <trkpt lat="41.00640535354614" lon="24.28725242614746">
        <ele>62.5</ele>
      </trkpt>
      <trkpt lat="41.00640635937452" lon="24.2872710339725">
        <ele>62.85</ele>
      </trkpt>
      <trkpt lat="41.006406443193555" lon="24.28727145306766">
        <ele>63.2</ele>
      </trkpt>
      <trkpt lat="41.00640652701259" lon="24.287271704524755">
        <ele>63.56</ele>
      </trkpt>
      <trkpt lat="41.00640661083162" lon="24.28727195598185">
        <ele>63.92</ele>
      </trkpt>
      <trkpt lat="41.00640669465065" lon="24.287272039800882">
        <ele>64.27</ele>
      </trkpt>
      <trkpt lat="41.00640669465065" lon="24.287272123619914">
        <ele>64.63</ele>
      </trkpt>
      <trkpt lat="41.00642681121826" lon="24.287574291229248">
        <ele>65.0</ele>
      </trkpt>
      <trkpt lat="41.0064697265625" lon="24.287681579589844">
        <ele>65.38</ele>
      </trkpt>
      <trkpt lat="41.00655555725098" lon="24.2877459526062">
        <ele>65.74</ele>
      </trkpt>
      <trkpt lat="41.00668430328369" lon="24.2877459526062">
        <ele>66.1</ele>
      </trkpt>
      <trkpt lat="41.00694137625396" lon="24.2877459526062">
        <ele>66.46</ele>
      </trkpt>
      <trkpt lat="41.007198449224234" lon="24.2877459526062">
        <ele>66.83</ele>
      </trkpt>
      <trkpt lat="41.007455522194505" lon="24.2877459526062">
        <ele>67.22</ele>
      </trkpt>
      <trkpt lat="41.00771427154541" lon="24.2877459526062">
        <ele>67.63</ele>
      </trkpt>
      <trkpt lat="41.00773581303656" lon="24.287939071655273">
        <ele>68.01</ele>
      </trkpt>
      <trkpt lat="41.00799288600683" lon="24.287930438295007">
        <ele>68.42</ele>
      </trkpt>
      <trkpt lat="41.0082499589771" lon="24.287921888753772">
        <ele>68.81</ele>
      </trkpt>
      <trkpt lat="41.008507031947374" lon="24.287913339212537">
        <ele>69.2</ele>
      </trkpt>
      <trkpt lat="41.008764104917645" lon="24.287904789671302">
        <ele>69.6</ele>
      </trkpt>
      <trkpt lat="41.00902318954468" lon="24.287896156311035">
        <ele>70.02</ele>
      </trkpt>
      <trkpt lat="41.00924220867455" lon="24.287923481315374">
        <ele>70.41</ele>
      </trkpt>
      <trkpt lat="41.00945929996669" lon="24.28795055486262">
        <ele>70.82</ele>
      </trkpt>
      <trkpt lat="41.00946005433798" lon="24.287950722500682">
        <ele>71.2</ele>
      </trkpt>
      <trkpt lat="41.00946072489023" lon="24.287950806319714">
        <ele>71.58</ele>
      </trkpt>
      <trkpt lat="41.009461395442486" lon="24.287950890138745">
        <ele>71.95</ele>
      </trkpt>
      <trkpt lat="41.009461898356676" lon="24.287950973957777">
        <ele>72.32</ele>
      </trkpt>
      <trkpt lat="41.00970991887152" lon="24.28798198699951">
        <ele>72.7</ele>
      </trkpt>
      <trkpt lat="41.009860122576356" lon="24.28802490234375">
        <ele>73.06</ele>
      </trkpt>
      <trkpt lat="41.01017075590789" lon="24.288089107722044">
        <ele>73.45</ele>
      </trkpt>
      <trkpt lat="41.01048239506781" lon="24.288153648376465">
        <ele>73.85</ele>
      </trkpt>
      <trkpt lat="41.01075011305511" lon="24.28820720873773">
        <ele>74.19</ele>
      </trkpt>
      <trkpt lat="41.01101875305176" lon="24.28826093673706">
        <ele>74.52</ele>
      </trkpt>
      <trkpt lat="41.01123332977295" lon="24.288389682769775">
        <ele>74.85</ele>
      </trkpt>
      <trkpt lat="41.01131924428046" lon="24.288604259490967">
        <ele>75.18</ele>
      </trkpt>
      <trkpt lat="41.01131924428046" lon="24.28879737854004">
        <ele>75.47</ele>
      </trkpt>
      <trkpt lat="41.01131924428046" lon="24.288926124572754">
        <ele>75.73</ele>
      </trkpt>
      <trkpt lat="41.01131924428046" lon="24.289205661043525">
        <ele>75.99</ele>
      </trkpt>
      <trkpt lat="41.01131924428046" lon="24.289485281333327">
        <ele>76.22</ele>
      </trkpt>
      <trkpt lat="41.01131924428046" lon="24.2897629737854">
        <ele>76.41</ele>
      </trkpt>
      <trkpt lat="41.011319160461426" lon="24.290021052584052">
        <ele>76.58</ele>
      </trkpt>
      <trkpt lat="41.011319160461426" lon="24.29027795791626">
        <ele>76.73</ele>
      </trkpt>
      <trkpt lat="41.01127632893622" lon="24.290621280670166">
        <ele>76.89</ele>
      </trkpt>
      <trkpt lat="41.01122612133622" lon="24.290929483249784">
        <ele>77.01</ele>
      </trkpt>
      <trkpt lat="41.011175913736224" lon="24.2912376858294">
        <ele>77.08</ele>
      </trkpt>
      <trkpt lat="41.01112604141235" lon="24.29154396057129">
        <ele>77.15</ele>
      </trkpt>
      <trkpt lat="41.01105077192187" lon="24.291801871731877">
        <ele>77.2</ele>
      </trkpt>
      <trkpt lat="41.01097592152655" lon="24.29205894470215">
        <ele>77.18</ele>
      </trkpt>
      <trkpt lat="41.0108576528728" lon="24.292402770370245">
        <ele>77.11</ele>
      </trkpt>
      <trkpt lat="41.01073988713324" lon="24.29274559020996">
        <ele>77.04</ele>
      </trkpt>
      <trkpt lat="41.010589599609375" lon="24.29304599761963">
        <ele>76.97</ele>
      </trkpt>
      <trkpt lat="41.01058968342841" lon="24.29304599761963">
        <ele>76.91</ele>
      </trkpt>
      <trkpt lat="41.010418022051454" lon="24.293367862701416">
        <ele>76.84</ele>
      </trkpt>
      <trkpt lat="41.010375022888184" lon="24.29347515106201">
        <ele>76.77</ele>
      </trkpt>
      <trkpt lat="41.01016027852893" lon="24.293764913454652">
        <ele>76.7</ele>
      </trkpt>
      <trkpt lat="41.0099458694458" lon="24.29405450820923">
        <ele>76.57</ele>
      </trkpt>
      <trkpt lat="41.00994595326483" lon="24.29405450820923">
        <ele>76.44</ele>
      </trkpt>
      <trkpt lat="41.00983866490424" lon="24.29422616958618">
        <ele>76.29</ele>
      </trkpt>
      <trkpt lat="41.00970983505249" lon="24.294419372454286">
        <ele>76.11</ele>
      </trkpt>
      <trkpt lat="41.00958117283881" lon="24.294612407684326">
        <ele>75.93</ele>
      </trkpt>
      <trkpt lat="41.00945242680609" lon="24.29478406906128">
        <ele>75.74</ele>
      </trkpt>
      <trkpt lat="41.00926626473665" lon="24.295070311054587">
        <ele>75.55</ele>
      </trkpt>
      <trkpt lat="41.009080186486244" lon="24.295356636866927">
        <ele>75.38</ele>
      </trkpt>
      <trkpt lat="41.008894527330995" lon="24.295642375946045">
        <ele>75.17</ele>
      </trkpt>
      <trkpt lat="41.00873342715204" lon="24.295878494158387">
        <ele>74.96</ele>
      </trkpt>
      <trkpt lat="41.00857266224921" lon="24.296114444732666">
        <ele>74.78</ele>
      </trkpt>
      <trkpt lat="41.008401000872254" lon="24.296350479125977">
        <ele>74.59</ele>
      </trkpt>
      <trkpt lat="41.00836889818311" lon="24.296393813565373">
        <ele>74.43</ele>
      </trkpt>
      <trkpt lat="41.00836856290698" lon="24.296394400298595">
        <ele>74.26</ele>
      </trkpt>
      <trkpt lat="41.00836839526892" lon="24.296394819393754">
        <ele>74.11</ele>
      </trkpt>
      <trkpt lat="41.00836814381182" lon="24.296395322307944">
        <ele>73.95</ele>
      </trkpt>
      <trkpt lat="41.00836814381182" lon="24.296395489946008">
        <ele>73.8</ele>
      </trkpt>
      <trkpt lat="41.00822925567627" lon="24.296586513519287">
        <ele>73.66</ele>
      </trkpt>
      <trkpt lat="41.00842958316207" lon="24.296822547912598">
        <ele>73.54</ele>
      </trkpt>
      <trkpt lat="41.00862991064787" lon="24.297058582305908">
        <ele>73.42</ele>
      </trkpt>
      <trkpt lat="41.00883015431464" lon="24.29729461669922">
        <ele>73.28</ele>
      </trkpt>
      <trkpt lat="41.00900173187256" lon="24.29750919342041">
        <ele>73.12</ele>
      </trkpt>
      <trkpt lat="41.00921630859375" lon="24.29775595664978">
        <ele>72.98</ele>
      </trkpt>
      <trkpt lat="41.00943096913397" lon="24.29800271987915">
        <ele>72.87</ele>
      </trkpt>
      <trkpt lat="41.00949534215033" lon="24.298110008239746">
        <ele>72.75</ele>
      </trkpt>
      <trkpt lat="41.00967412814498" lon="24.29831737652421">
        <ele>72.63</ele>
      </trkpt>
      <trkpt lat="41.00985299795866" lon="24.298524828627706">
        <ele>72.52</ele>
      </trkpt>
      <trkpt lat="41.01003178395331" lon="24.2987322807312">
        <ele>72.38</ele>
      </trkpt>
      <trkpt lat="41.01003170013428" lon="24.2987322807312">
        <ele>72.23</ele>
      </trkpt>
      <trkpt lat="41.01022481918335" lon="24.298961190506816">
        <ele>72.08</ele>
      </trkpt>
      <trkpt lat="41.010418022051454" lon="24.29919010028243">
        <ele>71.92</ele>
      </trkpt>
      <trkpt lat="41.010611141100526" lon="24.299418926239014">
        <ele>71.76</ele>
      </trkpt>
      <trkpt lat="41.0108042601496" lon="24.299654960632324">
        <ele>71.61</ele>
      </trkpt>
      <trkpt lat="41.01099737919867" lon="24.299891078844666">
        <ele>71.46</ele>
      </trkpt>
      <trkpt lat="41.01119049824774" lon="24.300127029418945">
        <ele>71.27</ele>
      </trkpt>
      <trkpt lat="41.011405074968934" lon="24.300379157066345">
        <ele>71.08</ele>
      </trkpt>
      <trkpt lat="41.011619651690125" lon="24.300631284713745">
        <ele>70.87</ele>
      </trkpt>
      <trkpt lat="41.01183431223035" lon="24.300883496180177">
        <ele>70.66</ele>
      </trkpt>
      <trkpt lat="41.01204880513251" lon="24.301135540008545">
        <ele>70.45</ele>
      </trkpt>
      <trkpt lat="41.01204880513251" lon="24.301307201385498">
        <ele>70.19</ele>
      </trkpt>
      <trkpt lat="41.01208099164069" lon="24.30167273618281">
        <ele>69.94</ele>
      </trkpt>
      <trkpt lat="41.0121132619679" lon="24.30203835479915">
        <ele>69.68</ele>
      </trkpt>
      <trkpt lat="41.01214553229511" lon="24.302403973415494">
        <ele>69.4</ele>
      </trkpt>
      <trkpt lat="41.01217755116522" lon="24.3027663230896">
        <ele>69.07</ele>
      </trkpt>
      <trkpt lat="41.01217755116522" lon="24.30308885872364">
        <ele>68.71</ele>
      </trkpt>
      <trkpt lat="41.01217755116522" lon="24.303410053253174">
        <ele>68.36</ele>
      </trkpt>
      <trkpt lat="41.01219900883734" lon="24.303667545318604">
        <ele>68.03</ele>
      </trkpt>
      <trkpt lat="41.01222046650946" lon="24.304000809788704">
        <ele>67.7</ele>
      </trkpt>
      <trkpt lat="41.01224192418158" lon="24.304332733154297">
        <ele>67.37</ele>
      </trkpt>
      <trkpt lat="41.012249048799276" lon="24.304655268788338">
        <ele>67.02</ele>
      </trkpt>
      <trkpt lat="41.012256257236004" lon="24.30497788824141">
        <ele>66.64</ele>
      </trkpt>
      <trkpt lat="41.0122633818537" lon="24.305298328399658">
        <ele>66.26</ele>
      </trkpt>
      <trkpt lat="41.01224192418158" lon="24.305427074432373">
        <ele>65.88</ele>
      </trkpt>
      <trkpt lat="41.01224192418158" lon="24.305674340575933">
        <ele>65.52</ele>
      </trkpt>
      <trkpt lat="41.01224192418158" lon="24.305920600891113">
        <ele>65.17</ele>
      </trkpt>
      <trkpt lat="41.01224184036255" lon="24.306257469579577">
        <ele>64.83</ele>
      </trkpt>
      <trkpt lat="41.01224184036255" lon="24.306594422087073">
        <ele>64.45</ele>
      </trkpt>
      <trkpt lat="41.01224184036255" lon="24.306929111480713">
        <ele>64.07</ele>
      </trkpt>
      <trkpt lat="41.01224720478058" lon="24.307257011532784">
        <ele>63.68</ele>
      </trkpt>
      <trkpt lat="41.01225256919861" lon="24.307584995403886">
        <ele>63.28</ele>
      </trkpt>
      <trkpt lat="41.01225793361664" lon="24.307912979274988">
        <ele>62.91</ele>
      </trkpt>
      <trkpt lat="41.01226329803467" lon="24.30823802947998">
        <ele>62.58</ele>
      </trkpt>
      <trkpt lat="41.01229556836188" lon="24.30864656344056">
        <ele>62.24</ele>
      </trkpt>
      <trkpt lat="41.01232783868909" lon="24.309055181220174">
        <ele>61.86</ele>
      </trkpt>
      <trkpt lat="41.0123601090163" lon="24.309463798999786">
        <ele>61.47</ele>
      </trkpt>
      <trkpt lat="41.012392127886415" lon="24.309868812561035">
        <ele>61.12</ele>
      </trkpt>
      <trkpt lat="41.01239204406738" lon="24.309868812561035">
        <ele>60.78</ele>
      </trkpt>
      <trkpt lat="41.01239204406738" lon="24.30999755859375">
        <ele>60.44</ele>
      </trkpt>
      <trkpt lat="41.01230604574084" lon="24.31028774008155">
        <ele>60.09</ele>
      </trkpt>
      <trkpt lat="41.01222046650946" lon="24.310576915740967">
        <ele>59.75</ele>
      </trkpt>
      <trkpt lat="41.01215600967407" lon="24.31077003479004">
        <ele>59.43</ele>
      </trkpt>
      <trkpt lat="41.012070178985596" lon="24.31100606918335">
        <ele>59.13</ele>
      </trkpt>
      <trkpt lat="41.01198845542967" lon="24.31133204139769">
        <ele>58.84</ele>
      </trkpt>
      <trkpt lat="41.01198845542967" lon="24.311332209035754">
        <ele>58.55</ele>
      </trkpt>
      <trkpt lat="41.011988539248705" lon="24.31133204139769">
        <ele>58.28</ele>
      </trkpt>
      <trkpt lat="41.011988539248705" lon="24.311332125216722">
        <ele>58.02</ele>
      </trkpt>
      <trkpt lat="41.01198870688677" lon="24.311331789940596">
        <ele>57.77</ele>
      </trkpt>
      <trkpt lat="41.0119887907058" lon="24.311331789940596">
        <ele>57.53</ele>
      </trkpt>
      <trkpt lat="41.01198434829712" lon="24.311349391937256">
        <ele>57.3</ele>
      </trkpt>
      <trkpt lat="41.01192626170814" lon="24.31174929253757">
        <ele>57.11</ele>
      </trkpt>
      <trkpt lat="41.01186817511916" lon="24.312149276956916">
        <ele>56.94</ele>
      </trkpt>
      <trkpt lat="41.011810172349215" lon="24.31254926137626">
        <ele>56.73</ele>
      </trkpt>
      <trkpt lat="41.011752085760236" lon="24.312949245795608">
        <ele>56.5</ele>
      </trkpt>
      <trkpt lat="41.01169399917126" lon="24.313349230214953">
        <ele>56.33</ele>
      </trkpt>
      <trkpt lat="41.01163599640131" lon="24.3137492146343">
        <ele>56.2</ele>
      </trkpt>
      <trkpt lat="41.01157790981233" lon="24.314149199053645">
        <ele>56.11</ele>
      </trkpt>
      <trkpt lat="41.011519907042384" lon="24.31454909965396">
        <ele>55.96</ele>
      </trkpt>
      <trkpt lat="41.011461820453405" lon="24.314949084073305">
        <ele>55.83</ele>
      </trkpt>
      <trkpt lat="41.0114049911499" lon="24.315340518951416">
        <ele>55.74</ele>
      </trkpt>
      <trkpt lat="41.01129753515124" lon="24.31562701240182">
        <ele>55.68</ele>
      </trkpt>
      <trkpt lat="41.011190079152584" lon="24.315913589671254">
        <ele>55.66</ele>
      </trkpt>
      <trkpt lat="41.01108320988715" lon="24.31619882583618">
        <ele>55.63</ele>
      </trkpt>
      <trkpt lat="41.01099737919867" lon="24.31645631790161">
        <ele>55.59</ele>
      </trkpt>
      <trkpt lat="41.01086410693824" lon="24.316804418340325">
        <ele>55.55</ele>
      </trkpt>
      <trkpt lat="41.010730834677815" lon="24.31715251877904">
        <ele>55.52</ele>
      </trkpt>
      <trkpt lat="41.01059764623642" lon="24.317500703036785">
        <ele>55.57</ele>
      </trkpt>
      <trkpt lat="41.01046437397599" lon="24.3178488034755">
        <ele>55.74</ele>
      </trkpt>
      <trkpt lat="41.01033219136298" lon="24.31819438934326">
        <ele>55.9</ele>
      </trkpt>
      <trkpt lat="41.01019397377968" lon="24.318559672683477">
        <ele>56.04</ele>
      </trkpt>
      <trkpt lat="41.01005584001541" lon="24.318925039842725">
        <ele>56.22</ele>
      </trkpt>
      <trkpt lat="41.009917706251144" lon="24.31929032318294">
        <ele>56.4</ele>
      </trkpt>
      <trkpt lat="41.009779488667846" lon="24.319655690342188">
        <ele>56.57</ele>
      </trkpt>
      <trkpt lat="41.00964135490358" lon="24.320021057501435">
        <ele>56.78</ele>
      </trkpt>
      <trkpt lat="41.00950322113931" lon="24.32038634084165">
        <ele>57.1</ele>
      </trkpt>
      <trkpt lat="41.009366512298584" lon="24.32074785232544">
        <ele>57.4</ele>
      </trkpt>
      <trkpt lat="41.00953012704849" lon="24.32110165245831">
        <ele>57.72</ele>
      </trkpt>
      <trkpt lat="41.00969382561743" lon="24.321455536410213">
        <ele>58.03</ele>
      </trkpt>
      <trkpt lat="41.00985752418637" lon="24.321809420362115">
        <ele>58.4</ele>
      </trkpt>
      <trkpt lat="41.01002122275531" lon="24.322163304314017">
        <ele>58.81</ele>
      </trkpt>
      <trkpt lat="41.01018492132425" lon="24.32251718826592">
        <ele>59.29</ele>
      </trkpt>
      <trkpt lat="41.01034861989319" lon="24.322871072217822">
        <ele>59.82</ele>
      </trkpt>
      <trkpt lat="41.01051231846213" lon="24.323224956169724">
        <ele>60.33</ele>
      </trkpt>
      <trkpt lat="41.010676017031074" lon="24.323578840121627">
        <ele>60.89</ele>
      </trkpt>
      <trkpt lat="41.010839715600014" lon="24.32393272407353">
        <ele>61.46</ele>
      </trkpt>
      <trkpt lat="41.011003414168954" lon="24.32428660802543">
        <ele>62.1</ele>
      </trkpt>
      <trkpt lat="41.011167112737894" lon="24.324640575796366">
        <ele>62.74</ele>
      </trkpt>
      <trkpt lat="41.011330811306834" lon="24.324994459748268">
        <ele>63.44</ele>
      </trkpt>
      <trkpt lat="41.011494509875774" lon="24.32534834370017">
        <ele>64.15</ele>
      </trkpt>
      <trkpt lat="41.011658208444715" lon="24.325702227652073">
        <ele>64.85</ele>
      </trkpt>
      <trkpt lat="41.011818554252386" lon="24.3260495737195">
        <ele>65.63</ele>
      </trkpt>
      <trkpt lat="41.01181872189045" lon="24.326049825176597">
        <ele>66.43</ele>
      </trkpt>
      <trkpt lat="41.01181880570948" lon="24.32604990899563">
        <ele>67.28</ele>
      </trkpt>
      <trkpt lat="41.01181880570948" lon="24.326049741357565">
        <ele>68.16</ele>
      </trkpt>
      <trkpt lat="41.01181888952851" lon="24.326049741357565">
        <ele>69.08</ele>
      </trkpt>
      <trkpt lat="41.01196766830981" lon="24.32637152262032">
        <ele>70.12</ele>
      </trkpt>
      <trkpt lat="41.012116530910134" lon="24.326693303883076">
        <ele>71.2</ele>
      </trkpt>
      <trkpt lat="41.01226539351046" lon="24.32701508514583">
        <ele>72.3</ele>
      </trkpt>
      <trkpt lat="41.0124135017395" lon="24.327335357666016">
        <ele>73.44</ele>
      </trkpt>
      <trkpt lat="41.012563705444336" lon="24.327549934387207">
        <ele>74.59</ele>
      </trkpt>
      <trkpt lat="41.01273536682129" lon="24.32772159576416">
        <ele>75.77</ele>
      </trkpt>
      <trkpt lat="41.012996127828956" lon="24.32787163183093">
        <ele>76.98</ele>
      </trkpt>
      <trkpt lat="41.013256972655654" lon="24.3280216678977">
        <ele>78.27</ele>
      </trkpt>
      <trkpt lat="41.01351781748235" lon="24.328171703964472">
        <ele>79.66</ele>
      </trkpt>
      <trkpt lat="41.01377866230905" lon="24.328321823850274">
        <ele>81.06</ele>
      </trkpt>
      <trkpt lat="41.01403950713575" lon="24.328471859917045">
        <ele>82.42</ele>
      </trkpt>
      <trkpt lat="41.01430186070502" lon="24.328622817993164">
        <ele>83.85</ele>
      </trkpt>
      <trkpt lat="41.01454837247729" lon="24.328794311732054">
        <ele>85.32</ele>
      </trkpt>
      <trkpt lat="41.01479530334473" lon="24.32896614074707">
        <ele>86.82</ele>
      </trkpt>
      <trkpt lat="41.01505690254271" lon="24.32917627505958">
        <ele>88.37</ele>
      </trkpt>
      <trkpt lat="41.015318585559726" lon="24.32938640937209">
        <ele>90.0</ele>
      </trkpt>
      <trkpt lat="41.01558026857674" lon="24.329596627503633">
        <ele>91.65</ele>
      </trkpt>
      <trkpt lat="41.01584195159376" lon="24.329806761816144">
        <ele>93.32</ele>
      </trkpt>
      <trkpt lat="41.016104305163026" lon="24.330017566680908">
        <ele>95.02</ele>
      </trkpt>
      <trkpt lat="41.01624369621277" lon="24.33015695773065">
        <ele>96.72</ele>
      </trkpt>
      <trkpt lat="41.016383254900575" lon="24.330296516418457">
        <ele>98.46</ele>
      </trkpt>
      <trkpt lat="41.016629096120596" lon="24.33055560104549">
        <ele>100.26</ele>
      </trkpt>
      <trkpt lat="41.01687502115965" lon="24.33081468567252">
        <ele>102.08</ele>
      </trkpt>
      <trkpt lat="41.0171209461987" lon="24.331073854118586">
        <ele>103.94</ele>
      </trkpt>
      <trkpt lat="41.017366871237755" lon="24.331332938745618">
        <ele>105.79</ele>
      </trkpt>
      <trkpt lat="41.01761279627681" lon="24.33159202337265">
        <ele>107.69</ele>
      </trkpt>
      <trkpt lat="41.01785872131586" lon="24.331851191818714">
        <ele>109.65</ele>
      </trkpt>
      <trkpt lat="41.018104646354914" lon="24.332110276445746">
        <ele>111.6</ele>
      </trkpt>
      <trkpt lat="41.01835057139397" lon="24.33236936107278">
        <ele>113.56</ele>
      </trkpt>
      <trkpt lat="41.01859649643302" lon="24.332628529518843">
        <ele>115.56</ele>
      </trkpt>
      <trkpt lat="41.01884242147207" lon="24.332887614145875">
        <ele>117.55</ele>
      </trkpt>
      <trkpt lat="41.019088346511126" lon="24.33314678259194">
        <ele>119.56</ele>
      </trkpt>
      <trkpt lat="41.01933427155018" lon="24.33340586721897">
        <ele>121.57</ele>
      </trkpt>
      <trkpt lat="41.01958044804633" lon="24.333665370941162">
        <ele>123.58</ele>
      </trkpt>
      <trkpt lat="41.019816398620605" lon="24.33390132151544">
        <ele>125.67</ele>
      </trkpt>
      <trkpt lat="41.02005251683295" lon="24.334137439727783">
        <ele>127.77</ele>
      </trkpt>
      <trkpt lat="41.02015980519354" lon="24.33422327041626">
        <ele>129.79</ele>
      </trkpt>
      <trkpt lat="41.02029928006232" lon="24.334384202957153">
        <ele>131.79</ele>
      </trkpt>
      <trkpt lat="41.02043875493109" lon="24.334545135498047">
        <ele>133.8</ele>
      </trkpt>
      <trkpt lat="41.020653331652284" lon="24.33473825454712">
        <ele>135.82</ele>
      </trkpt>
      <trkpt lat="41.02071770466864" lon="24.33475971221924">
        <ele>137.8</ele>
      </trkpt>
      <trkpt lat="41.02071762084961" lon="24.33475971221924">
        <ele>139.74</ele>
      </trkpt>
      <trkpt lat="41.020942674949765" lon="24.33485610410571">
        <ele>141.75</ele>
      </trkpt>
      <trkpt lat="41.02116772904992" lon="24.334952579811215">
        <ele>143.76</ele>
      </trkpt>
      <trkpt lat="41.02139278315008" lon="24.335048971697688">
        <ele>145.74</ele>
      </trkpt>
      <trkpt lat="41.021618926897645" lon="24.335145950317383">
        <ele>147.7</ele>
      </trkpt>
      <trkpt lat="41.0217903368175" lon="24.335220884531736">
        <ele>149.62</ele>
      </trkpt>
      <trkpt lat="41.02196224965155" lon="24.335296154022217">
        <ele>151.52</ele>
      </trkpt>
      <trkpt lat="41.02226223796606" lon="24.335410399362445">
        <ele>153.45</ele>
      </trkpt>
      <trkpt lat="41.0225623100996" lon="24.335524728521705">
        <ele>155.34</ele>
      </trkpt>
      <trkpt lat="41.022863471880555" lon="24.335639476776123">
        <ele>157.22</ele>
      </trkpt>
      <trkpt lat="41.02309917099774" lon="24.335746597498655">
        <ele>159.05</ele>
      </trkpt>
      <trkpt lat="41.023335540667176" lon="24.335854053497314">
        <ele>160.85</ele>
      </trkpt>
      <trkpt lat="41.023378456011415" lon="24.335875511169434">
        <ele>162.53</ele>
      </trkpt>
      <trkpt lat="41.02342137135565" lon="24.336025714874268">
        <ele>164.18</ele>
      </trkpt>
      <trkpt lat="41.023601749911904" lon="24.33632201515138">
        <ele>165.81</ele>
      </trkpt>
      <trkpt lat="41.023782128468156" lon="24.336618315428495">
        <ele>167.38</ele>
      </trkpt>
      <trkpt lat="41.02396250702441" lon="24.33691469952464">
        <ele>168.93</ele>
      </trkpt>
      <trkpt lat="41.02414288558066" lon="24.337211083620787">
        <ele>170.45</ele>
      </trkpt>
      <trkpt lat="41.02432259358466" lon="24.33750629425049">
        <ele>171.97</ele>
      </trkpt>
      <trkpt lat="41.0244514234364" lon="24.337753308936954">
        <ele>173.41</ele>
      </trkpt>
      <trkpt lat="41.024580001831055" lon="24.33799982070923">
        <ele>174.84</ele>
      </trkpt>
      <trkpt lat="41.024655271321535" lon="24.338268460705876">
        <ele>176.19</ele>
      </trkpt>
      <trkpt lat="41.02473028935492" lon="24.338536262512207">
        <ele>177.48</ele>
      </trkpt>
      <trkpt lat="41.02479474619031" lon="24.338804986327887">
        <ele>178.67</ele>
      </trkpt>
      <trkpt lat="41.024859035387635" lon="24.339072704315186">
        <ele>179.82</ele>
      </trkpt>
      <trkpt lat="41.02488040924072" lon="24.33924436569214">
        <ele>180.94</ele>
      </trkpt>
      <trkpt lat="41.024937741458416" lon="24.339595567435026">
        <ele>182.04</ele>
      </trkpt>
      <trkpt lat="41.02499507367611" lon="24.339946769177914">
        <ele>183.1</ele>
      </trkpt>
      <trkpt lat="41.02505215443671" lon="24.340295791625977">
        <ele>184.1</ele>
      </trkpt>
      <trkpt lat="41.02518819272518" lon="24.34063953347504">
        <ele>185.03</ele>
      </trkpt>
      <trkpt lat="41.02532431483269" lon="24.340983359143138">
        <ele>185.92</ele>
      </trkpt>
      <trkpt lat="41.02545985020697" lon="24.341325759887695">
        <ele>186.85</ele>
      </trkpt>
      <trkpt lat="41.02557803504169" lon="24.341658856719732">
        <ele>187.8</ele>
      </trkpt>
      <trkpt lat="41.02569621987641" lon="24.34199195355177">
        <ele>188.7</ele>
      </trkpt>
      <trkpt lat="41.02581440471113" lon="24.342325050383806">
        <ele>189.54</ele>
      </trkpt>
      <trkpt lat="41.02593191899359" lon="24.342656135559082">
        <ele>190.37</ele>
      </trkpt>
      <trkpt lat="41.0258674621582" lon="24.342827796936035">
        <ele>191.13</ele>
      </trkpt>
      <trkpt lat="41.025717090815306" lon="24.343114122748375">
        <ele>191.85</ele>
      </trkpt>
      <trkpt lat="41.02556671947241" lon="24.343400532379746">
        <ele>192.64</ele>
      </trkpt>
      <trkpt lat="41.0254168510437" lon="24.3436861038208">
        <ele>193.43</ele>
      </trkpt>
      <trkpt lat="41.02530964650214" lon="24.343771934509277">
        <ele>194.13</ele>
      </trkpt>
      <trkpt lat="41.02511669509113" lon="24.343814766034484">
        <ele>194.72</ele>
      </trkpt>
      <trkpt lat="41.02492332458496" lon="24.343857765197754">
        <ele>195.32</ele>
      </trkpt>
      <trkpt lat="41.02477312088013" lon="24.344029426574707">
        <ele>195.93</ele>
      </trkpt>
      <trkpt lat="41.02468712255359" lon="24.344255067408085">
        <ele>196.63</ele>
      </trkpt>
      <trkpt lat="41.024601459503174" lon="24.34448003768921">
        <ele>197.38</ele>
      </trkpt>
      <trkpt lat="41.02453717030585" lon="24.344608783721924">
        <ele>198.03</ele>
      </trkpt>
      <trkpt lat="41.0244083404541" lon="24.34471607208252">
        <ele>198.61</ele>
      </trkpt>
      <trkpt lat="41.02412939071655" lon="24.344758987426758">
        <ele>199.06</ele>
      </trkpt>
      <trkpt lat="41.02389369159937" lon="24.34471607208252">
        <ele>199.52</ele>
      </trkpt>
      <trkpt lat="41.02365732192993" lon="24.34467315673828">
        <ele>200.02</ele>
      </trkpt>
      <trkpt lat="41.02337837219238" lon="24.344587326049805">
        <ele>200.54</ele>
      </trkpt>
      <trkpt lat="41.023378456011415" lon="24.344587326049805">
        <ele>201.02</ele>
      </trkpt>
      <trkpt lat="41.023185420781374" lon="24.34445866383612">
        <ele>201.49</ele>
      </trkpt>
      <trkpt lat="41.02299213409424" lon="24.344329833984375">
        <ele>201.96</ele>
      </trkpt>
      <trkpt lat="41.02269172668457" lon="24.34422254562378">
        <ele>202.45</ele>
      </trkpt>
      <trkpt lat="41.0226918105036" lon="24.34422254562378">
        <ele>202.88</ele>
      </trkpt>
      <trkpt lat="41.02244890294969" lon="24.344172505661845">
        <ele>203.3</ele>
      </trkpt>
      <trkpt lat="41.02220607921481" lon="24.344122549518943">
        <ele>203.74</ele>
      </trkpt>
      <trkpt lat="41.02196216583252" lon="24.344072341918945">
        <ele>204.15</ele>
      </trkpt>
      <trkpt lat="41.02174784056842" lon="24.344036551192403">
        <ele>204.53</ele>
      </trkpt>
      <trkpt lat="41.02153359912336" lon="24.344000844284892">
        <ele>204.82</ele>
      </trkpt>
      <trkpt lat="41.021318435668945" lon="24.34396505355835">
        <ele>205.11</ele>
      </trkpt>
      <trkpt lat="41.02113629691303" lon="24.34396505355835">
        <ele>205.44</ele>
      </trkpt>
      <trkpt lat="41.02095365524292" lon="24.34396505355835">
        <ele>205.77</ele>
      </trkpt>
      <trkpt lat="41.02071762084961" lon="24.344007968902588">
        <ele>206.14</ele>
      </trkpt>
      <trkpt lat="41.020424673333764" lon="24.34413654729724">
        <ele>206.38</ele>
      </trkpt>
      <trkpt lat="41.02013172581792" lon="24.34426512569189">
        <ele>206.69</ele>
      </trkpt>
      <trkpt lat="41.019837856292725" lon="24.344394207000732">
        <ele>206.97</ele>
      </trkpt>
      <trkpt lat="41.01960198953748" lon="24.344527060166">
        <ele>207.12</ele>
      </trkpt>
      <trkpt lat="41.01936620660126" lon="24.344659997150302">
        <ele>207.31</ele>
      </trkpt>
      <trkpt lat="41.01913042366505" lon="24.344792934134603">
        <ele>207.47</ele>
      </trkpt>
      <trkpt lat="41.0188945569098" lon="24.34492578729987">
        <ele>207.6</ele>
      </trkpt>
      <trkpt lat="41.01865768432617" lon="24.345059394836426">
        <ele>207.63</ele>
      </trkpt>
      <trkpt lat="41.018464816734195" lon="24.345102226361632">
        <ele>207.58</ele>
      </trkpt>
      <trkpt lat="41.01827144622803" lon="24.345145225524902">
        <ele>207.53</ele>
      </trkpt>
      <trkpt lat="41.017978582531214" lon="24.345180932432413">
        <ele>207.46</ele>
      </trkpt>
      <trkpt lat="41.01768580265343" lon="24.345216639339924">
        <ele>207.35</ele>
      </trkpt>
      <trkpt lat="41.01739168167114" lon="24.345252513885498">
        <ele>207.17</ele>
      </trkpt>
      <trkpt lat="41.01726293563843" lon="24.345316886901855">
        <ele>206.97</ele>
      </trkpt>
      <trkpt lat="41.01717710494995" lon="24.34542417526245">
        <ele>206.72</ele>
      </trkpt>
      <trkpt lat="41.01717710494995" lon="24.345497516915202">
        <ele>206.45</ele>
      </trkpt>
      <trkpt lat="41.01717710494995" lon="24.345498187467456">
        <ele>206.13</ele>
      </trkpt>
      <trkpt lat="41.01717710494995" lon="24.345498690381646">
        <ele>205.77</ele>
      </trkpt>
      <trkpt lat="41.01717710494995" lon="24.345499109476805">
        <ele>205.37</ele>
      </trkpt>
      <trkpt lat="41.01717710494995" lon="24.345499277114868">
        <ele>204.92</ele>
      </trkpt>
      <trkpt lat="41.01717710494995" lon="24.345703125">
        <ele>204.42</ele>
      </trkpt>
      <trkpt lat="41.01722002029419" lon="24.345874786376953">
        <ele>203.88</ele>
      </trkpt>
      <trkpt lat="41.01742034777999" lon="24.34618248604238">
        <ele>203.28</ele>
      </trkpt>
      <trkpt lat="41.01762075908482" lon="24.34649026952684">
        <ele>202.65</ele>
      </trkpt>
      <trkpt lat="41.017820835113525" lon="24.346797466278076">
        <ele>202.0</ele>
      </trkpt>
      <trkpt lat="41.01797120645642" lon="24.34713047929108">
        <ele>201.25</ele>
      </trkpt>
      <trkpt lat="41.01812124252319" lon="24.34746265411377">
        <ele>200.5</ele>
      </trkpt>
      <trkpt lat="41.01825015619397" lon="24.347838750109076">
        <ele>199.65</ele>
      </trkpt>
      <trkpt lat="41.01837873458862" lon="24.34821367263794">
        <ele>198.76</ele>
      </trkpt>
      <trkpt lat="41.01851829327643" lon="24.348482144996524">
        <ele>197.84</ele>
      </trkpt>
      <trkpt lat="41.01865768432617" lon="24.348750114440918">
        <ele>196.85</ele>
      </trkpt>
      <trkpt lat="41.018850887194276" lon="24.34906141832471">
        <ele>195.83</ele>
      </trkpt>
      <trkpt lat="41.019043922424316" lon="24.349372386932373">
        <ele>194.73</ele>
      </trkpt>
      <trkpt lat="41.019290601834655" lon="24.349597608670592">
        <ele>193.65</ele>
      </trkpt>
      <trkpt lat="41.01953744888306" lon="24.349822998046875">
        <ele>192.54</ele>
      </trkpt>
      <trkpt lat="41.01964473724365" lon="24.34993028640747">
        <ele>191.48</ele>
      </trkpt>
      <trkpt lat="41.01968773640692" lon="24.350101947784424">
        <ele>190.41</ele>
      </trkpt>
      <trkpt lat="41.01968773640692" lon="24.350123405456543">
        <ele>189.3</ele>
      </trkpt>
      <trkpt lat="41.01970911026001" lon="24.350252151489258">
        <ele>188.18</ele>
      </trkpt>
      <trkpt lat="41.01962327957153" lon="24.350595474243164">
        <ele>186.99</ele>
      </trkpt>
      <trkpt lat="41.019494365900755" lon="24.35089621692896">
        <ele>185.81</ele>
      </trkpt>
      <trkpt lat="41.01936545222998" lon="24.351197043433785">
        <ele>184.63</ele>
      </trkpt>
      <trkpt lat="41.01923712529242" lon="24.351496696472168">
        <ele>183.4</ele>
      </trkpt>
      <trkpt lat="41.01916177198291" lon="24.351743878796697">
        <ele>182.14</ele>
      </trkpt>
      <trkpt lat="41.019086837768555" lon="24.351990222930908">
        <ele>180.85</ele>
      </trkpt>
      <trkpt lat="41.0190224647522" lon="24.352312088012695">
        <ele>179.51</ele>
      </trkpt>
      <trkpt lat="41.019011652097106" lon="24.352537896484137">
        <ele>178.24</ele>
      </trkpt>
      <trkpt lat="41.01900100708008" lon="24.352762699127197">
        <ele>176.97</ele>
      </trkpt>
      <trkpt lat="41.019043922424316" lon="24.352998733520508">
        <ele>175.73</ele>
      </trkpt>
      <trkpt lat="41.019108379259706" lon="24.353299727663398">
        <ele>174.49</ele>
      </trkpt>
      <trkpt lat="41.01917266845703" lon="24.353599548339844">
        <ele>173.21</ele>
      </trkpt>
      <trkpt lat="41.01925849914551" lon="24.353792667388916">
        <ele>171.96</ele>
      </trkpt>
      <trkpt lat="41.01945161819458" lon="24.35396432876587">
        <ele>170.71</ele>
      </trkpt>
      <trkpt lat="41.01945170201361" lon="24.35396432876587">
        <ele>169.49</ele>
      </trkpt>
      <trkpt lat="41.01968773640692" lon="24.35420036315918">
        <ele>168.23</ele>
      </trkpt>
      <trkpt lat="41.01975210942328" lon="24.354350566864014">
        <ele>166.99</ele>
      </trkpt>
      <trkpt lat="41.01975210942328" lon="24.354372024536133">
        <ele>165.79</ele>
      </trkpt>
      <trkpt lat="41.01975202560425" lon="24.354543685913086">
        <ele>164.59</ele>
      </trkpt>
      <trkpt lat="41.01970911026001" lon="24.35471534729004">
        <ele>163.4</ele>
      </trkpt>
      <trkpt lat="41.0195801127702" lon="24.35502329841256">
        <ele>162.21</ele>
      </trkpt>
      <trkpt lat="41.01945119909942" lon="24.355331249535084">
        <ele>161.08</ele>
      </trkpt>
      <trkpt lat="41.019322872161865" lon="24.355638027191162">
        <ele>159.96</ele>
      </trkpt>
      <trkpt lat="41.019247602671385" lon="24.35590666718781">
        <ele>158.88</ele>
      </trkpt>
      <trkpt lat="41.01917266845703" lon="24.35617446899414">
        <ele>157.81</ele>
      </trkpt>
      <trkpt lat="41.019122460857034" lon="24.356446797028184">
        <ele>156.78</ele>
      </trkpt>
      <trkpt lat="41.019072253257036" lon="24.356719125062227">
        <ele>155.73</ele>
      </trkpt>
      <trkpt lat="41.0190224647522" lon="24.356989860534668">
        <ele>154.65</ele>
      </trkpt>
      <trkpt lat="41.01899555884302" lon="24.35730703175068">
        <ele>153.63</ele>
      </trkpt>
      <trkpt lat="41.018968652933836" lon="24.35762420296669">
        <ele>152.62</ele>
      </trkpt>
      <trkpt lat="41.018941747024655" lon="24.357941458001733">
        <ele>151.71</ele>
      </trkpt>
      <trkpt lat="41.0189151763916" lon="24.358255863189697">
        <ele>150.84</ele>
      </trkpt>
      <trkpt lat="41.018850803375244" lon="24.35847043991089">
        <ele>150.03</ele>
      </trkpt>
      <trkpt lat="41.01866824552417" lon="24.3587495572865">
        <ele>149.23</ele>
      </trkpt>
      <trkpt lat="41.018485771492124" lon="24.359028674662113">
        <ele>148.47</ele>
      </trkpt>
      <trkpt lat="41.01830321364105" lon="24.359307792037725">
        <ele>147.92</ele>
      </trkpt>
      <trkpt lat="41.01812124252319" lon="24.359586238861084">
        <ele>147.37</ele>
      </trkpt>
      <trkpt lat="41.017970787361264" lon="24.3599515222013">
        <ele>146.83</ele>
      </trkpt>
      <trkpt lat="41.017820332199335" lon="24.360316805541515">
        <ele>146.39</ele>
      </trkpt>
      <trkpt lat="41.01766996085644" lon="24.36068208888173">
        <ele>145.95</ele>
      </trkpt>
      <trkpt lat="41.01752042770386" lon="24.361045360565186">
        <ele>145.59</ele>
      </trkpt>
      <trkpt lat="41.01745588704944" lon="24.361281814053655">
        <ele>145.35</ele>
      </trkpt>
      <trkpt lat="41.01739168167114" lon="24.361517429351807">
        <ele>145.17</ele>
      </trkpt>
      <trkpt lat="41.0174024105072" lon="24.361882964149117">
        <ele>145.14</ele>
      </trkpt>
      <trkpt lat="41.01741313934326" lon="24.362246990203857">
        <ele>145.17</ele>
      </trkpt>
      <trkpt lat="41.01746686734259" lon="24.362504985183477">
        <ele>145.26</ele>
      </trkpt>
      <trkpt lat="41.01752042770386" lon="24.362761974334717">
        <ele>145.4</ele>
      </trkpt>
      <trkpt lat="41.017606258392334" lon="24.362976551055908">
        <ele>145.64</ele>
      </trkpt>
      <trkpt lat="41.01773508824408" lon="24.363234294578433">
        <ele>145.96</ele>
      </trkpt>
      <trkpt lat="41.017863750457764" lon="24.363491535186768">
        <ele>146.35</ele>
      </trkpt>
      <trkpt lat="41.0180139541626" lon="24.36370611190796">
        <ele>146.81</ele>
      </trkpt>
      <trkpt lat="41.01812124252319" lon="24.363856315612793">
        <ele>147.32</ele>
      </trkpt>
      <trkpt lat="41.01833573542535" lon="24.364038622006774">
        <ele>147.93</ele>
      </trkpt>
      <trkpt lat="41.01855047978461" lon="24.36422109603882">
        <ele>148.6</ele>
      </trkpt>
      <trkpt lat="41.018807888031006" lon="24.36445713043213">
        <ele>149.3</ele>
      </trkpt>
      <trkpt lat="41.01900100708008" lon="24.36468243598938">
        <ele>150.06</ele>
      </trkpt>
      <trkpt lat="41.01919412612915" lon="24.36490774154663">
        <ele>150.88</ele>
      </trkpt>
      <trkpt lat="41.01941934786737" lon="24.36513296328485">
        <ele>151.78</ele>
      </trkpt>
      <trkpt lat="41.01964465342462" lon="24.3653582688421">
        <ele>152.77</ele>
      </trkpt>
      <trkpt lat="41.01986995898187" lon="24.36558349058032">
        <ele>153.85</ele>
      </trkpt>
      <trkpt lat="41.02009518072009" lon="24.36580879613757">
        <ele>154.95</ele>
      </trkpt>
      <trkpt lat="41.02032048627734" lon="24.36603401787579">
        <ele>156.11</ele>
      </trkpt>
      <trkpt lat="41.02054579183459" lon="24.36625932343304">
        <ele>157.3</ele>
      </trkpt>
      <trkpt lat="41.02077101357281" lon="24.36648454517126">
        <ele>158.55</ele>
      </trkpt>
      <trkpt lat="41.02099665440619" lon="24.36671018600464">
        <ele>159.84</ele>
      </trkpt>
      <trkpt lat="41.021146941930056" lon="24.367000116035342">
        <ele>161.16</ele>
      </trkpt>
      <trkpt lat="41.021296977996826" lon="24.367289543151855">
        <ele>162.48</ele>
      </trkpt>
      <trkpt lat="41.02142044343054" lon="24.36757419258356">
        <ele>163.84</ele>
      </trkpt>
      <trkpt lat="41.02154399268329" lon="24.367858842015266">
        <ele>165.24</ele>
      </trkpt>
      <trkpt lat="41.02166754193604" lon="24.368143575266004">
        <ele>166.64</ele>
      </trkpt>
      <trkpt lat="41.021790504455566" lon="24.36842679977417">
        <ele>168.04</ele>
      </trkpt>
      <trkpt lat="41.021887147799134" lon="24.368620086461306">
        <ele>169.46</ele>
      </trkpt>
      <trkpt lat="41.02198362350464" lon="24.368813037872314">
        <ele>170.9</ele>
      </trkpt>
      <trkpt lat="41.022144639864564" lon="24.369065333157778">
        <ele>172.4</ele>
      </trkpt>
      <trkpt lat="41.02230574004352" lon="24.36931762844324">
        <ele>173.89</ele>
      </trkpt>
      <trkpt lat="41.022466756403446" lon="24.369569923728704">
        <ele>175.39</ele>
      </trkpt>
      <trkpt lat="41.022627437487245" lon="24.369821548461914">
        <ele>176.9</ele>
      </trkpt>
      <trkpt lat="41.022648895159364" lon="24.369821548461914">
        <ele>178.41</ele>
      </trkpt>
      <trkpt lat="41.02280991151929" lon="24.370089937001467">
        <ele>179.98</ele>
      </trkpt>
      <trkpt lat="41.02297067642212" lon="24.370357990264893">
        <ele>181.56</ele>
      </trkpt>
      <trkpt lat="41.02306740358472" lon="24.37072344124317">
        <ele>183.09</ele>
      </trkpt>
      <trkpt lat="41.02316379547119" lon="24.371087551116943">
        <ele>184.62</ele>
      </trkpt>
      <trkpt lat="41.02324962615967" lon="24.371216297149658">
        <ele>186.14</ele>
      </trkpt>
      <trkpt lat="41.02345339022577" lon="24.37139860354364">
        <ele>187.68</ele>
      </trkpt>
      <trkpt lat="41.02365732192993" lon="24.371581077575684">
        <ele>189.15</ele>
      </trkpt>
      <trkpt lat="41.02378606796265" lon="24.371838569641113">
        <ele>190.57</ele>
      </trkpt>
      <trkpt lat="41.023828983306885" lon="24.372053146362305">
        <ele>191.97</ele>
      </trkpt>
      <trkpt lat="41.023807525634766" lon="24.372310638427734">
        <ele>193.31</ele>
      </trkpt>
      <trkpt lat="41.02377743460238" lon="24.37266326509416">
        <ele>194.64</ele>
      </trkpt>
      <trkpt lat="41.023747343569994" lon="24.37301597557962">
        <ele>195.96</ele>
      </trkpt>
      <trkpt lat="41.02371725253761" lon="24.373368686065078">
        <ele>197.16</ele>
      </trkpt>
      <trkpt lat="41.02368716150522" lon="24.373721396550536">
        <ele>198.34</ele>
      </trkpt>
      <trkpt lat="41.02365740574896" lon="24.374070167541504">
        <ele>199.45</ele>
      </trkpt>
      <trkpt lat="41.02384340018034" lon="24.374306201934814">
        <ele>200.57</ele>
      </trkpt>
      <trkpt lat="41.024029394611716" lon="24.374542320147157">
        <ele>201.65</ele>
      </trkpt>
      <trkpt lat="41.02421530522406" lon="24.374778270721436">
        <ele>202.63</ele>
      </trkpt>
      <trkpt lat="41.024408088997006" lon="24.37486393377185">
        <ele>203.5</ele>
      </trkpt>
      <trkpt lat="41.024601459503174" lon="24.37494993209839">
        <ele>204.29</ele>
      </trkpt>
      <trkpt lat="41.02480513975024" lon="24.37507851049304">
        <ele>205.0</ele>
      </trkpt>
      <trkpt lat="41.02500923909247" lon="24.37520742416382">
        <ele>205.67</ele>
      </trkpt>
      <trkpt lat="41.02505215443671" lon="24.375271797180176">
        <ele>206.17</ele>
      </trkpt>
      <trkpt lat="41.025073528289795" lon="24.375314712524414">
        <ele>206.57</ele>
      </trkpt>
      <trkpt lat="41.02507361210883" lon="24.375314712524414">
        <ele>206.84</ele>
      </trkpt>
      <trkpt lat="41.025116527453065" lon="24.37537908554077">
        <ele>207.05</ele>
      </trkpt>
      <trkpt lat="41.02533822879195" lon="24.375622244551778">
        <ele>207.23</ele>
      </trkpt>
      <trkpt lat="41.02555993013084" lon="24.375865403562784">
        <ele>207.28</ele>
      </trkpt>
      <trkpt lat="41.02578163146973" lon="24.376108646392822">
        <ele>207.23</ele>
      </trkpt>
      <trkpt lat="41.02580317296088" lon="24.376516342163086">
        <ele>207.02</ele>
      </trkpt>
      <trkpt lat="41.025760089978576" lon="24.376849606633186">
        <ele>206.66</ele>
      </trkpt>
      <trkpt lat="41.02571725845337" lon="24.37718152999878">
        <ele>206.14</ele>
      </trkpt>
      <trkpt lat="41.02563142776489" lon="24.377524852752686">
        <ele>205.48</ele>
      </trkpt>
      <trkpt lat="41.02554568089545" lon="24.37763214111328">
        <ele>204.8</ele>
      </trkpt>
      <trkpt lat="41.02543839253485" lon="24.37769651412964">
        <ele>204.02</ele>
      </trkpt>
      <trkpt lat="41.025238232687116" lon="24.37782509252429">
        <ele>203.13</ele>
      </trkpt>
      <trkpt lat="41.02503815665841" lon="24.377953754737973">
        <ele>202.16</ele>
      </trkpt>
      <trkpt lat="41.024837577715516" lon="24.378082752227783">
        <ele>201.12</ele>
      </trkpt>
      <trkpt lat="41.024630293250084" lon="24.378197081387043">
        <ele>199.99</ele>
      </trkpt>
      <trkpt lat="41.02442309260368" lon="24.378311410546303">
        <ele>198.8</ele>
      </trkpt>
      <trkpt lat="41.02421530522406" lon="24.37842607498169">
        <ele>197.56</ele>
      </trkpt>
      <trkpt lat="41.02398664690554" lon="24.378540320321918">
        <ele>196.3</ele>
      </trkpt>
      <trkpt lat="41.02375798858702" lon="24.378654649481177">
        <ele>194.95</ele>
      </trkpt>
      <trkpt lat="41.02352865971625" lon="24.378769397735596">
        <ele>193.58</ele>
      </trkpt>
      <trkpt lat="41.023307126015425" lon="24.378869393840432">
        <ele>192.17</ele>
      </trkpt>
      <trkpt lat="41.02308567613363" lon="24.37896938994527">
        <ele>190.72</ele>
      </trkpt>
      <trkpt lat="41.022863471880555" lon="24.379069805145264">
        <ele>189.26</ele>
      </trkpt>
      <trkpt lat="41.02265979163349" lon="24.379166197031736">
        <ele>187.79</ele>
      </trkpt>
      <trkpt lat="41.02245577611029" lon="24.379262924194336">
        <ele>186.32</ele>
      </trkpt>
      <trkpt lat="41.02230565622449" lon="24.37933794222772">
        <ele>184.86</ele>
      </trkpt>
      <trkpt lat="41.02215536870062" lon="24.37941312789917">
        <ele>183.41</ele>
      </trkpt>
      <trkpt lat="41.02204808034003" lon="24.379456043243408">
        <ele>181.99</ele>
      </trkpt>
      <trkpt lat="41.02202662266791" lon="24.379456043243408">
        <ele>180.59</ele>
      </trkpt>
      <trkpt lat="41.021854961290956" lon="24.379541873931885">
        <ele>179.21</ele>
      </trkpt>
      <trkpt lat="41.021640384569764" lon="24.37964916229248">
        <ele>177.81</ele>
      </trkpt>
      <trkpt lat="41.02146872319281" lon="24.379713535308838">
        <ele>176.42</ele>
      </trkpt>
      <trkpt lat="41.02120075374842" lon="24.37985284253955">
        <ele>175.0</ele>
      </trkpt>
      <trkpt lat="41.02093228138983" lon="24.379992485046387">
        <ele>173.65</ele>
      </trkpt>
      <trkpt lat="41.020889366045594" lon="24.380013942718506">
        <ele>172.38</ele>
      </trkpt>
      <trkpt lat="41.02071770466864" lon="24.3801212310791">
        <ele>171.14</ele>
      </trkpt>
      <trkpt lat="41.020481837913394" lon="24.380260538309813">
        <ele>169.93</ele>
      </trkpt>
      <trkpt lat="41.02024563588202" lon="24.38040018081665">
        <ele>168.76</ele>
      </trkpt>
      <trkpt lat="41.02005251683295" lon="24.380528926849365">
        <ele>167.68</ele>
      </trkpt>
      <trkpt lat="41.01977348327637" lon="24.38063621520996">
        <ele>166.65</ele>
      </trkpt>
      <trkpt lat="41.019473411142826" lon="24.380518281832337">
        <ele>165.6</ele>
      </trkpt>
      <trkpt lat="41.01917266845703" lon="24.38040018081665">
        <ele>164.59</ele>
      </trkpt>
      <trkpt lat="41.01917275227606" lon="24.38040018081665">
        <ele>163.67</ele>
      </trkpt>
      <trkpt lat="41.01893671788275" lon="24.380314350128174">
        <ele>162.76</ele>
      </trkpt>
      <trkpt lat="41.0187116637826" lon="24.38021787442267">
        <ele>161.9</ele>
      </trkpt>
      <trkpt lat="41.01848610676825" lon="24.3801212310791">
        <ele>161.12</ele>
      </trkpt>
      <trkpt lat="41.01831461302936" lon="24.380046213045716">
        <ele>160.36</ele>
      </trkpt>
      <trkpt lat="41.018142784014344" lon="24.379971027374268">
        <ele>159.66</ele>
      </trkpt>
      <trkpt lat="41.01794270798564" lon="24.379885280504823">
        <ele>159.01</ele>
      </trkpt>
      <trkpt lat="41.017742631956935" lon="24.379799533635378">
        <ele>158.4</ele>
      </trkpt>
      <trkpt lat="41.01754196919501" lon="24.379713535308838">
        <ele>157.83</ele>
      </trkpt>
      <trkpt lat="41.01723125204444" lon="24.37970280647278">
        <ele>157.3</ele>
      </trkpt>
      <trkpt lat="41.01691969670355" lon="24.37969207763672">
        <ele>156.84</ele>
      </trkpt>
      <trkpt lat="41.01675893180072" lon="24.379691993817687">
        <ele>156.43</ele>
      </trkpt>
      <trkpt lat="41.016597831621766" lon="24.37969207763672">
        <ele>156.06</ele>
      </trkpt>
      <trkpt lat="41.01642617024481" lon="24.37969207763672">
        <ele>155.73</ele>
      </trkpt>
      <trkpt lat="41.01631888188422" lon="24.37969207763672">
        <ele>155.44</ele>
      </trkpt>
      <trkpt lat="41.0160331428051" lon="24.379784865304828">
        <ele>155.18</ele>
      </trkpt>
      <trkpt lat="41.01574740372598" lon="24.37987773679197">
        <ele>154.97</ele>
      </trkpt>
      <trkpt lat="41.01546057499945" lon="24.379971027374268">
        <ele>154.8</ele>
      </trkpt>
      <trkpt lat="41.01525329053402" lon="24.380106814205647">
        <ele>154.63</ele>
      </trkpt>
      <trkpt lat="41.01504600606859" lon="24.380242601037025">
        <ele>154.5</ele>
      </trkpt>
      <trkpt lat="41.014838302508" lon="24.38037872314453">
        <ele>154.41</ele>
      </trkpt>
      <trkpt lat="41.01464535109699" lon="24.380485843867064">
        <ele>154.35</ele>
      </trkpt>
      <trkpt lat="41.01445206440985" lon="24.380593299865723">
        <ele>154.32</ele>
      </trkpt>
      <trkpt lat="41.01419482380152" lon="24.380732607096434">
        <ele>154.32</ele>
      </trkpt>
      <trkpt lat="41.01393708027899" lon="24.38087224960327">
        <ele>154.34</ele>
      </trkpt>
      <trkpt lat="41.01375753991306" lon="24.380961684510112">
        <ele>154.42</ele>
      </trkpt>
      <trkpt lat="41.01375678554177" lon="24.38096210360527">
        <ele>154.5</ele>
      </trkpt>
      <trkpt lat="41.01375611498952" lon="24.38096252270043">
        <ele>154.59</ele>
      </trkpt>
      <trkpt lat="41.013755444437265" lon="24.380962941795588">
        <ele>154.71</ele>
      </trkpt>
      <trkpt lat="41.01375510916114" lon="24.380963193252683">
        <ele>154.84</ele>
      </trkpt>
      <trkpt lat="41.013636672869325" lon="24.381022453308105">
        <ele>154.98</ele>
      </trkpt>
      <trkpt lat="41.0134222637862" lon="24.381129574030638">
        <ele>155.11</ele>
      </trkpt>
      <trkpt lat="41.0132079385221" lon="24.3812367785722">
        <ele>155.25</ele>
      </trkpt>
      <trkpt lat="41.01299294270575" lon="24.381344318389893">
        <ele>155.43</ele>
      </trkpt>
      <trkpt lat="41.012724973261356" lon="24.381483625620604">
        <ele>155.6</ele>
      </trkpt>
      <trkpt lat="41.01245650090277" lon="24.38162326812744">
        <ele>155.78</ele>
      </trkpt>
      <trkpt lat="41.012220634147525" lon="24.381751846522093">
        <ele>155.95</ele>
      </trkpt>
      <trkpt lat="41.01198443211615" lon="24.38188076019287">
        <ele>156.13</ele>
      </trkpt>
      <trkpt lat="41.01192005909979" lon="24.38192367553711">
        <ele>156.33</ele>
      </trkpt>
      <trkpt lat="41.011694921180606" lon="24.38206298276782">
        <ele>156.5</ele>
      </trkpt>
      <trkpt lat="41.01146978326142" lon="24.382202373817563">
        <ele>156.66</ele>
      </trkpt>
      <trkpt lat="41.01124464534223" lon="24.382341681048274">
        <ele>156.86</ele>
      </trkpt>
      <trkpt lat="41.01101883687079" lon="24.382481575012207">
        <ele>157.07</ele>
      </trkpt>
      <trkpt lat="41.01077224127948" lon="24.382642339915037">
        <ele>157.27</ele>
      </trkpt>
      <trkpt lat="41.01052531041205" lon="24.382803440093994">
        <ele>157.46</ele>
      </trkpt>
      <trkpt lat="41.01035373285413" lon="24.382910560816526">
        <ele>157.63</ele>
      </trkpt>
      <trkpt lat="41.01018190383911" lon="24.383018016815186">
        <ele>157.78</ele>
      </trkpt>
      <trkpt lat="41.01018198765814" lon="24.383018016815186">
        <ele>157.88</ele>
      </trkpt>
      <trkpt lat="41.00998878479004" lon="24.38316822052002">
        <ele>158.0</ele>
      </trkpt>
      <trkpt lat="41.00998886860907" lon="24.38316822052002">
        <ele>158.06</ele>
      </trkpt>
      <trkpt lat="41.00979583337903" lon="24.38328254967928">
        <ele>158.1</ele>
      </trkpt>
      <trkpt lat="41.00960288196802" lon="24.38339687883854">
        <ele>158.05</ele>
      </trkpt>
      <trkpt lat="41.00940942764282" lon="24.383511543273926">
        <ele>158.0</ele>
      </trkpt>
      <trkpt lat="41.00919485092163" lon="24.38361883163452">
        <ele>157.93</ele>
      </trkpt>
      <trkpt lat="41.008980525657535" lon="24.38364020548761">
        <ele>157.81</ele>
      </trkpt>
      <trkpt lat="41.00876569747925" lon="24.38366174697876">
        <ele>157.66</ele>
      </trkpt>
      <trkpt lat="41.008572578430176" lon="24.38361883163452">
        <ele>157.52</ele>
      </trkpt>
      <trkpt lat="41.008315086364746" lon="24.383490085601807">
        <ele>157.43</ele>
      </trkpt>
      <trkpt lat="41.008121967315674" lon="24.383296966552734">
        <ele>157.29</ele>
      </trkpt>
      <trkpt lat="41.0079288482666" lon="24.383103847503662">
        <ele>157.06</ele>
      </trkpt>
      <trkpt lat="41.00773572921753" lon="24.38291072845459">
        <ele>156.79</ele>
      </trkpt>
      <trkpt lat="41.00773581303656" lon="24.38291072845459">
        <ele>156.47</ele>
      </trkpt>
      <trkpt lat="41.00752852857113" lon="24.3827963154763">
        <ele>156.16</ele>
      </trkpt>
      <trkpt lat="41.0073212441057" lon="24.38268207013607">
        <ele>155.79</ele>
      </trkpt>
      <trkpt lat="41.007113456726074" lon="24.382567405700684">
        <ele>155.33</ele>
      </trkpt>
      <trkpt lat="41.00684096105397" lon="24.38248165883124">
        <ele>154.82</ele>
      </trkpt>
      <trkpt lat="41.00656854920089" lon="24.382395911961794">
        <ele>154.26</ele>
      </trkpt>
      <trkpt lat="41.006296053528786" lon="24.38231024891138">
        <ele>153.64</ele>
      </trkpt>
      <trkpt lat="41.00602364167571" lon="24.382224502041936">
        <ele>153.02</ele>
      </trkpt>
      <trkpt lat="41.005751146003604" lon="24.38213875517249">
        <ele>152.35</ele>
      </trkpt>
      <trkpt lat="41.00547873415053" lon="24.382053092122078">
        <ele>151.64</ele>
      </trkpt>
      <trkpt lat="41.00520372390747" lon="24.381966590881348">
        <ele>150.9</ele>
      </trkpt>
      <trkpt lat="41.00502150133252" lon="24.381880844011903">
        <ele>150.19</ele>
      </trkpt>
      <trkpt lat="41.004838943481445" lon="24.381794929504395">
        <ele>149.49</ele>
      </trkpt>
      <trkpt lat="41.0046530328691" lon="24.381659058853984">
        <ele>148.77</ele>
      </trkpt>
      <trkpt lat="41.00446720607579" lon="24.381523272022605">
        <ele>148.0</ele>
      </trkpt>
      <trkpt lat="41.00428104400635" lon="24.38138723373413">
        <ele>147.2</ele>
      </trkpt>
      <trkpt lat="41.004087924957275" lon="24.381222780793905">
        <ele>146.37</ele>
      </trkpt>
      <trkpt lat="41.003894889727235" lon="24.38105832785368">
        <ele>145.52</ele>
      </trkpt>
      <trkpt lat="41.00370168685913" lon="24.38089370727539">
        <ele>144.67</ele>
      </trkpt>
      <trkpt lat="41.00349792279303" lon="24.38073285855353">
        <ele>143.86</ele>
      </trkpt>
      <trkpt lat="41.00329399108887" lon="24.380571842193604">
        <ele>143.1</ele>
      </trkpt>
      <trkpt lat="41.00307958200574" lon="24.380450304597616">
        <ele>142.36</ele>
      </trkpt>
      <trkpt lat="41.00286517292261" lon="24.38032885082066">
        <ele>141.56</ele>
      </trkpt>
      <trkpt lat="41.00265026092529" lon="24.380207061767578">
        <ele>140.7</ele>
      </trkpt>
      <trkpt lat="41.00239310413599" lon="24.380142772570252">
        <ele>139.92</ele>
      </trkpt>
      <trkpt lat="41.002135276794434" lon="24.380078315734863">
        <ele>139.14</ele>
      </trkpt>
      <trkpt lat="41.001824559643865" lon="24.380056858062744">
        <ele>138.39</ele>
      </trkpt>
      <trkpt lat="41.00151300430298" lon="24.380035400390625">
        <ele>137.63</ele>
      </trkpt>
      <trkpt lat="41.00121301598847" lon="24.380062138661742">
        <ele>136.86</ele>
      </trkpt>
      <trkpt lat="41.00091302767396" lon="24.38008896075189">
        <ele>136.11</ele>
      </trkpt>
      <trkpt lat="41.00061312317848" lon="24.38011569902301">
        <ele>135.43</ele>
      </trkpt>
      <trkpt lat="41.00031137466431" lon="24.38014268875122">
        <ele>134.76</ele>
      </trkpt>
      <trkpt lat="41.00031145848334" lon="24.38014268875122">
        <ele>134.14</ele>
      </trkpt>
      <trkpt lat="41.00002571940422" lon="24.380171187222004">
        <ele>133.47</ele>
      </trkpt>
      <trkpt lat="40.999740064144135" lon="24.38019976951182">
        <ele>132.92</ele>
      </trkpt>
      <trkpt lat="40.99945306777954" lon="24.380228519439697">
        <ele>132.41</ele>
      </trkpt>
      <trkpt lat="40.999238742515445" lon="24.380271350964904">
        <ele>131.89</ele>
      </trkpt>
      <trkpt lat="40.99902391433716" lon="24.380314350128174">
        <ele>131.4</ele>
      </trkpt>
      <trkpt lat="40.99884169176221" lon="24.380389284342527">
        <ele>130.89</ele>
      </trkpt>
      <trkpt lat="40.99865913391113" lon="24.380464553833008">
        <ele>130.39</ele>
      </trkpt>
      <trkpt lat="40.998455453664064" lon="24.38059313222766">
        <ele>129.92</ele>
      </trkpt>
      <trkpt lat="40.99825143814087" lon="24.380722045898438">
        <ele>129.48</ele>
      </trkpt>
      <trkpt lat="40.998111963272095" lon="24.38085070811212">
        <ele>129.06</ele>
      </trkpt>
      <trkpt lat="40.99797248840332" lon="24.380979537963867">
        <ele>128.65</ele>
      </trkpt>
      <trkpt lat="40.99777936935425" lon="24.381215572357178">
        <ele>128.25</ele>
      </trkpt>
      <trkpt lat="40.9976505395025" lon="24.38141950406134">
        <ele>127.86</ele>
      </trkpt>
      <trkpt lat="40.99752196110785" lon="24.38162326812744">
        <ele>127.5</ele>
      </trkpt>
      <trkpt lat="40.99735725671053" lon="24.38190959393978">
        <ele>127.12</ele>
      </trkpt>
      <trkpt lat="40.99719263613224" lon="24.38219591975212">
        <ele>126.8</ele>
      </trkpt>
      <trkpt lat="40.99702843464911" lon="24.382481575012207">
        <ele>126.49</ele>
      </trkpt>
      <trkpt lat="40.996856689453125" lon="24.382717609405518">
        <ele>126.15</ele>
      </trkpt>
      <trkpt lat="40.996685111895204" lon="24.382996559143066">
        <ele>125.83</ele>
      </trkpt>
      <trkpt lat="40.99653490819037" lon="24.3831467628479">
        <ele>125.52</ele>
      </trkpt>
      <trkpt lat="40.99642753601074" lon="24.383211135864258">
        <ele>125.22</ele>
      </trkpt>
      <trkpt lat="40.99627733230591" lon="24.383232593536377">
        <ele>124.91</ele>
      </trkpt>
      <trkpt lat="40.996148670092225" lon="24.383211135864258">
        <ele>124.61</ele>
      </trkpt>
      <trkpt lat="40.99604138173163" lon="24.38316822052002">
        <ele>124.31</ele>
      </trkpt>
      <trkpt lat="40.995869636535645" lon="24.383060932159424">
        <ele>124.01</ele>
      </trkpt>
      <trkpt lat="40.99569789133966" lon="24.38286772929132">
        <ele>123.7</ele>
      </trkpt>
      <trkpt lat="40.99552631378174" lon="24.38267469406128">
        <ele>123.36</ele>
      </trkpt>
      <trkpt lat="40.99529740400612" lon="24.382409993559122">
        <ele>123.01</ele>
      </trkpt>
      <trkpt lat="40.99506849423051" lon="24.382145293056965">
        <ele>122.66</ele>
      </trkpt>
      <trkpt lat="40.994839668273926" lon="24.38188076019287">
        <ele>122.31</ele>
      </trkpt>
      <trkpt lat="40.9946250077337" lon="24.38160164281726">
        <ele>121.93</ele>
      </trkpt>
      <trkpt lat="40.99441034719348" lon="24.38132260926068">
        <ele>121.51</ele>
      </trkpt>
      <trkpt lat="40.99419593811035" lon="24.381043910980225">
        <ele>121.11</ele>
      </trkpt>
      <trkpt lat="40.994013380259275" lon="24.38075398094952">
        <ele>120.72</ele>
      </trkpt>
      <trkpt lat="40.99383124150336" lon="24.380464553833008">
        <ele>120.34</ele>
      </trkpt>
      <trkpt lat="40.99367005750537" lon="24.380153082311153">
        <ele>119.89</ele>
      </trkpt>
      <trkpt lat="40.99350929260254" lon="24.379842281341553">
        <ele>119.38</ele>
      </trkpt>
      <trkpt lat="40.993305277079344" lon="24.37954162247479">
        <ele>118.87</ele>
      </trkpt>
      <trkpt lat="40.993101596832275" lon="24.379241466522217">
        <ele>118.32</ele>
      </trkpt>
      <trkpt lat="40.99295139312744" lon="24.379101991653442">
        <ele>117.74</ele>
      </trkpt>
      <trkpt lat="40.99280118942261" lon="24.378962516784668">
        <ele>117.08</ele>
      </trkpt>
      <trkpt lat="40.99255451001227" lon="24.37874802388251">
        <ele>116.35</ele>
      </trkpt>
      <trkpt lat="40.99230766296387" lon="24.378533363342285">
        <ele>115.54</ele>
      </trkpt>
      <trkpt lat="40.99203960970044" lon="24.378324234858155">
        <ele>114.74</ele>
      </trkpt>
      <trkpt lat="40.991771556437016" lon="24.378115106374025">
        <ele>113.86</ele>
      </trkpt>
      <trkpt lat="40.99150350317359" lon="24.377906061708927">
        <ele>112.95</ele>
      </trkpt>
      <trkpt lat="40.99123486317694" lon="24.37769651412964">
        <ele>112.01</ele>
      </trkpt>
      <trkpt lat="40.99097033031285" lon="24.37749275006354">
        <ele>111.1</ele>
      </trkpt>
      <trkpt lat="40.990705797448754" lon="24.37728898599744">
        <ele>110.16</ele>
      </trkpt>
      <trkpt lat="40.99044134840369" lon="24.37708530575037">
        <ele>109.26</ele>
      </trkpt>
      <trkpt lat="40.9901768155396" lon="24.37688154168427">
        <ele>108.35</ele>
      </trkpt>
      <trkpt lat="40.989912282675505" lon="24.37667777761817">
        <ele>107.44</ele>
      </trkpt>
      <trkpt lat="40.989646911621094" lon="24.376473426818848">
        <ele>106.56</ele>
      </trkpt>
      <trkpt lat="40.98949679173529" lon="24.376323223114014">
        <ele>105.66</ele>
      </trkpt>
      <trkpt lat="40.98927148617804" lon="24.3760943133384">
        <ele>104.73</ele>
      </trkpt>
      <trkpt lat="40.98904618062079" lon="24.375865487381816">
        <ele>103.79</ele>
      </trkpt>
      <trkpt lat="40.98882087506354" lon="24.3756365776062">
        <ele>102.91</ele>
      </trkpt>
      <trkpt lat="40.98859556950629" lon="24.375407751649618">
        <ele>102.03</ele>
      </trkpt>
      <trkpt lat="40.98837026394904" lon="24.375178925693035">
        <ele>101.13</ele>
      </trkpt>
      <trkpt lat="40.988144874572754" lon="24.37494993209839">
        <ele>100.19</ele>
      </trkpt>
      <trkpt lat="40.98793029785156" lon="24.374713813886046">
        <ele>99.21</ele>
      </trkpt>
      <trkpt lat="40.98771572113037" lon="24.374477779492736">
        <ele>98.29</ele>
      </trkpt>
      <trkpt lat="40.98750122822821" lon="24.374241828918457">
        <ele>97.38</ele>
      </trkpt>
      <trkpt lat="40.98734029568732" lon="24.374070167541504">
        <ele>96.5</ele>
      </trkpt>
      <trkpt lat="40.987179363146424" lon="24.37389850616455">
        <ele>95.64</ele>
      </trkpt>
      <trkpt lat="40.98696478642523" lon="24.373675296083093">
        <ele>94.79</ele>
      </trkpt>
      <trkpt lat="40.98675020970404" lon="24.373452169820666">
        <ele>93.96</ele>
      </trkpt>
      <trkpt lat="40.98653563298285" lon="24.37322904355824">
        <ele>93.11</ele>
      </trkpt>
      <trkpt lat="40.98632105626166" lon="24.373005917295814">
        <ele>92.28</ele>
      </trkpt>
      <trkpt lat="40.98610647954047" lon="24.372782707214355">
        <ele>91.45</ele>
      </trkpt>
      <trkpt lat="40.98590472713113" lon="24.37257240526378">
        <ele>90.63</ele>
      </trkpt>
      <trkpt lat="40.98570305854082" lon="24.372362103313208">
        <ele>89.85</ele>
      </trkpt>
      <trkpt lat="40.985501389950514" lon="24.372151885181665">
        <ele>89.08</ele>
      </trkpt>
      <trkpt lat="40.98529972136021" lon="24.37194158323109">
        <ele>88.36</ele>
      </trkpt>
      <trkpt lat="40.98509796895087" lon="24.371731281280518">
        <ele>87.7</ele>
      </trkpt>
      <trkpt lat="40.98486193455756" lon="24.371505975723267">
        <ele>87.03</ele>
      </trkpt>
      <trkpt lat="40.98462590016425" lon="24.371280670166016">
        <ele>86.35</ele>
      </trkpt>
      <trkpt lat="40.98440411500633" lon="24.3710517603904">
        <ele>85.72</ele>
      </trkpt>
      <trkpt lat="40.98418241366744" lon="24.370822934433818">
        <ele>85.11</ele>
      </trkpt>
      <trkpt lat="40.98396071232855" lon="24.370594024658203">
        <ele>84.53</ele>
      </trkpt>
      <trkpt lat="40.983739010989666" lon="24.37036519870162">
        <ele>84.02</ele>
      </trkpt>
      <trkpt lat="40.98351730965078" lon="24.370136288926005">
        <ele>83.54</ele>
      </trkpt>
      <trkpt lat="40.98329552449286" lon="24.36990737915039">
        <ele>83.05</ele>
      </trkpt>
      <trkpt lat="40.98305949009955" lon="24.3696928024292">
        <ele>82.55</ele>
      </trkpt>
      <trkpt lat="40.9829306602478" lon="24.369553327560425">
        <ele>82.08</ele>
      </trkpt>
      <trkpt lat="40.98280191421509" lon="24.36941385269165">
        <ele>81.65</ele>
      </trkpt>
      <trkpt lat="40.98280199803412" lon="24.36941385269165">
        <ele>81.26</ele>
      </trkpt>
      <trkpt lat="40.98256370052695" lon="24.369175555184484">
        <ele>80.87</ele>
      </trkpt>
      <trkpt lat="40.98232548683882" lon="24.368937257677317">
        <ele>80.52</ele>
      </trkpt>
      <trkpt lat="40.98208718933165" lon="24.36869896017015">
        <ele>80.21</ele>
      </trkpt>
      <trkpt lat="40.981848975643516" lon="24.368460746482015">
        <ele>79.88</ele>
      </trkpt>
      <trkpt lat="40.98161067813635" lon="24.368222448974848">
        <ele>79.57</ele>
      </trkpt>
      <trkpt lat="40.981372464448214" lon="24.36798415146768">
        <ele>79.29</ele>
      </trkpt>
      <trkpt lat="40.98113416694105" lon="24.367745937779546">
        <ele>79.05</ele>
      </trkpt>
      <trkpt lat="40.98089595325291" lon="24.36750764027238">
        <ele>78.82</ele>
      </trkpt>
      <trkpt lat="40.980657655745745" lon="24.367269342765212">
        <ele>78.59</ele>
      </trkpt>
      <trkpt lat="40.98041944205761" lon="24.367031129077077">
        <ele>78.39</ele>
      </trkpt>
      <trkpt lat="40.98018114455044" lon="24.36679283156991">
        <ele>78.19</ele>
      </trkpt>
      <trkpt lat="40.97994293086231" lon="24.366554617881775">
        <ele>78.01</ele>
      </trkpt>
      <trkpt lat="40.97970463335514" lon="24.366316320374608">
        <ele>77.83</ele>
      </trkpt>
      <trkpt lat="40.979466419667006" lon="24.36607802286744">
        <ele>77.71</ele>
      </trkpt>
      <trkpt lat="40.97922812215984" lon="24.365839809179306">
        <ele>77.55</ele>
      </trkpt>
      <trkpt lat="40.9789899084717" lon="24.36560151167214">
        <ele>77.44</ele>
      </trkpt>
      <trkpt lat="40.97875161096454" lon="24.365363297984004">
        <ele>77.33</ele>
      </trkpt>
      <trkpt lat="40.9785133972764" lon="24.365125000476837">
        <ele>77.21</ele>
      </trkpt>
      <trkpt lat="40.97827442921698" lon="24.36488628387451">
        <ele>77.09</ele>
      </trkpt>
      <trkpt lat="40.97806337289512" lon="24.364664498716593">
        <ele>76.96</ele>
      </trkpt>
      <trkpt lat="40.977852400392294" lon="24.364442797377706">
        <ele>76.8</ele>
      </trkpt>
      <trkpt lat="40.977641427889466" lon="24.36422109603882">
        <ele>76.68</ele>
      </trkpt>
      <trkpt lat="40.97743045538664" lon="24.36399939469993">
        <ele>76.58</ele>
      </trkpt>
      <trkpt lat="40.97721948288381" lon="24.363777693361044">
        <ele>76.48</ele>
      </trkpt>
      <trkpt lat="40.97700842656195" lon="24.363555908203125">
        <ele>76.37</ele>
      </trkpt>
      <trkpt lat="40.976836597546935" lon="24.36331970617175">
        <ele>76.2</ele>
      </trkpt>
      <trkpt lat="40.97666485235095" lon="24.36308358795941">
        <ele>76.06</ele>
      </trkpt>
      <trkpt lat="40.976493107154965" lon="24.362847469747066">
        <ele>75.95</ele>
      </trkpt>
      <trkpt lat="40.97632169723511" lon="24.362611770629883">
        <ele>75.83</ele>
      </trkpt>
      <trkpt lat="40.97621432505548" lon="24.362418400123715">
        <ele>75.7</ele>
      </trkpt>
      <trkpt lat="40.97610720433295" lon="24.36222553253174">
        <ele>75.53</ele>
      </trkpt>
      <trkpt lat="40.97598901949823" lon="24.36201070435345">
        <ele>75.35</ele>
      </trkpt>
      <trkpt lat="40.97587116993964" lon="24.361796379089355">
        <ele>75.18</ele>
      </trkpt>
      <trkpt lat="40.9757851716131" lon="24.361613737419248">
        <ele>74.99</ele>
      </trkpt>
      <trkpt lat="40.975699508562684" lon="24.36143159866333">
        <ele>74.79</ele>
      </trkpt>
      <trkpt lat="40.97554913721979" lon="24.361173855140805">
        <ele>74.57</ele>
      </trkpt>
      <trkpt lat="40.975399101153016" lon="24.36091661453247">
        <ele>74.33</ele>
      </trkpt>
      <trkpt lat="40.9752703551203" lon="24.36068058013916">
        <ele>74.06</ele>
      </trkpt>
      <trkpt lat="40.975141609087586" lon="24.36042308807373">
        <ele>73.79</ele>
      </trkpt>
      <trkpt lat="40.974960811436176" lon="24.360090075060725">
        <ele>73.49</ele>
      </trkpt>
      <trkpt lat="40.974780013784766" lon="24.35975714586675">
        <ele>73.19</ele>
      </trkpt>
      <trkpt lat="40.974599216133356" lon="24.359424216672778">
        <ele>72.92</ele>
      </trkpt>
      <trkpt lat="40.974418418481946" lon="24.359091287478805">
        <ele>72.66</ele>
      </trkpt>
      <trkpt lat="40.974237620830536" lon="24.35875835828483">
        <ele>72.4</ele>
      </trkpt>
      <trkpt lat="40.97405690699816" lon="24.358425429090858">
        <ele>72.14</ele>
      </trkpt>
      <trkpt lat="40.97387610934675" lon="24.358092583715916">
        <ele>71.85</ele>
      </trkpt>
      <trkpt lat="40.97369531169534" lon="24.357759654521942">
        <ele>71.55</ele>
      </trkpt>
      <trkpt lat="40.97351451404393" lon="24.35742672532797">
        <ele>71.25</ele>
      </trkpt>
      <trkpt lat="40.97333371639252" lon="24.357093796133995">
        <ele>70.98</ele>
      </trkpt>
      <trkpt lat="40.97315300256014" lon="24.35676086694002">
        <ele>70.69</ele>
      </trkpt>
      <trkpt lat="40.97297430038452" lon="24.35643196105957">
        <ele>70.36</ele>
      </trkpt>
      <trkpt lat="40.97297438420355" lon="24.35643196105957">
        <ele>70.06</ele>
      </trkpt>
      <trkpt lat="40.97283834591508" lon="24.356174133718014">
        <ele>69.73</ele>
      </trkpt>
      <trkpt lat="40.972702307626605" lon="24.35591639019549">
        <ele>69.42</ele>
      </trkpt>
      <trkpt lat="40.97256668843329" lon="24.35565948486328">
        <ele>69.13</ele>
      </trkpt>
      <trkpt lat="40.972459400072694" lon="24.355487823486328">
        <ele>68.81</ele>
      </trkpt>
      <trkpt lat="40.972289917990565" lon="24.355189511552453">
        <ele>68.43</ele>
      </trkpt>
      <trkpt lat="40.97212051972747" lon="24.354891199618578">
        <ele>68.1</ele>
      </trkpt>
      <trkpt lat="40.97195103764534" lon="24.354592887684703">
        <ele>67.78</ele>
      </trkpt>
      <trkpt lat="40.97178163938224" lon="24.354294575750828">
        <ele>67.46</ele>
      </trkpt>
      <trkpt lat="40.971612157300115" lon="24.353996263816953">
        <ele>67.12</ele>
      </trkpt>
      <trkpt lat="40.97144275903702" lon="24.35369803570211">
        <ele>66.79</ele>
      </trkpt>
      <trkpt lat="40.97127327695489" lon="24.353399723768234">
        <ele>66.48</ele>
      </trkpt>
      <trkpt lat="40.97110387869179" lon="24.35310141183436">
        <ele>66.24</ele>
      </trkpt>
      <trkpt lat="40.9709358215332" lon="24.352805614471436">
        <ele>66.0</ele>
      </trkpt>
      <trkpt lat="40.970935905352235" lon="24.352805614471436">
        <ele>65.73</ele>
      </trkpt>
      <trkpt lat="40.970875304192305" lon="24.352703019976616">
        <ele>65.48</ele>
      </trkpt>
      <trkpt lat="40.97087496891618" lon="24.352702433243394">
        <ele>65.23</ele>
      </trkpt>
      <trkpt lat="40.97087471745908" lon="24.352701930329204">
        <ele>64.98</ele>
      </trkpt>
      <trkpt lat="40.97087446600199" lon="24.352701427415013">
        <ele>64.75</ele>
      </trkpt>
      <trkpt lat="40.970874382182956" lon="24.352701175957918">
        <ele>64.52</ele>
      </trkpt>
      <trkpt lat="40.97072124481201" lon="24.35244083404541">
        <ele>64.3</ele>
      </trkpt>
      <trkpt lat="40.970656871795654" lon="24.352290630340576">
        <ele>64.1</ele>
      </trkpt>
      <trkpt lat="40.97057112492621" lon="24.352054595947266">
        <ele>63.9</ele>
      </trkpt>
      <trkpt lat="40.97050666809082" lon="24.35194730758667">
        <ele>63.71</ele>
      </trkpt>
      <trkpt lat="40.970463836565614" lon="24.351990222930908">
        <ele>63.54</ele>
      </trkpt>
      <trkpt lat="40.97027071751654" lon="24.352197591215372">
        <ele>63.35</ele>
      </trkpt>
      <trkpt lat="40.97007759846747" lon="24.352405043318868">
        <ele>63.18</ele>
      </trkpt>
      <trkpt lat="40.9698844794184" lon="24.352612495422363">
        <ele>63.06</ele>
      </trkpt>
      <trkpt lat="40.9696841519326" lon="24.352805530652404">
        <ele>62.93</ele>
      </trkpt>
      <trkpt lat="40.96948390826583" lon="24.352998565882444">
        <ele>62.79</ele>
      </trkpt>
      <trkpt lat="40.96928358078003" lon="24.35319185256958">
        <ele>62.69</ele>
      </trkpt>
      <trkpt lat="40.96906372345984" lon="24.35336334630847">
        <ele>62.54</ele>
      </trkpt>
      <trkpt lat="40.96884386613965" lon="24.35353492386639">
        <ele>62.46</ele>
      </trkpt>
      <trkpt lat="40.96862409263849" lon="24.353706501424313">
        <ele>62.4</ele>
      </trkpt>
      <trkpt lat="40.968403816223145" lon="24.353878498077393">
        <ele>62.34</ele>
      </trkpt>
      <trkpt lat="40.968403900042176" lon="24.353878498077393">
        <ele>62.3</ele>
      </trkpt>
      <trkpt lat="40.96823215484619" lon="24.354007244110107">
        <ele>62.26</ele>
      </trkpt>
      <trkpt lat="40.967974830418825" lon="24.354205559939146">
        <ele>62.22</ele>
      </trkpt>
      <trkpt lat="40.96771750599146" lon="24.354403959587216">
        <ele>62.26</ele>
      </trkpt>
      <trkpt lat="40.96746018156409" lon="24.354602275416255">
        <ele>62.32</ele>
      </trkpt>
      <trkpt lat="40.967202270403504" lon="24.354801177978516">
        <ele>62.36</ele>
      </trkpt>
      <trkpt lat="40.966983335092664" lon="24.354973006993532">
        <ele>62.45</ele>
      </trkpt>
      <trkpt lat="40.96676657907665" lon="24.35514290817082">
        <ele>62.56</ele>
      </trkpt>
      <trkpt lat="40.966765908524394" lon="24.355143578723073">
        <ele>62.64</ele>
      </trkpt>
      <trkpt lat="40.96651101484895" lon="24.355344157665968">
        <ele>62.76</ele>
      </trkpt>
      <trkpt lat="40.96625595353544" lon="24.3555445689708">
        <ele>62.85</ele>
      </trkpt>
      <trkpt lat="40.9660005569458" lon="24.355745315551758">
        <ele>62.97</ele>
      </trkpt>
      <trkpt lat="40.965893268585205" lon="24.355809688568115">
        <ele>63.12</ele>
      </trkpt>
      <trkpt lat="40.9656519535929" lon="24.355997275561094">
        <ele>63.27</ele>
      </trkpt>
      <trkpt lat="40.96541072241962" lon="24.356184946373105">
        <ele>63.44</ele>
      </trkpt>
      <trkpt lat="40.96516949124634" lon="24.356372617185116">
        <ele>63.64</ele>
      </trkpt>
      <trkpt lat="40.964927757158875" lon="24.356560707092285">
        <ele>63.85</ele>
      </trkpt>
      <trkpt lat="40.96479901112616" lon="24.35666799545288">
        <ele>64.06</ele>
      </trkpt>
      <trkpt lat="40.96460580825806" lon="24.356839656829834">
        <ele>64.27</ele>
      </trkpt>
      <trkpt lat="40.96443406306207" lon="24.357043504714966">
        <ele>64.52</ele>
      </trkpt>
      <trkpt lat="40.96426248550415" lon="24.357247352600098">
        <ele>64.77</ele>
      </trkpt>
      <trkpt lat="40.96426256932318" lon="24.357247352600098">
        <ele>65.02</ele>
      </trkpt>
      <trkpt lat="40.964112281799316" lon="24.35746201314032">
        <ele>65.3</ele>
      </trkpt>
      <trkpt lat="40.963962161913514" lon="24.35767650604248">
        <ele>65.58</ele>
      </trkpt>
      <trkpt lat="40.963776083663106" lon="24.357926873490214">
        <ele>65.89</ele>
      </trkpt>
      <trkpt lat="40.9635900054127" lon="24.35817732475698">
        <ele>66.17</ele>
      </trkpt>
      <trkpt lat="40.96340426243842" lon="24.35842752456665">
        <ele>66.46</ele>
      </trkpt>
      <trkpt lat="40.96325397491455" lon="24.358642101287842">
        <ele>66.76</ele>
      </trkpt>
      <trkpt lat="40.96305004321039" lon="24.358910406008363">
        <ele>67.08</ele>
      </trkpt>
      <trkpt lat="40.96284627914429" lon="24.35917854309082">
        <ele>67.42</ele>
      </trkpt>
      <trkpt lat="40.96278198994696" lon="24.359264373779297">
        <ele>67.78</ele>
      </trkpt>
      <trkpt lat="40.96251745708287" lon="24.359485991299152">
        <ele>68.15</ele>
      </trkpt>
      <trkpt lat="40.962252924218774" lon="24.359707608819008">
        <ele>68.53</ele>
      </trkpt>
      <trkpt lat="40.96198805607855" lon="24.35992956161499">
        <ele>68.88</ele>
      </trkpt>
      <trkpt lat="40.961923683062196" lon="24.359993934631348">
        <ele>69.28</ele>
      </trkpt>
      <trkpt lat="40.96167700365186" lon="24.360197614878416">
        <ele>69.7</ele>
      </trkpt>
      <trkpt lat="40.961430156603456" lon="24.36040163040161">
        <ele>70.12</ele>
      </trkpt>
      <trkpt lat="40.96117274835706" lon="24.3606267683208">
        <ele>70.59</ele>
      </trkpt>
      <trkpt lat="40.960915172472596" lon="24.360852241516113">
        <ele>71.06</ele>
      </trkpt>
      <trkpt lat="40.96072196960449" lon="24.361023902893066">
        <ele>71.54</ele>
      </trkpt>
      <trkpt lat="40.960464561358094" lon="24.361238311976194">
        <ele>72.05</ele>
      </trkpt>
      <trkpt lat="40.960207069292665" lon="24.36145305633545">
        <ele>72.58</ele>
      </trkpt>
      <trkpt lat="40.96002467907965" lon="24.36161390505731">
        <ele>73.13</ele>
      </trkpt>
      <trkpt lat="40.95984228886664" lon="24.361774921417236">
        <ele>73.68</ele>
      </trkpt>
      <trkpt lat="40.95966350287199" lon="24.361932165920734">
        <ele>74.21</ele>
      </trkpt>
      <trkpt lat="40.95948471687734" lon="24.362089494243264">
        <ele>74.76</ele>
      </trkpt>
      <trkpt lat="40.95930584706366" lon="24.362246990203857">
        <ele>75.33</ele>
      </trkpt>
      <trkpt lat="40.95906972885132" lon="24.36244010925293">
        <ele>75.91</ele>
      </trkpt>
      <trkpt lat="40.95885515213013" lon="24.362633228302002">
        <ele>76.57</ele>
      </trkpt>
      <trkpt lat="40.958662033081055" lon="24.362804805859923">
        <ele>77.21</ele>
      </trkpt>
      <trkpt lat="40.958468997851014" lon="24.362976383417845">
        <ele>77.84</ele>
      </trkpt>
      <trkpt lat="40.95827579498291" lon="24.36314821243286">
        <ele>78.49</ele>
      </trkpt>
      <trkpt lat="40.9580344799906" lon="24.36335734091699">
        <ele>79.17</ele>
      </trkpt>
      <trkpt lat="40.95779316499829" lon="24.36356646940112">
        <ele>79.84</ele>
      </trkpt>
      <trkpt lat="40.957551933825016" lon="24.36377559788525">
        <ele>80.54</ele>
      </trkpt>
      <trkpt lat="40.95731028355658" lon="24.363985061645508">
        <ele>81.27</ele>
      </trkpt>
      <trkpt lat="40.95708858221769" lon="24.36417809687555">
        <ele>81.97</ele>
      </trkpt>
      <trkpt lat="40.956866880878806" lon="24.36437113210559">
        <ele>82.69</ele>
      </trkpt>
      <trkpt lat="40.956645011901855" lon="24.364564418792725">
        <ele>83.46</ele>
      </trkpt>
      <trkpt lat="40.95664509572089" lon="24.364564418792725">
        <ele>84.21</ele>
      </trkpt>
      <trkpt lat="40.95649480819702" lon="24.36469316482544">
        <ele>85.0</ele>
      </trkpt>
      <trkpt lat="40.95624812878668" lon="24.36491838656366">
        <ele>85.81</ele>
      </trkpt>
      <trkpt lat="40.95600136555731" lon="24.36514377593994">
        <ele>86.63</ele>
      </trkpt>
      <trkpt lat="40.955765331164" lon="24.365336894989014">
        <ele>87.39</ele>
      </trkpt>
      <trkpt lat="40.95559366978705" lon="24.365487098693848">
        <ele>88.2</ele>
      </trkpt>
      <trkpt lat="40.95535755157471" lon="24.36570167541504">
        <ele>89.05</ele>
      </trkpt>
      <trkpt lat="40.95535763539374" lon="24.36570167541504">
        <ele>89.89</ele>
      </trkpt>
      <trkpt lat="40.95529326237738" lon="24.365744590759277">
        <ele>90.74</ele>
      </trkpt>
      <trkpt lat="40.95505714416504" lon="24.36595916748047">
        <ele>91.64</ele>
      </trkpt>
      <trkpt lat="40.95505722798407" lon="24.36595916748047">
        <ele>92.5</ele>
      </trkpt>
      <trkpt lat="40.954917753115296" lon="24.366077100858092">
        <ele>93.38</ele>
      </trkpt>
      <trkpt lat="40.95477819442749" lon="24.36619520187378">
        <ele>94.25</ele>
      </trkpt>
      <trkpt lat="40.95477827824652" lon="24.36619520187378">
        <ele>95.11</ele>
      </trkpt>
      <trkpt lat="40.954735362902284" lon="24.366259574890137">
        <ele>95.97</ele>
      </trkpt>
      <trkpt lat="40.954477954655886" lon="24.366481192409992">
        <ele>96.82</ele>
      </trkpt>
      <trkpt lat="40.95422054640949" lon="24.366702809929848">
        <ele>97.68</ele>
      </trkpt>
      <trkpt lat="40.953962886705995" lon="24.36692476272583">
        <ele>98.57</ele>
      </trkpt>
      <trkpt lat="40.9538555983454" lon="24.367010593414307">
        <ele>99.42</ele>
      </trkpt>
      <trkpt lat="40.953626772388816" lon="24.367210753262043">
        <ele>100.27</ele>
      </trkpt>
      <trkpt lat="40.95339794643223" lon="24.36741091310978">
        <ele>101.14</ele>
      </trkpt>
      <trkpt lat="40.953168952837586" lon="24.367611408233643">
        <ele>102.0</ele>
      </trkpt>
      <trkpt lat="40.95291456207633" lon="24.36783503741026">
        <ele>102.76</ele>
      </trkpt>
      <trkpt lat="40.952660255134106" lon="24.368058750405908">
        <ele>103.45</ele>
      </trkpt>
      <trkpt lat="40.95240586437285" lon="24.368282463401556">
        <ele>104.16</ele>
      </trkpt>
      <trkpt lat="40.952151557430625" lon="24.368506176397204">
        <ele>104.84</ele>
      </trkpt>
      <trkpt lat="40.95189716666937" lon="24.36872980557382">
        <ele>105.42</ele>
      </trkpt>
      <trkpt lat="40.951642859727144" lon="24.36895351856947">
        <ele>105.97</ele>
      </trkpt>
      <trkpt lat="40.951387882232666" lon="24.36917781829834">
        <ele>106.45</ele>
      </trkpt>
      <trkpt lat="40.95123767852783" lon="24.369306480512023">
        <ele>106.87</ele>
      </trkpt>
      <trkpt lat="40.951087474823" lon="24.36943531036377">
        <ele>107.25</ele>
      </trkpt>
      <trkpt lat="40.95080852508545" lon="24.369606971740723">
        <ele>107.62</ele>
      </trkpt>
      <trkpt lat="40.950658321380615" lon="24.369499683380127">
        <ele>107.84</ele>
      </trkpt>
      <trkpt lat="40.95057249069214" lon="24.369285106658936">
        <ele>107.93</ele>
      </trkpt>
      <trkpt lat="40.95055094920099" lon="24.368919488042593">
        <ele>107.91</ele>
      </trkpt>
      <trkpt lat="40.9505295753479" lon="24.368555545806885">
        <ele>107.87</ele>
      </trkpt>
      <trkpt lat="40.95051884651184" lon="24.36822211369872">
        <ele>107.77</ele>
      </trkpt>
      <trkpt lat="40.95050820149481" lon="24.36789035797119">
        <ele>107.57</ele>
      </trkpt>
      <trkpt lat="40.950486743822694" lon="24.367611408233643">
        <ele>107.33</ele>
      </trkpt>
      <trkpt lat="40.95048666000366" lon="24.367611408233643">
        <ele>107.11</ele>
      </trkpt>
      <trkpt lat="40.950460843741894" lon="24.36721997335553">
        <ele>106.73</ele>
      </trkpt>
      <trkpt lat="40.950435027480125" lon="24.36682853847742">
        <ele>106.33</ele>
      </trkpt>
      <trkpt lat="40.95040921121836" lon="24.36643710359931">
        <ele>105.93</ele>
      </trkpt>
      <trkpt lat="40.95038339495659" lon="24.36604575254023">
        <ele>105.51</ele>
      </trkpt>
      <trkpt lat="40.95035791397095" lon="24.3656587600708">
        <ele>105.01</ele>
      </trkpt>
      <trkpt lat="40.950336372479796" lon="24.36533614061773">
        <ele>104.46</ele>
      </trkpt>
      <trkpt lat="40.95031508244574" lon="24.365015029907227">
        <ele>103.9</ele>
      </trkpt>
      <trkpt lat="40.95031499862671" lon="24.36490774154663">
        <ele>103.28</ele>
      </trkpt>
      <trkpt lat="40.95030418597162" lon="24.364563580602407">
        <ele>102.64</ele>
      </trkpt>
      <trkpt lat="40.95029354095459" lon="24.36422109603882">
        <ele>101.99</ele>
      </trkpt>
      <trkpt lat="40.95027199946344" lon="24.363829661160707">
        <ele>101.3</ele>
      </trkpt>
      <trkpt lat="40.95025045797229" lon="24.363438226282597">
        <ele>100.5</ele>
      </trkpt>
      <trkpt lat="40.95022900030017" lon="24.363046791404486">
        <ele>99.7</ele>
      </trkpt>
      <trkpt lat="40.95020745880902" lon="24.362655440345407">
        <ele>98.83</ele>
      </trkpt>
      <trkpt lat="40.950186252593994" lon="24.362268447875977">
        <ele>97.85</ele>
      </trkpt>
      <trkpt lat="40.95017904415727" lon="24.36186695471406">
        <ele>96.77</ele>
      </trkpt>
      <trkpt lat="40.95017183572054" lon="24.361465461552143">
        <ele>95.58</ele>
      </trkpt>
      <trkpt lat="40.950164794921875" lon="24.361066818237305">
        <ele>94.35</ele>
      </trkpt>
      <trkpt lat="40.950186252593994" lon="24.360658200457692">
        <ele>93.18</ele>
      </trkpt>
      <trkpt lat="40.950207794085145" lon="24.36024958267808">
        <ele>91.91</ele>
      </trkpt>
      <trkpt lat="40.95022916793823" lon="24.359843730926514">
        <ele>90.61</ele>
      </trkpt>
      <trkpt lat="40.95026135444641" lon="24.35949956998229">
        <ele>89.35</ele>
      </trkpt>
      <trkpt lat="40.95029354095459" lon="24.3591570854187">
        <ele>88.06</ele>
      </trkpt>
      <trkpt lat="40.95029354095459" lon="24.359006881713867">
        <ele>86.86</ele>
      </trkpt>
      <trkpt lat="40.950327487662435" lon="24.35864880681038">
        <ele>85.67</ele>
      </trkpt>
      <trkpt lat="40.95036143437028" lon="24.358290815725923">
        <ele>84.49</ele>
      </trkpt>
      <trkpt lat="40.950395464897156" lon="24.357932740822434">
        <ele>83.31</ele>
      </trkpt>
      <trkpt lat="40.950429160147905" lon="24.357577934861183">
        <ele>82.12</ele>
      </trkpt>
      <trkpt lat="40.95039512962103" lon="24.35793592594564">
        <ele>80.98</ele>
      </trkpt>
      <trkpt lat="40.950361182913184" lon="24.358293917030096">
        <ele>79.84</ele>
      </trkpt>
      <trkpt lat="40.95032715238631" lon="24.358651991933584">
        <ele>78.69</ele>
      </trkpt>
      <trkpt lat="40.95029354095459" lon="24.359006881713867">
        <ele>86.86</ele>
      </trkpt>
      <trkpt lat="40.950327487662435" lon="24.35864880681038">
        <ele>85.67</ele>
      </trkpt>
      <trkpt lat="40.95036143437028" lon="24.358290815725923">
        <ele>84.49</ele>
      </trkpt>
      <trkpt lat="40.950395464897156" lon="24.357932740822434">
        <ele>83.31</ele>
      </trkpt>
      <trkpt lat="40.950429076328874" lon="24.357577934861183">
        <ele>73.15</ele>
      </trkpt>
      <trkpt lat="40.95046503469348" lon="24.357199408113956">
        <ele>72.06</ele>
      </trkpt>
      <trkpt lat="40.950500909239054" lon="24.35682088136673">
        <ele>71.0</ele>
      </trkpt>
      <trkpt lat="40.95053686760366" lon="24.356442354619503">
        <ele>69.98</ele>
      </trkpt>
      <trkpt lat="40.95057249069214" lon="24.356067180633545">
        <ele>68.94</ele>
      </trkpt>
      <trkpt lat="40.95059394836426" lon="24.355744561180472">
        <ele>67.91</ele>
      </trkpt>
      <trkpt lat="40.95061540603638" lon="24.35542345046997">
        <ele>66.92</ele>
      </trkpt>
      <trkpt lat="40.95060098916292" lon="24.355107955634594">
        <ele>65.97</ele>
      </trkpt>
      <trkpt lat="40.9505866561085" lon="24.35479254461825">
        <ele>65.07</ele>
      </trkpt>
      <trkpt lat="40.95057249069214" lon="24.35447931289673">
        <ele>64.19</ele>
      </trkpt>
      <trkpt lat="40.95051867887378" lon="24.354113694280386">
        <ele>63.33</ele>
      </trkpt>
      <trkpt lat="40.95046520233154" lon="24.353749752044678">
        <ele>62.48</ele>
      </trkpt>
      <trkpt lat="40.95039077103138" lon="24.353375919163227">
        <ele>61.64</ele>
      </trkpt>
      <trkpt lat="40.950316339731216" lon="24.353002086281776">
        <ele>60.86</ele>
      </trkpt>
      <trkpt lat="40.95024190843105" lon="24.352628337219357">
        <ele>60.1</ele>
      </trkpt>
      <trkpt lat="40.95016747713089" lon="24.352254504337907">
        <ele>59.35</ele>
      </trkpt>
      <trkpt lat="40.95009304583073" lon="24.351880755275488">
        <ele>58.62</ele>
      </trkpt>
      <trkpt lat="40.95001861453056" lon="24.351506922394037">
        <ele>57.97</ele>
      </trkpt>
      <trkpt lat="40.9499441832304" lon="24.351133089512587">
        <ele>57.35</ele>
      </trkpt>
      <trkpt lat="40.94986983574927" lon="24.350759340450168">
        <ele>56.75</ele>
      </trkpt>
      <trkpt lat="40.949795404449105" lon="24.350385507568717">
        <ele>56.16</ele>
      </trkpt>
      <trkpt lat="40.94972097314894" lon="24.350011758506298">
        <ele>55.61</ele>
      </trkpt>
      <trkpt lat="40.94964654184878" lon="24.349637925624847">
        <ele>55.07</ele>
      </trkpt>
      <trkpt lat="40.949572110548615" lon="24.34926417656243">
        <ele>54.52</ele>
      </trkpt>
      <trkpt lat="40.94949960708618" lon="24.348900318145752">
        <ele>54.04</ele>
      </trkpt>
      <trkpt lat="40.94942081719637" lon="24.348642323166132">
        <ele>53.59</ele>
      </trkpt>
      <trkpt lat="40.94934202730656" lon="24.348384412005544">
        <ele>53.18</ele>
      </trkpt>
      <trkpt lat="40.9492636565119" lon="24.348127841949463">
        <ele>52.79</ele>
      </trkpt>
      <trkpt lat="40.94913491047919" lon="24.347848892211914">
        <ele>52.43</ele>
      </trkpt>
      <trkpt lat="40.94904891215265" lon="24.347633980214596">
        <ele>52.1</ele>
      </trkpt>
      <trkpt lat="40.948963249102235" lon="24.34741973876953">
        <ele>51.8</ele>
      </trkpt>
      <trkpt lat="40.9489631652832" lon="24.34741973876953">
        <ele>51.54</ele>
      </trkpt>
      <trkpt lat="40.948823438957334" lon="24.347070464864373">
        <ele>51.3</ele>
      </trkpt>
      <trkpt lat="40.948683796450496" lon="24.346721274778247">
        <ele>51.1</ele>
      </trkpt>
      <trkpt lat="40.94854415394366" lon="24.34637208469212">
        <ele>50.9</ele>
      </trkpt>
      <trkpt lat="40.94840534962714" lon="24.346024990081787">
        <ele>50.76</ele>
      </trkpt>
      <trkpt lat="40.94826562330127" lon="24.34576716274023">
        <ele>50.63</ele>
      </trkpt>
      <trkpt lat="40.94812631607056" lon="24.345510005950928">
        <ele>50.54</ele>
      </trkpt>
      <trkpt lat="40.94793302938342" lon="24.345187805593014">
        <ele>50.47</ele>
      </trkpt>
      <trkpt lat="40.947739742696285" lon="24.34486568905413">
        <ele>50.42</ele>
      </trkpt>
      <trkpt lat="40.94754645600915" lon="24.34454357251525">
        <ele>50.37</ele>
      </trkpt>
      <trkpt lat="40.947353253141046" lon="24.344221455976367">
        <ele>50.38</ele>
      </trkpt>
      <trkpt lat="40.94715996645391" lon="24.343899339437485">
        <ele>50.41</ele>
      </trkpt>
      <trkpt lat="40.946966679766774" lon="24.343577222898602">
        <ele>50.51</ele>
      </trkpt>
      <trkpt lat="40.94677347689867" lon="24.34325502254069">
        <ele>50.57</ele>
      </trkpt>
      <trkpt lat="40.946580190211535" lon="24.342932906001806">
        <ele>50.63</ele>
      </trkpt>
      <trkpt lat="40.94638832844794" lon="24.342613220214844">
        <ele>50.7</ele>
      </trkpt>
      <trkpt lat="40.94632395543158" lon="24.34248447418213">
        <ele>50.82</ele>
      </trkpt>
      <trkpt lat="40.946152126416564" lon="24.342194544151425">
        <ele>50.97</ele>
      </trkpt>
      <trkpt lat="40.94598029740155" lon="24.341904614120722">
        <ele>51.15</ele>
      </trkpt>
      <trkpt lat="40.94580846838653" lon="24.34161468409002">
        <ele>51.37</ele>
      </trkpt>
      <trkpt lat="40.94563730992377" lon="24.341325759887695">
        <ele>51.61</ele>
      </trkpt>
      <trkpt lat="40.94555147923529" lon="24.34117555618286">
        <ele>51.82</ele>
      </trkpt>
      <trkpt lat="40.945401107892394" lon="24.34093214571476">
        <ele>52.05</ele>
      </trkpt>
      <trkpt lat="40.94525082036853" lon="24.34068873524666">
        <ele>52.32</ele>
      </trkpt>
      <trkpt lat="40.94510086812079" lon="24.34044599533081">
        <ele>52.61</ele>
      </trkpt>
      <trkpt lat="40.944929206743836" lon="24.340102672576904">
        <ele>52.88</ele>
      </trkpt>
      <trkpt lat="40.944807417690754" lon="24.339873511344194">
        <ele>53.14</ele>
      </trkpt>
      <trkpt lat="40.9446857124567" lon="24.339644433930516">
        <ele>53.39</ele>
      </trkpt>
      <trkpt lat="40.94456442631781" lon="24.339416027069092">
        <ele>53.68</ele>
      </trkpt>
      <trkpt lat="40.94443551264703" lon="24.339136658236384">
        <ele>54.01</ele>
      </trkpt>
      <trkpt lat="40.94430693425238" lon="24.338858127593994">
        <ele>54.3</ele>
      </trkpt>
      <trkpt lat="40.94419947825372" lon="24.33856434188783">
        <ele>54.65</ele>
      </trkpt>
      <trkpt lat="40.94409202225506" lon="24.3382706400007">
        <ele>54.98</ele>
      </trkpt>
      <trkpt lat="40.943985069170594" lon="24.33797836303711">
        <ele>55.29</ele>
      </trkpt>
      <trkpt lat="40.943856071680784" lon="24.33764166198671">
        <ele>55.57</ele>
      </trkpt>
      <trkpt lat="40.943727158010006" lon="24.337304960936308">
        <ele>55.87</ele>
      </trkpt>
      <trkpt lat="40.94359883107245" lon="24.33696985244751">
        <ele>56.19</ele>
      </trkpt>
      <trkpt lat="40.94345558434725" lon="24.33663315139711">
        <ele>56.43</ele>
      </trkpt>
      <trkpt lat="40.94331233762205" lon="24.33629653416574">
        <ele>56.67</ele>
      </trkpt>
      <trkpt lat="40.94316967763007" lon="24.33596134185791">
        <ele>56.93</ele>
      </trkpt>
      <trkpt lat="40.94303003512323" lon="24.335671244189143">
        <ele>57.21</ele>
      </trkpt>
      <trkpt lat="40.94289072789252" lon="24.335381984710693">
        <ele>57.45</ele>
      </trkpt>
      <trkpt lat="40.942768938839436" lon="24.33511694893241">
        <ele>57.67</ele>
      </trkpt>
      <trkpt lat="40.942647233605385" lon="24.334851996973157">
        <ele>57.9</ele>
      </trkpt>
      <trkpt lat="40.94252594746649" lon="24.334588050842285">
        <ele>58.11</ele>
      </trkpt>
      <trkpt lat="40.942397117614746" lon="24.334287643432617">
        <ele>58.29</ele>
      </trkpt>
      <trkpt lat="40.94228991307318" lon="24.334051609039307">
        <ele>58.45</ele>
      </trkpt>
      <trkpt lat="40.94213409349322" lon="24.33372396044433">
        <ele>58.6</ele>
      </trkpt>
      <trkpt lat="40.941978357732296" lon="24.333396311849356">
        <ele>58.74</ele>
      </trkpt>
      <trkpt lat="40.94182262197137" lon="24.33306866325438">
        <ele>58.87</ele>
      </trkpt>
      <trkpt lat="40.94166764058173" lon="24.33274269104004">
        <ele>58.99</ele>
      </trkpt>
      <trkpt lat="40.94150645658374" lon="24.332398949190974">
        <ele>59.08</ele>
      </trkpt>
      <trkpt lat="40.94134569168091" lon="24.332056045532227">
        <ele>59.14</ele>
      </trkpt>
      <trkpt lat="40.94132423400879" lon="24.33201313018799">
        <ele>59.19</ele>
      </trkpt>
      <trkpt lat="40.94118450768292" lon="24.331701574847102">
        <ele>59.2</ele>
      </trkpt>
      <trkpt lat="40.94104528427124" lon="24.331390857696533">
        <ele>59.22</ele>
      </trkpt>
      <trkpt lat="40.940916538238525" lon="24.331154823303223">
        <ele>59.2</ele>
      </trkpt>
      <trkpt lat="40.94076633453369" lon="24.330854415893555">
        <ele>59.18</ele>
      </trkpt>
      <trkpt lat="40.94068033620715" lon="24.330671774223447">
        <ele>59.15</ele>
      </trkpt>
      <trkpt lat="40.94059467315674" lon="24.33048963546753">
        <ele>59.1</ele>
      </trkpt>
      <trkpt lat="40.940472884103656" lon="24.330224599689245">
        <ele>59.03</ele>
      </trkpt>
      <trkpt lat="40.940351178869605" lon="24.329959647729993">
        <ele>58.91</ele>
      </trkpt>
      <trkpt lat="40.94022989273071" lon="24.32969570159912">
        <ele>58.79</ele>
      </trkpt>
      <trkpt lat="40.940096620470285" lon="24.32937760837376">
        <ele>58.65</ele>
      </trkpt>
      <trkpt lat="40.93996343202889" lon="24.329059598967433">
        <ele>58.52</ele>
      </trkpt>
      <trkpt lat="40.939830243587494" lon="24.328741589561105">
        <ele>58.34</ele>
      </trkpt>
      <trkpt lat="40.9396970551461" lon="24.328423580154777">
        <ele>58.15</ele>
      </trkpt>
      <trkpt lat="40.93956478871405" lon="24.328107833862305">
        <ele>57.97</ele>
      </trkpt>
      <trkpt lat="40.93941433355212" lon="24.327764008194208">
        <ele>57.77</ele>
      </trkpt>
      <trkpt lat="40.93926438130438" lon="24.327421188354492">
        <ele>57.56</ele>
      </trkpt>
      <trkpt lat="40.939124654978514" lon="24.32709169574082">
        <ele>57.33</ele>
      </trkpt>
      <trkpt lat="40.938985012471676" lon="24.326762203127146">
        <ele>57.09</ele>
      </trkpt>
      <trkpt lat="40.938845286145806" lon="24.326432710513473">
        <ele>56.89</ele>
      </trkpt>
      <trkpt lat="40.93870564363897" lon="24.32610330171883">
        <ele>56.68</ele>
      </trkpt>
      <trkpt lat="40.9385659173131" lon="24.325773809105158">
        <ele>56.49</ele>
      </trkpt>
      <trkpt lat="40.938427448272705" lon="24.32544708251953">
        <ele>56.27</ele>
      </trkpt>
      <trkpt lat="40.93828059732914" lon="24.32509722188115">
        <ele>56.05</ele>
      </trkpt>
      <trkpt lat="40.938133746385574" lon="24.324747445061803">
        <ele>55.86</ele>
      </trkpt>
      <trkpt lat="40.93798697926104" lon="24.324397668242455">
        <ele>55.65</ele>
      </trkpt>
      <trkpt lat="40.937840128317475" lon="24.324047891423106">
        <ele>55.51</ele>
      </trkpt>
      <trkpt lat="40.93769327737391" lon="24.323698114603758">
        <ele>55.35</ele>
      </trkpt>
      <trkpt lat="40.937546510249376" lon="24.32334833778441">
        <ele>55.18</ele>
      </trkpt>
      <trkpt lat="40.93739965930581" lon="24.32299856096506">
        <ele>55.03</ele>
      </trkpt>
      <trkpt lat="40.93725289218128" lon="24.322648784145713">
        <ele>54.85</ele>
      </trkpt>
      <trkpt lat="40.93710604123771" lon="24.322299007326365">
        <ele>54.71</ele>
      </trkpt>
      <trkpt lat="40.93695919029415" lon="24.321949230507016">
        <ele>54.61</ele>
      </trkpt>
      <trkpt lat="40.93681242316961" lon="24.321599453687668">
        <ele>54.51</ele>
      </trkpt>
      <trkpt lat="40.93666557222605" lon="24.32124967686832">
        <ele>54.44</ele>
      </trkpt>
      <trkpt lat="40.936518805101514" lon="24.32089990004897">
        <ele>54.35</ele>
      </trkpt>
      <trkpt lat="40.93637195415795" lon="24.320550207048655">
        <ele>54.26</ele>
      </trkpt>
      <trkpt lat="40.93622510321438" lon="24.320200430229306">
        <ele>54.21</ele>
      </trkpt>
      <trkpt lat="40.93607833608985" lon="24.319850653409958">
        <ele>54.25</ele>
      </trkpt>
      <trkpt lat="40.935931485146284" lon="24.31950087659061">
        <ele>54.32</ele>
      </trkpt>
      <trkpt lat="40.93578823842108" lon="24.319159984588623">
        <ele>54.37</ele>
      </trkpt>
      <trkpt lat="40.93568069860339" lon="24.318912886083126">
        <ele>54.42</ele>
      </trkpt>
      <trkpt lat="40.93557357788086" lon="24.318666458129883">
        <ele>54.52</ele>
      </trkpt>
      <trkpt lat="40.93544458039105" lon="24.31835020892322">
        <ele>54.65</ele>
      </trkpt>
      <trkpt lat="40.93531566672027" lon="24.31803404353559">
        <ele>54.81</ele>
      </trkpt>
      <trkpt lat="40.93518675304949" lon="24.31771787814796">
        <ele>54.93</ele>
      </trkpt>
      <trkpt lat="40.935057839378715" lon="24.31740171276033">
        <ele>55.11</ele>
      </trkpt>
      <trkpt lat="40.934928925707936" lon="24.317085463553667">
        <ele>55.31</ele>
      </trkpt>
      <trkpt lat="40.93480001203716" lon="24.316769298166037">
        <ele>55.52</ele>
      </trkpt>
      <trkpt lat="40.93467243947089" lon="24.31645631790161">
        <ele>55.77</ele>
      </trkpt>
      <trkpt lat="40.93458660878241" lon="24.31626319885254">
        <ele>56.05</ele>
      </trkpt>
      <trkpt lat="40.93450061045587" lon="24.31606982834637">
        <ele>56.36</ele>
      </trkpt>
      <trkpt lat="40.934414863586426" lon="24.315876960754395">
        <ele>56.66</ele>
      </trkpt>
      <trkpt lat="40.93432911671698" lon="24.315640926361084">
        <ele>56.95</ele>
      </trkpt>
      <trkpt lat="40.93418939039111" lon="24.315318558365107">
        <ele>57.29</ele>
      </trkpt>
      <trkpt lat="40.9340500831604" lon="24.31499719619751">
        <ele>57.71</ele>
      </trkpt>
      <trkpt lat="40.93400716781616" lon="24.314911365509033">
        <ele>58.09</ele>
      </trkpt>
      <trkpt lat="40.93392142094672" lon="24.314696788787842">
        <ele>58.48</ele>
      </trkpt>
      <trkpt lat="40.93383559025824" lon="24.31446075439453">
        <ele>58.85</ele>
      </trkpt>
      <trkpt lat="40.93383550643921" lon="24.31446075439453">
        <ele>59.25</ele>
      </trkpt>
      <trkpt lat="40.93372268602252" lon="24.314170572906733">
        <ele>59.61</ele>
      </trkpt>
      <trkpt lat="40.93360986560583" lon="24.313880475237966">
        <ele>60.05</ele>
      </trkpt>
      <trkpt lat="40.93349704518914" lon="24.3135903775692">
        <ele>60.5</ele>
      </trkpt>
      <trkpt lat="40.93338497914374" lon="24.313302040100098">
        <ele>60.95</ele>
      </trkpt>
      <trkpt lat="40.9332989808172" lon="24.313044045120478">
        <ele>61.4</ele>
      </trkpt>
      <trkpt lat="40.933213317766786" lon="24.31278705596924">
        <ele>61.87</ele>
      </trkpt>
      <trkpt lat="40.933213233947754" lon="24.31278705596924">
        <ele>62.3</ele>
      </trkpt>
      <trkpt lat="40.933111142367125" lon="24.31246996857226">
        <ele>62.74</ele>
      </trkpt>
      <trkpt lat="40.933009050786495" lon="24.31215296499431">
        <ele>63.2</ele>
      </trkpt>
      <trkpt lat="40.932906959205866" lon="24.311835877597332">
        <ele>63.65</ele>
      </trkpt>
      <trkpt lat="40.93280562199652" lon="24.31152105331421">
        <ele>64.09</ele>
      </trkpt>
      <trkpt lat="40.932719791308045" lon="24.31124210357666">
        <ele>64.51</ele>
      </trkpt>
      <trkpt lat="40.932655250653625" lon="24.31103783659637">
        <ele>64.89</ele>
      </trkpt>
      <trkpt lat="40.93259104527533" lon="24.310834407806396">
        <ele>65.27</ele>
      </trkpt>
      <trkpt lat="40.932505214586854" lon="24.310576915740967">
        <ele>65.65</ele>
      </trkpt>
      <trkpt lat="40.93240840360522" lon="24.310222193598747">
        <ele>66.02</ele>
      </trkpt>
      <trkpt lat="40.93231209553778" lon="24.309868812561035">
        <ele>66.4</ele>
      </trkpt>
      <trkpt lat="40.93218334950507" lon="24.30950403213501">
        <ele>66.73</ele>
      </trkpt>
      <trkpt lat="40.932183265686035" lon="24.30950403213501">
        <ele>66.98</ele>
      </trkpt>
      <trkpt lat="40.93208293430507" lon="24.309167247265577">
        <ele>67.25</ele>
      </trkpt>
      <trkpt lat="40.93198268674314" lon="24.308830462396145">
        <ele>67.51</ele>
      </trkpt>
      <trkpt lat="40.9318829420954" lon="24.30849552154541">
        <ele>67.7</ele>
      </trkpt>
      <trkpt lat="40.93181848526001" lon="24.308130741119385">
        <ele>67.75</ele>
      </trkpt>
      <trkpt lat="40.93175394460559" lon="24.307851204648614">
        <ele>67.78</ele>
      </trkpt>
      <trkpt lat="40.931689739227295" lon="24.307572841644287">
        <ele>67.81</ele>
      </trkpt>
      <trkpt lat="40.93162536621094" lon="24.307186603546143">
        <ele>67.85</ele>
      </trkpt>
      <trkpt lat="40.93155361711979" lon="24.30684973485768">
        <ele>67.87</ele>
      </trkpt>
      <trkpt lat="40.93148195184767" lon="24.306512866169214">
        <ele>67.82</ele>
      </trkpt>
      <trkpt lat="40.931410789489746" lon="24.306178092956543">
        <ele>67.74</ele>
      </trkpt>
      <trkpt lat="40.931346248835325" lon="24.305842649191618">
        <ele>67.66</ele>
      </trkpt>
      <trkpt lat="40.931281791999936" lon="24.305507205426693">
        <ele>67.53</ele>
      </trkpt>
      <trkpt lat="40.931217251345515" lon="24.305171761661768">
        <ele>67.39</ele>
      </trkpt>
      <trkpt lat="40.931152794510126" lon="24.304836317896843">
        <ele>67.25</ele>
      </trkpt>
      <trkpt lat="40.93108900822699" lon="24.30450439453125">
        <ele>67.09</ele>
      </trkpt>
      <trkpt lat="40.93105673789978" lon="24.30420331656933">
        <ele>66.95</ele>
      </trkpt>
      <trkpt lat="40.93102463521063" lon="24.303903579711914">
        <ele>66.8</ele>
      </trkpt>
      <trkpt lat="40.93097082339227" lon="24.303591772913933">
        <ele>66.62</ele>
      </trkpt>
      <trkpt lat="40.930917263031006" lon="24.30328130722046">
        <ele>66.42</ele>
      </trkpt>
      <trkpt lat="40.93083143234253" lon="24.30302381515503">
        <ele>66.15</ele>
      </trkpt>
      <trkpt lat="40.93067033216357" lon="24.302733801305294">
        <ele>65.9</ele>
      </trkpt>
      <trkpt lat="40.930509651079774" lon="24.302444458007812">
        <ele>65.58</ele>
      </trkpt>
      <trkpt lat="40.93031636439264" lon="24.30214379914105">
        <ele>65.24</ele>
      </trkpt>
      <trkpt lat="40.93012341298163" lon="24.301843643188477">
        <ele>64.94</ele>
      </trkpt>
      <trkpt lat="40.92995158396661" lon="24.301564441993833">
        <ele>64.64</ele>
      </trkpt>
      <trkpt lat="40.929779754951596" lon="24.30128524079919">
        <ele>64.38</ele>
      </trkpt>
      <trkpt lat="40.92960800975561" lon="24.301006123423576">
        <ele>64.13</ele>
      </trkpt>
      <trkpt lat="40.92943676747382" lon="24.30072784423828">
        <ele>63.87</ele>
      </trkpt>
      <trkpt lat="40.92924348078668" lon="24.300405643880367">
        <ele>63.6</ele>
      </trkpt>
      <trkpt lat="40.929050194099545" lon="24.300083527341485">
        <ele>63.31</ele>
      </trkpt>
      <trkpt lat="40.9288574103266" lon="24.29976224899292">
        <ele>63.04</ele>
      </trkpt>
      <trkpt lat="40.92869991436601" lon="24.299504505470395">
        <ele>62.78</ele>
      </trkpt>
      <trkpt lat="40.928542418405414" lon="24.299246845766902">
        <ele>62.54</ele>
      </trkpt>
      <trkpt lat="40.92838534153998" lon="24.29898977279663">
        <ele>62.33</ele>
      </trkpt>
      <trkpt lat="40.92838525772095" lon="24.29898977279663">
        <ele>62.12</ele>
      </trkpt>
      <trkpt lat="40.9282080642879" lon="24.298710571601987">
        <ele>61.95</ele>
      </trkpt>
      <trkpt lat="40.928030954673886" lon="24.298431454226375">
        <ele>61.78</ele>
      </trkpt>
      <trkpt lat="40.92785384505987" lon="24.298152336850762">
        <ele>61.6</ele>
      </trkpt>
      <trkpt lat="40.92767723836005" lon="24.297873973846436">
        <ele>61.4</ele>
      </trkpt>
      <trkpt lat="40.92752686701715" lon="24.2975839599967">
        <ele>61.23</ele>
      </trkpt>
      <trkpt lat="40.92737683095038" lon="24.29729461669922">
        <ele>61.11</ele>
      </trkpt>
      <trkpt lat="40.927269542589784" lon="24.297101497650146">
        <ele>61.02</ele>
      </trkpt>
      <trkpt lat="40.92711933888495" lon="24.296844005584717">
        <ele>60.96</ele>
      </trkpt>
      <trkpt lat="40.92696888372302" lon="24.29650017991662">
        <ele>60.91</ele>
      </trkpt>
      <trkpt lat="40.92681851238012" lon="24.296156438067555">
        <ele>60.85</ele>
      </trkpt>
      <trkpt lat="40.92666872777045" lon="24.295814037322998">
        <ele>60.82</ele>
      </trkpt>
      <trkpt lat="40.926668643951416" lon="24.295814037322998">
        <ele>60.79</ele>
      </trkpt>
      <trkpt lat="40.92653252184391" lon="24.295486891642213">
        <ele>60.82</ele>
      </trkpt>
      <trkpt lat="40.926396483555436" lon="24.29515982978046">
        <ele>60.81</ele>
      </trkpt>
      <trkpt lat="40.92626036144793" lon="24.294832684099674">
        <ele>60.8</ele>
      </trkpt>
      <trkpt lat="40.926124323159456" lon="24.29450562223792">
        <ele>60.79</ele>
      </trkpt>
      <trkpt lat="40.92598820105195" lon="24.294178560376167">
        <ele>60.78</ele>
      </trkpt>
      <trkpt lat="40.925852162763476" lon="24.293851414695382">
        <ele>60.82</ele>
      </trkpt>
      <trkpt lat="40.92571604065597" lon="24.29352435283363">
        <ele>60.88</ele>
      </trkpt>
      <trkpt lat="40.9255800023675" lon="24.293197290971875">
        <ele>60.94</ele>
      </trkpt>
      <trkpt lat="40.92544564045966" lon="24.292874336242676">
        <ele>61.0</ele>
      </trkpt>
      <trkpt lat="40.92533835209906" lon="24.292616844177246">
        <ele>61.05</ele>
      </trkpt>
      <trkpt lat="40.925252521410584" lon="24.292423725128174">
        <ele>61.1</ele>
      </trkpt>
      <trkpt lat="40.925134336575866" lon="24.292165897786617">
        <ele>61.14</ele>
      </trkpt>
      <trkpt lat="40.925016487017274" lon="24.291908740997314">
        <ele>61.22</ele>
      </trkpt>
      <trkpt lat="40.924973571673036" lon="24.291822910308838">
        <ele>61.27</ele>
      </trkpt>
      <trkpt lat="40.924887573346496" lon="24.29162953980267">
        <ele>61.33</ele>
      </trkpt>
      <trkpt lat="40.92480191029608" lon="24.291436672210693">
        <ele>61.35</ele>
      </trkpt>
      <trkpt lat="40.92466218397021" lon="24.291125116869807">
        <ele>61.35</ele>
      </trkpt>
      <trkpt lat="40.924522960558534" lon="24.29081439971924">
        <ele>61.37</ele>
      </trkpt>
      <trkpt lat="40.9243727568537" lon="24.290471076965332">
        <ele>61.41</ele>
      </trkpt>
      <trkpt lat="40.92421157285571" lon="24.290127335116267">
        <ele>61.41</ele>
      </trkpt>
      <trkpt lat="40.92405080795288" lon="24.28978443145752">
        <ele>61.38</ele>
      </trkpt>
      <trkpt lat="40.9239218942821" lon="24.289505062624812">
        <ele>61.35</ele>
      </trkpt>
      <trkpt lat="40.92379331588745" lon="24.289226531982422">
        <ele>61.33</ele>
      </trkpt>
      <trkpt lat="40.92368585988879" lon="24.288936350494623">
        <ele>61.3</ele>
      </trkpt>
      <trkpt lat="40.92357882298529" lon="24.288647174835205">
        <ele>61.28</ele>
      </trkpt>
      <trkpt lat="40.92350355349481" lon="24.288249369710684">
        <ele>61.24</ele>
      </trkpt>
      <trkpt lat="40.92342861928046" lon="24.287853240966797">
        <ele>61.12</ele>
      </trkpt>
      <trkpt lat="40.923428535461426" lon="24.287853240966797">
        <ele>61.03</ele>
      </trkpt>
      <trkpt lat="40.923390900716186" lon="24.287530621513724">
        <ele>60.92</ele>
      </trkpt>
      <trkpt lat="40.923353265970945" lon="24.287208085879683">
        <ele>60.8</ele>
      </trkpt>
      <trkpt lat="40.923315631225705" lon="24.28688546642661">
        <ele>60.71</ele>
      </trkpt>
      <trkpt lat="40.92327841557562" lon="24.28656578063965">
        <ele>60.6</ele>
      </trkpt>
      <trkpt lat="40.92323541641235" lon="24.2862868309021">
        <ele>60.46</ele>
      </trkpt>
      <trkpt lat="40.92319233343005" lon="24.285910483449697">
        <ele>60.26</ele>
      </trkpt>
      <trkpt lat="40.92314958572388" lon="24.28553581237793">
        <ele>59.99</ele>
      </trkpt>
      <trkpt lat="40.923095773905516" lon="24.28522400557995">
        <ele>59.74</ele>
      </trkpt>
      <trkpt lat="40.92304229736328" lon="24.284913539886475">
        <ele>59.55</ele>
      </trkpt>
      <trkpt lat="40.922949090600014" lon="24.284612545743585">
        <ele>59.3</ele>
      </trkpt>
      <trkpt lat="40.92285596765578" lon="24.284311635419726">
        <ele>58.93</ele>
      </trkpt>
      <trkpt lat="40.92276334762573" lon="24.28401231765747">
        <ele>58.55</ele>
      </trkpt>
      <trkpt lat="40.922720516100526" lon="24.283862113952637">
        <ele>58.22</ele>
      </trkpt>
      <trkpt lat="40.92259872704744" lon="24.28351099602878">
        <ele>57.81</ele>
      </trkpt>
      <trkpt lat="40.92247693799436" lon="24.283159961923957">
        <ele>57.5</ele>
      </trkpt>
      <trkpt lat="40.9223557356745" lon="24.2828106880188">
        <ele>57.23</ele>
      </trkpt>
      <trkpt lat="40.922233862802386" lon="24.282430903986096">
        <ele>56.94</ele>
      </trkpt>
      <trkpt lat="40.922112073749304" lon="24.282051203772426">
        <ele>56.6</ele>
      </trkpt>
      <trkpt lat="40.921990955248475" lon="24.281673431396484">
        <ele>56.24</ele>
      </trkpt>
      <trkpt lat="40.921883415430784" lon="24.281286438927054">
        <ele>55.92</ele>
      </trkpt>
      <trkpt lat="40.921775959432125" lon="24.280899530276656">
        <ele>55.59</ele>
      </trkpt>
      <trkpt lat="40.921668503433466" lon="24.280512537807226">
        <ele>55.34</ele>
      </trkpt>
      <trkpt lat="40.92156180180609" lon="24.280128479003906">
        <ele>55.1</ele>
      </trkpt>
      <trkpt lat="40.92147580347955" lon="24.27976604551077">
        <ele>54.8</ele>
      </trkpt>
      <trkpt lat="40.92138980515301" lon="24.27940361201763">
        <ele>54.51</ele>
      </trkpt>
      <trkpt lat="40.92130380682647" lon="24.279041178524494">
        <ele>54.27</ele>
      </trkpt>
      <trkpt lat="40.92121780849993" lon="24.278678745031357">
        <ele>54.07</ele>
      </trkpt>
      <trkpt lat="40.92113181017339" lon="24.27831631153822">
        <ele>53.89</ele>
      </trkpt>
      <trkpt lat="40.92104581184685" lon="24.277953961864114">
        <ele>53.71</ele>
      </trkpt>
      <trkpt lat="40.920960986986756" lon="24.277596473693848">
        <ele>53.53</ele>
      </trkpt>
      <trkpt lat="40.920960903167725" lon="24.277596473693848">
        <ele>53.37</ele>
      </trkpt>
      <trkpt lat="40.92091782018542" lon="24.277306124567986">
        <ele>53.22</ele>
      </trkpt>
      <trkpt lat="40.92087507247925" lon="24.27701711654663">
        <ele>53.09</ele>
      </trkpt>
      <trkpt lat="40.92084280215204" lon="24.276619227603078">
        <ele>53.01</ele>
      </trkpt>
      <trkpt lat="40.92081069946289" lon="24.276223182678223">
        <ele>53.0</ele>
      </trkpt>
      <trkpt lat="40.92079452238977" lon="24.27588438615203">
        <ele>53.03</ele>
      </trkpt>
      <trkpt lat="40.92077842913568" lon="24.275545673444867">
        <ele>52.97</ele>
      </trkpt>
      <trkpt lat="40.92076233588159" lon="24.275206960737705">
        <ele>52.89</ele>
      </trkpt>
      <trkpt lat="40.920746410265565" lon="24.274871349334717">
        <ele>52.82</ele>
      </trkpt>
      <trkpt lat="40.92073920182884" lon="24.27450212650001">
        <ele>52.8</ele>
      </trkpt>
      <trkpt lat="40.92073207721114" lon="24.274132903665304">
        <ele>52.83</ele>
      </trkpt>
      <trkpt lat="40.920724868774414" lon="24.273763680830598">
        <ele>52.86</ele>
      </trkpt>
      <trkpt lat="40.92071774415672" lon="24.273394541814923">
        <ele>52.94</ele>
      </trkpt>
      <trkpt lat="40.92071053571999" lon="24.273025318980217">
        <ele>53.05</ele>
      </trkpt>
      <trkpt lat="40.92070349492133" lon="24.272661209106445">
        <ele>53.13</ele>
      </trkpt>
      <trkpt lat="40.920692682266235" lon="24.272424587979913">
        <ele>53.21</ele>
      </trkpt>
      <trkpt lat="40.92068203724921" lon="24.272189140319824">
        <ele>53.31</ele>
      </trkpt>
      <trkpt lat="40.92067340388894" lon="24.271789072081447">
        <ele>53.38</ele>
      </trkpt>
      <trkpt lat="40.920664770528674" lon="24.2713890876621">
        <ele>53.46</ele>
      </trkpt>
      <trkpt lat="40.92065613716841" lon="24.270989019423723">
        <ele>53.59</ele>
      </trkpt>
      <trkpt lat="40.92064750380814" lon="24.270589035004377">
        <ele>53.75</ele>
      </trkpt>
      <trkpt lat="40.92063903808594" lon="24.270193576812744">
        <ele>53.95</ele>
      </trkpt>
      <trkpt lat="40.92062462121248" lon="24.269863748922944">
        <ele>54.12</ele>
      </trkpt>
      <trkpt lat="40.92061028815806" lon="24.269534004852176">
        <ele>54.32</ele>
      </trkpt>
      <trkpt lat="40.9205961227417" lon="24.269206523895264">
        <ele>54.53</ele>
      </trkpt>
      <trkpt lat="40.92059620656073" lon="24.26901340484619">
        <ele>54.75</ele>
      </trkpt>
      <trkpt lat="40.92059620656073" lon="24.268949031829834">
        <ele>54.98</ele>
      </trkpt>
      <trkpt lat="40.92059620656073" lon="24.268734455108643">
        <ele>55.23</ele>
      </trkpt>
      <trkpt lat="40.92058539390564" lon="24.26837420091033">
        <ele>55.5</ele>
      </trkpt>
      <trkpt lat="40.92057466506958" lon="24.268013946712017">
        <ele>55.78</ele>
      </trkpt>
      <trkpt lat="40.92056393623352" lon="24.267653692513704">
        <ele>56.09</ele>
      </trkpt>
      <trkpt lat="40.92055329121649" lon="24.26729679107666">
        <ele>56.41</ele>
      </trkpt>
      <trkpt lat="40.92053174972534" lon="24.26706075668335">
        <ele>56.72</ele>
      </trkpt>
      <trkpt lat="40.92057474888861" lon="24.266759678721428">
        <ele>56.98</ele>
      </trkpt>
      <trkpt lat="40.92061774805188" lon="24.266458600759506">
        <ele>57.27</ele>
      </trkpt>
      <trkpt lat="40.92066049575806" lon="24.266159534454346">
        <ele>57.57</ele>
      </trkpt>
      <trkpt lat="40.92068203724921" lon="24.265901455655694">
        <ele>57.9</ele>
      </trkpt>
      <trkpt lat="40.92070349492133" lon="24.265644550323486">
        <ele>58.23</ele>
      </trkpt>
      <trkpt lat="40.920703411102295" lon="24.26555871963501">
        <ele>58.54</ele>
      </trkpt>
      <trkpt lat="40.92066057957709" lon="24.265236854553223">
        <ele>58.86</ele>
      </trkpt>
      <trkpt lat="40.92063912190497" lon="24.26502227783203">
        <ele>59.19</ele>
      </trkpt>
      <trkpt lat="40.92058531008661" lon="24.26479646936059">
        <ele>59.5</ele>
      </trkpt>
      <trkpt lat="40.92053174972534" lon="24.26457166671753">
        <ele>59.81</ele>
      </trkpt>
      <trkpt lat="40.92043502256274" lon="24.264335297048092">
        <ele>60.15</ele>
      </trkpt>
      <trkpt lat="40.92033863067627" lon="24.264099597930908">
        <ele>60.48</ele>
      </trkpt>
      <trkpt lat="40.920181050896645" lon="24.26380597986281">
        <ele>60.82</ele>
      </trkpt>
      <trkpt lat="40.92002355493605" lon="24.263512445613742">
        <ele>61.14</ele>
      </trkpt>
      <trkpt lat="40.91986656188965" lon="24.263219833374023">
        <ele>61.5</ele>
      </trkpt>
      <trkpt lat="40.91971610672772" lon="24.262886736541986">
        <ele>61.87</ele>
      </trkpt>
      <trkpt lat="40.91956573538482" lon="24.26255372352898">
        <ele>62.19</ele>
      </trkpt>
      <trkpt lat="40.919415364041924" lon="24.262220710515976">
        <ele>62.52</ele>
      </trkpt>
      <trkpt lat="40.91926574707031" lon="24.261889457702637">
        <ele>62.85</ele>
      </trkpt>
      <trkpt lat="40.91907958500087" lon="24.261581590399146">
        <ele>63.19</ele>
      </trkpt>
      <trkpt lat="40.918893506750464" lon="24.261273806914687">
        <ele>63.5</ele>
      </trkpt>
      <trkpt lat="40.918707847595215" lon="24.260966777801514">
        <ele>63.82</ele>
      </trkpt>
      <trkpt lat="40.918471813201904" lon="24.260709285736084">
        <ele>64.17</ele>
      </trkpt>
      <trkpt lat="40.91824307106435" lon="24.26052337512374">
        <ele>64.5</ele>
      </trkpt>
      <trkpt lat="40.9180143289268" lon="24.260337464511395">
        <ele>64.83</ele>
      </trkpt>
      <trkpt lat="40.91778525151312" lon="24.260151386260986">
        <ele>65.12</ele>
      </trkpt>
      <trkpt lat="40.91778516769409" lon="24.260151386260986">
        <ele>65.4</ele>
      </trkpt>
      <trkpt lat="40.91769942082465" lon="24.26008701324463">
        <ele>65.66</ele>
      </trkpt>
      <trkpt lat="40.91746347025037" lon="24.25989397801459">
        <ele>65.91</ele>
      </trkpt>
      <trkpt lat="40.91722751967609" lon="24.259700942784548">
        <ele>66.14</ele>
      </trkpt>
      <trkpt lat="40.916991317644715" lon="24.259507656097412">
        <ele>66.36</ele>
      </trkpt>
      <trkpt lat="40.916991233825684" lon="24.259507656097412">
        <ele>66.61</ele>
      </trkpt>
      <trkpt lat="40.916733741760254" lon="24.25929307937622">
        <ele>66.87</ele>
      </trkpt>
      <trkpt lat="40.91660491190851" lon="24.259078251197934">
        <ele>67.11</ele>
      </trkpt>
      <trkpt lat="40.916476333513856" lon="24.258863925933838">
        <ele>67.35</ele>
      </trkpt>
      <trkpt lat="40.91643341816962" lon="24.25879955291748">
        <ele>67.57</ele>
      </trkpt>
      <trkpt lat="40.91632587835193" lon="24.258563183248043">
        <ele>67.81</ele>
      </trkpt>
      <trkpt lat="40.916218757629395" lon="24.25832748413086">
        <ele>68.04</ele>
      </trkpt>
      <trkpt lat="40.91609009541571" lon="24.258112907409668">
        <ele>68.26</ele>
      </trkpt>
      <trkpt lat="40.915882559493184" lon="24.257840998470783">
        <ele>68.51</ele>
      </trkpt>
      <trkpt lat="40.91567502357066" lon="24.2575690895319">
        <ele>68.76</ele>
      </trkpt>
      <trkpt lat="40.915467739105225" lon="24.25729751586914">
        <ele>69.01</ele>
      </trkpt>
      <trkpt lat="40.91534963808954" lon="24.257136499509215">
        <ele>69.23</ele>
      </trkpt>
      <trkpt lat="40.915231704711914" lon="24.256975650787354">
        <ele>69.46</ele>
      </trkpt>
      <trkpt lat="40.91508158482611" lon="24.256653785705566">
        <ele>69.64</ele>
      </trkpt>
      <trkpt lat="40.914931297302246" lon="24.25631046295166">
        <ele>69.77</ele>
      </trkpt>
      <trkpt lat="40.91488838195801" lon="24.255945682525635">
        <ele>70.0</ele>
      </trkpt>
      <trkpt lat="40.91477866284549" lon="24.25568399950862">
        <ele>70.23</ele>
      </trkpt>
      <trkpt lat="40.914669279009104" lon="24.25542315468192">
        <ele>70.44</ele>
      </trkpt>
      <trkpt lat="40.91460943222046" lon="24.25528049468994">
        <ele>70.61</ele>
      </trkpt>
      <trkpt lat="40.914669279009104" lon="24.25542315468192">
        <ele>70.44</ele>
      </trkpt>
      <trkpt lat="40.91460943222046" lon="24.25528049468994">
        <ele>70.61</ele>
      </trkpt>
      <trkpt lat="40.9147490747273" lon="24.255613507702947">
        <ele>71.13</ele>
      </trkpt>
      <trkpt lat="40.91488838195801" lon="24.255945682525635">
        <ele>70.0</ele>
      </trkpt>
      <trkpt lat="40.91474865563214" lon="24.255612585693598">
        <ele>71.51</ele>
      </trkpt>
      <trkpt lat="40.91460943222046" lon="24.25528049468994">
        <ele>70.61</ele>
      </trkpt>
      <trkpt lat="40.914609767496586" lon="24.25528141669929">
        <ele>71.93</ele>
      </trkpt>
      <trkpt lat="40.91460959985852" lon="24.255281081423163">
        <ele>72.15</ele>
      </trkpt>
      <trkpt lat="40.91460951603949" lon="24.255280746147037">
        <ele>72.38</ele>
      </trkpt>
      <trkpt lat="40.91460943222046" lon="24.25528049468994">
        <ele>70.61</ele>
      </trkpt>
      <trkpt lat="40.91460951603949" lon="24.25528049468994">
        <ele>72.88</ele>
      </trkpt>
      <trkpt lat="40.91448772698641" lon="24.255015458911657">
        <ele>73.14</ele>
      </trkpt>
      <trkpt lat="40.91436602175236" lon="24.254750506952405">
        <ele>73.46</ele>
      </trkpt>
      <trkpt lat="40.914244735613465" lon="24.254486560821533">
        <ele>73.79</ele>
      </trkpt>
      <trkpt lat="40.91413744725287" lon="24.254250526428223">
        <ele>74.14</ele>
      </trkpt>
      <trkpt lat="40.91405161656439" lon="24.25403594970703">
        <ele>74.51</ele>
      </trkpt>
      <trkpt lat="40.91403007507324" lon="24.25376705825329">
        <ele>74.95</ele>
      </trkpt>
      <trkpt lat="40.914008701220155" lon="24.253499507904053">
        <ele>75.37</ele>
      </trkpt>
      <trkpt lat="40.91396578587592" lon="24.253113269805908">
        <ele>75.82</ele>
      </trkpt>
      <trkpt lat="40.9139443282038" lon="24.25285577774048">
        <ele>76.28</ele>
      </trkpt>
      <trkpt lat="40.91391205787659" lon="24.252640698105097">
        <ele>76.77</ele>
      </trkpt>
      <trkpt lat="40.91387995518744" lon="24.252426624298096">
        <ele>77.3</ele>
      </trkpt>
      <trkpt lat="40.91382614336908" lon="24.252157816663384">
        <ele>77.83</ele>
      </trkpt>
      <trkpt lat="40.913772666826844" lon="24.251890182495117">
        <ele>78.41</ele>
      </trkpt>
      <trkpt lat="40.913729667663574" lon="24.251654148101807">
        <ele>79.01</ele>
      </trkpt>
      <trkpt lat="40.91362237930298" lon="24.251396656036377">
        <ele>79.66</ele>
      </trkpt>
      <trkpt lat="40.91340788640082" lon="24.251139163970947">
        <ele>80.36</ele>
      </trkpt>
      <trkpt lat="40.913236225023866" lon="24.25109624862671">
        <ele>81.11</ele>
      </trkpt>
      <trkpt lat="40.912957191467285" lon="24.25103187561035">
        <ele>81.9</ele>
      </trkpt>
      <trkpt lat="40.91271612793207" lon="24.250978231430054">
        <ele>82.74</ele>
      </trkpt>
      <trkpt lat="40.91247506439686" lon="24.250924671068788">
        <ele>83.62</ele>
      </trkpt>
      <trkpt lat="40.912234000861645" lon="24.25087111070752">
        <ele>84.55</ele>
      </trkpt>
      <trkpt lat="40.911991596221924" lon="24.25081729888916">
        <ele>85.53</ele>
      </trkpt>
      <trkpt lat="40.91186293400824" lon="24.25081729888916">
        <ele>86.51</ele>
      </trkpt>
      <trkpt lat="40.91164827346802" lon="24.250903129577637">
        <ele>87.54</ele>
      </trkpt>
      <trkpt lat="40.91144459322095" lon="24.251042436808348">
        <ele>88.56</ele>
      </trkpt>
      <trkpt lat="40.911240661516786" lon="24.251182079315186">
        <ele>89.65</ele>
      </trkpt>
      <trkpt lat="40.91102600097656" lon="24.251224994659424">
        <ele>90.79</ele>
      </trkpt>
      <trkpt lat="40.91087579727173" lon="24.251224994659424">
        <ele>91.94</ele>
      </trkpt>
      <trkpt lat="40.91066147200763" lon="24.25119641236961">
        <ele>93.12</ele>
      </trkpt>
      <trkpt lat="40.91044723056257" lon="24.251167830079794">
        <ele>94.44</ele>
      </trkpt>
      <trkpt lat="40.910232067108154" lon="24.251139163970947">
        <ele>95.8</ele>
      </trkpt>
      <trkpt lat="40.90992495417595" lon="24.251115946099162">
        <ele>97.2</ele>
      </trkpt>
      <trkpt lat="40.909617841243744" lon="24.251092728227377">
        <ele>98.49</ele>
      </trkpt>
      <trkpt lat="40.90931081213057" lon="24.25106951035559">
        <ele>99.82</ele>
      </trkpt>
      <trkpt lat="40.909003699198365" lon="24.251046292483807">
        <ele>101.27</ele>
      </trkpt>
      <trkpt lat="40.90869658626616" lon="24.25102307461202">
        <ele>102.9</ele>
      </trkpt>
      <trkpt lat="40.90838955715299" lon="24.250999856740236">
        <ele>104.4</ele>
      </trkpt>
      <trkpt lat="40.90808244422078" lon="24.25097663886845">
        <ele>105.95</ele>
      </trkpt>
      <trkpt lat="40.907775331288576" lon="24.250953420996666">
        <ele>107.61</ele>
      </trkpt>
      <trkpt lat="40.9074683021754" lon="24.25093020312488">
        <ele>109.17</ele>
      </trkpt>
      <trkpt lat="40.9071611892432" lon="24.250906985253096">
        <ele>110.77</ele>
      </trkpt>
      <trkpt lat="40.906854160130024" lon="24.25088376738131">
        <ele>112.44</ele>
      </trkpt>
      <trkpt lat="40.90654134750366" lon="24.2508602142334">
        <ele>114.06</ele>
      </trkpt>
      <trkpt lat="40.906255608424544" lon="24.250795925036073">
        <ele>115.65</ele>
      </trkpt>
      <trkpt lat="40.90596995316446" lon="24.250731635838747">
        <ele>117.3</ele>
      </trkpt>
      <trkpt lat="40.9056830406189" lon="24.250667095184326">
        <ele>119.0</ele>
      </trkpt>
      <trkpt lat="40.90537944808602" lon="24.25058134831488">
        <ele>120.8</ele>
      </trkpt>
      <trkpt lat="40.90507585555315" lon="24.250495601445436">
        <ele>122.61</ele>
      </trkpt>
      <trkpt lat="40.90477234683931" lon="24.250409938395023">
        <ele>124.42</ele>
      </trkpt>
      <trkpt lat="40.904468754306436" lon="24.25032419152558">
        <ele>126.17</ele>
      </trkpt>
      <trkpt lat="40.904165245592594" lon="24.250238528475165">
        <ele>127.89</ele>
      </trkpt>
      <trkpt lat="40.90385913848877" lon="24.250152111053467">
        <ele>129.68</ele>
      </trkpt>
      <trkpt lat="40.90364481322467" lon="24.250066364184022">
        <ele>131.49</ele>
      </trkpt>
      <trkpt lat="40.90342998504639" lon="24.249980449676514">
        <ele>133.28</ele>
      </trkpt>
      <trkpt lat="40.90321549214423" lon="24.249801663681865">
        <ele>135.08</ele>
      </trkpt>
      <trkpt lat="40.90300099924207" lon="24.249622961506248">
        <ele>136.85</ele>
      </trkpt>
      <trkpt lat="40.90278625488281" lon="24.249444007873535">
        <ele>138.63</ele>
      </trkpt>
      <trkpt lat="40.90261467732489" lon="24.24932607449591">
        <ele>140.38</ele>
      </trkpt>
      <trkpt lat="40.902442932128906" lon="24.249207973480225">
        <ele>142.19</ele>
      </trkpt>
      <trkpt lat="40.90220287442207" lon="24.249096494168043">
        <ele>143.99</ele>
      </trkpt>
      <trkpt lat="40.90196281671524" lon="24.24898501485586">
        <ele>145.73</ele>
      </trkpt>
      <trkpt lat="40.90172275900841" lon="24.24887353554368">
        <ele>147.43</ele>
      </trkpt>
      <trkpt lat="40.901482701301575" lon="24.24876214005053">
        <ele>149.12</ele>
      </trkpt>
      <trkpt lat="40.901241302490234" lon="24.248650074005127">
        <ele>150.82</ele>
      </trkpt>
      <trkpt lat="40.901069808751345" lon="24.248542869463563">
        <ele>152.46</ele>
      </trkpt>
      <trkpt lat="40.90089806355536" lon="24.248435497283936">
        <ele>154.11</ele>
      </trkpt>
      <trkpt lat="40.900640822947025" lon="24.24834975041449">
        <ele>155.76</ele>
      </trkpt>
      <trkpt lat="40.90038299560547" lon="24.248263835906982">
        <ele>157.42</ele>
      </trkpt>
      <trkpt lat="40.90017923153937" lon="24.24809217453003">
        <ele>159.01</ele>
      </trkpt>
      <trkpt lat="40.89997538365424" lon="24.247920513153076">
        <ele>160.62</ele>
      </trkpt>
      <trkpt lat="40.89971789158881" lon="24.247684478759766">
        <ele>162.2</ele>
      </trkpt>
      <trkpt lat="40.89946048334241" lon="24.247448528185487">
        <ele>163.65</ele>
      </trkpt>
      <trkpt lat="40.89920307509601" lon="24.247212577611208">
        <ele>165.17</ele>
      </trkpt>
      <trkpt lat="40.89894566684961" lon="24.24697662703693">
        <ele>166.69</ele>
      </trkpt>
      <trkpt lat="40.89868783950806" lon="24.246740341186523">
        <ele>168.14</ele>
      </trkpt>
      <trkpt lat="40.89854836463928" lon="24.246579324826598">
        <ele>169.51</ele>
      </trkpt>
      <trkpt lat="40.89840897358954" lon="24.246418476104736">
        <ele>170.86</ele>
      </trkpt>
      <trkpt lat="40.89828014373779" lon="24.246279001235962">
        <ele>172.16</ele>
      </trkpt>
      <trkpt lat="40.89815139770508" lon="24.246139526367188">
        <ele>173.44</ele>
      </trkpt>
      <trkpt lat="40.897979736328125" lon="24.24586057662964">
        <ele>174.67</ele>
      </trkpt>
      <trkpt lat="40.89789390563965" lon="24.24556016921997">
        <ele>175.86</ele>
      </trkpt>
      <trkpt lat="40.89785107411444" lon="24.2453670501709">
        <ele>177.06</ele>
      </trkpt>
      <trkpt lat="40.89785107411444" lon="24.245259761810303">
        <ele>178.23</ele>
      </trkpt>
      <trkpt lat="40.89785099029541" lon="24.245152473449707">
        <ele>179.38</ele>
      </trkpt>
      <trkpt lat="40.89785107411444" lon="24.24504518508911">
        <ele>180.52</ele>
      </trkpt>
      <trkpt lat="40.89790471829474" lon="24.24471183679998">
        <ele>181.65</ele>
      </trkpt>
      <trkpt lat="40.897958278656006" lon="24.244379997253418">
        <ele>182.74</ele>
      </trkpt>
      <trkpt lat="40.89793682098389" lon="24.244015216827393">
        <ele>183.78</ele>
      </trkpt>
      <trkpt lat="40.8979154471308" lon="24.243886470794678">
        <ele>184.76</ele>
      </trkpt>
      <trkpt lat="40.89789398945868" lon="24.243779182434082">
        <ele>185.72</ele>
      </trkpt>
      <trkpt lat="40.89785099029541" lon="24.24360861070454">
        <ele>186.68</ele>
      </trkpt>
      <trkpt lat="40.89785090647638" lon="24.24360802397132">
        <ele>187.57</ele>
      </trkpt>
      <trkpt lat="40.89785082265735" lon="24.243607437238097">
        <ele>188.43</ele>
      </trkpt>
      <trkpt lat="40.897850738838315" lon="24.243606850504875">
        <ele>189.25</ele>
      </trkpt>
      <trkpt lat="40.89785065501928" lon="24.243606263771653">
        <ele>190.04</ele>
      </trkpt>
      <trkpt lat="40.89782961644232" lon="24.243521690368652">
        <ele>190.82</ele>
      </trkpt>
      <trkpt lat="40.89782953262329" lon="24.243521690368652">
        <ele>191.54</ele>
      </trkpt>
      <trkpt lat="40.89772232808173" lon="24.243264198303223">
        <ele>192.27</ele>
      </trkpt>
      <trkpt lat="40.89767941273749" lon="24.243199825286865">
        <ele>192.93</ele>
      </trkpt>
      <trkpt lat="40.897529209032655" lon="24.24307107925415">
        <ele>193.58</ele>
      </trkpt>
      <trkpt lat="40.89737892150879" lon="24.242985248565674">
        <ele>194.19</ele>
      </trkpt>
      <trkpt lat="40.89717524126172" lon="24.24288877286017">
        <ele>194.79</ele>
      </trkpt>
      <trkpt lat="40.896971225738525" lon="24.2427921295166">
        <ele>195.33</ele>
      </trkpt>
      <trkpt lat="40.89682102203369" lon="24.242749214172363">
        <ele>195.77</ele>
      </trkpt>
      <trkpt lat="40.896713733673096" lon="24.242770671844482">
        <ele>196.15</ele>
      </trkpt>
      <trkpt lat="40.89658507145941" lon="24.24285650253296">
        <ele>196.47</ele>
      </trkpt>
      <trkpt lat="40.896477699279785" lon="24.24304962158203">
        <ele>196.75</ele>
      </trkpt>
      <trkpt lat="40.89635951444507" lon="24.243339635431767">
        <ele>197.0</ele>
      </trkpt>
      <trkpt lat="40.896241664886475" lon="24.243628978729248">
        <ele>197.2</ele>
      </trkpt>
      <trkpt lat="40.89609146118164" lon="24.24382209777832">
        <ele>197.35</ele>
      </trkpt>
      <trkpt lat="40.89585542678833" lon="24.243886470794678">
        <ele>197.49</ele>
      </trkpt>
      <trkpt lat="40.89557656086981" lon="24.24382209777832">
        <ele>197.54</ele>
      </trkpt>
      <trkpt lat="40.89538344182074" lon="24.243779182434082">
        <ele>197.48</ele>
      </trkpt>
      <trkpt lat="40.89517976157367" lon="24.243725538253784">
        <ele>197.35</ele>
      </trkpt>
      <trkpt lat="40.894975662231445" lon="24.243671894073486">
        <ele>197.14</ele>
      </trkpt>
      <trkpt lat="40.894686402752995" lon="24.243693267926574">
        <ele>196.79</ele>
      </trkpt>
      <trkpt lat="40.89439638890326" lon="24.243714809417725">
        <ele>196.35</ele>
      </trkpt>
      <trkpt lat="40.89439630508423" lon="24.243714809417725">
        <ele>195.91</ele>
      </trkpt>
      <trkpt lat="40.89420343749225" lon="24.243693351745605">
        <ele>195.35</ele>
      </trkpt>
      <trkpt lat="40.894010066986084" lon="24.243671894073486">
        <ele>194.72</ele>
      </trkpt>
      <trkpt lat="40.89385994710028" lon="24.24357533454895">
        <ele>194.04</ele>
      </trkpt>
      <trkpt lat="40.893709659576416" lon="24.243478775024414">
        <ele>193.31</ele>
      </trkpt>
      <trkpt lat="40.89354864321649" lon="24.24329630099237">
        <ele>192.52</ele>
      </trkpt>
      <trkpt lat="40.89338779449463" lon="24.24311399459839">
        <ele>191.7</ele>
      </trkpt>
      <trkpt lat="40.89321881532669" lon="24.242786010727286">
        <ele>190.81</ele>
      </trkpt>
      <trkpt lat="40.89304983615875" lon="24.242458026856184">
        <ele>189.85</ele>
      </trkpt>
      <trkpt lat="40.892880856990814" lon="24.242130126804113">
        <ele>188.8</ele>
      </trkpt>
      <trkpt lat="40.892711877822876" lon="24.24180214293301">
        <ele>187.75</ele>
      </trkpt>
      <trkpt lat="40.89254289865494" lon="24.24147424288094">
        <ele>186.65</ele>
      </trkpt>
      <trkpt lat="40.892373919487" lon="24.241146259009838">
        <ele>185.57</ele>
      </trkpt>
      <trkpt lat="40.89220494031906" lon="24.240818358957767">
        <ele>184.42</ele>
      </trkpt>
      <trkpt lat="40.89203596115112" lon="24.240490375086665">
        <ele>183.22</ele>
      </trkpt>
      <trkpt lat="40.891866981983185" lon="24.240162475034595">
        <ele>182.05</ele>
      </trkpt>
      <trkpt lat="40.89169800281525" lon="24.239834491163492">
        <ele>180.83</ele>
      </trkpt>
      <trkpt lat="40.89152902364731" lon="24.23950659111142">
        <ele>179.61</ele>
      </trkpt>
      <trkpt lat="40.89136004447937" lon="24.23917860724032">
        <ele>178.38</ele>
      </trkpt>
      <trkpt lat="40.89119106531143" lon="24.23885070718825">
        <ele>177.13</ele>
      </trkpt>
      <trkpt lat="40.891022086143494" lon="24.238522723317146">
        <ele>175.91</ele>
      </trkpt>
      <trkpt lat="40.89085578918457" lon="24.238200187683105">
        <ele>174.71</ele>
      </trkpt>
      <trkpt lat="40.890662502497435" lon="24.237873712554574">
        <ele>173.45</ele>
      </trkpt>
      <trkpt lat="40.8904692158103" lon="24.237547321245074">
        <ele>172.2</ele>
      </trkpt>
      <trkpt lat="40.89027592912316" lon="24.237220846116543">
        <ele>171.05</ele>
      </trkpt>
      <trkpt lat="40.89008272625506" lon="24.236894454807043">
        <ele>169.91</ele>
      </trkpt>
      <trkpt lat="40.88989027775824" lon="24.23656940460205">
        <ele>168.71</ele>
      </trkpt>
      <trkpt lat="40.88989019393921" lon="24.23656940460205">
        <ele>167.57</ele>
      </trkpt>
      <trkpt lat="40.88977200910449" lon="24.236365305259824">
        <ele>166.42</ele>
      </trkpt>
      <trkpt lat="40.8896541595459" lon="24.236161708831787">
        <ele>165.31</ele>
      </trkpt>
      <trkpt lat="40.88961124420166" lon="24.236032962799072">
        <ele>164.24</ele>
      </trkpt>
      <trkpt lat="40.88948258198798" lon="24.23579692840576">
        <ele>163.16</ele>
      </trkpt>
      <trkpt lat="40.889375042170286" lon="24.235560558736324">
        <ele>162.1</ele>
      </trkpt>
      <trkpt lat="40.889267921447754" lon="24.23532485961914">
        <ele>161.07</ele>
      </trkpt>
      <trkpt lat="40.88918209075928" lon="24.235239028930664">
        <ele>160.05</ele>
      </trkpt>
      <trkpt lat="40.88906390592456" lon="24.234970388934016">
        <ele>159.05</ele>
      </trkpt>
      <trkpt lat="40.88894605636597" lon="24.234702587127686">
        <ele>158.04</ele>
      </trkpt>
      <trkpt lat="40.88877950794995" lon="24.23435348086059">
        <ele>157.07</ele>
      </trkpt>
      <trkpt lat="40.88861304335296" lon="24.234004374593496">
        <ele>156.15</ele>
      </trkpt>
      <trkpt lat="40.88844649493694" lon="24.2336552683264">
        <ele>155.24</ele>
      </trkpt>
      <trkpt lat="40.88828086853027" lon="24.23330783843994">
        <ele>154.34</ele>
      </trkpt>
      <trkpt lat="40.88815907947719" lon="24.233006928116083">
        <ele>153.49</ele>
      </trkpt>
      <trkpt lat="40.88803737424314" lon="24.232706101611257">
        <ele>152.66</ele>
      </trkpt>
      <trkpt lat="40.88791617192328" lon="24.232406616210938">
        <ele>151.77</ele>
      </trkpt>
      <trkpt lat="40.88782154023647" lon="24.232041081413627">
        <ele>150.97</ele>
      </trkpt>
      <trkpt lat="40.887726908549666" lon="24.231675630435348">
        <ele>150.18</ele>
      </trkpt>
      <trkpt lat="40.88763227686286" lon="24.23131017945707">
        <ele>149.46</ele>
      </trkpt>
      <trkpt lat="40.887537728995085" lon="24.23094472847879">
        <ele>148.69</ele>
      </trkpt>
      <trkpt lat="40.88744401931763" lon="24.23058271408081">
        <ele>148.02</ele>
      </trkpt>
      <trkpt lat="40.88733656331897" lon="24.2303104698658">
        <ele>147.36</ele>
      </trkpt>
      <trkpt lat="40.88722910732031" lon="24.23003830946982">
        <ele>146.7</ele>
      </trkpt>
      <trkpt lat="40.88712215423584" lon="24.229767322540283">
        <ele>146.04</ele>
      </trkpt>
      <trkpt lat="40.88697178289294" lon="24.22954184934497">
        <ele>145.41</ele>
      </trkpt>
      <trkpt lat="40.88682174682617" lon="24.22931671142578">
        <ele>144.81</ele>
      </trkpt>
      <trkpt lat="40.88662854395807" lon="24.22908059321344">
        <ele>144.22</ele>
      </trkpt>
      <trkpt lat="40.886435424908996" lon="24.228844475001097">
        <ele>143.67</ele>
      </trkpt>
      <trkpt lat="40.88624222204089" lon="24.228608440607786">
        <ele>143.14</ele>
      </trkpt>
      <trkpt lat="40.88604910299182" lon="24.228372322395444">
        <ele>142.6</ele>
      </trkpt>
      <trkpt lat="40.88585615158081" lon="24.22813653945923">
        <ele>142.08</ele>
      </trkpt>
      <trkpt lat="40.88574877940118" lon="24.22797543928027">
        <ele>141.59</ele>
      </trkpt>
      <trkpt lat="40.88564157485962" lon="24.22781467437744">
        <ele>141.11</ele>
      </trkpt>
      <trkpt lat="40.88551266118884" lon="24.22754972241819">
        <ele>140.63</ele>
      </trkpt>
      <trkpt lat="40.885383831337094" lon="24.227284770458937">
        <ele>140.15</ele>
      </trkpt>
      <trkpt lat="40.885255420580506" lon="24.227020740509033">
        <ele>139.67</ele>
      </trkpt>
      <trkpt lat="40.885137151926756" lon="24.226741371676326">
        <ele>139.22</ele>
      </trkpt>
      <trkpt lat="40.885019302368164" lon="24.226462841033936">
        <ele>138.82</ele>
      </trkpt>
      <trkpt lat="40.88488175533712" lon="24.226131923496723">
        <ele>138.41</ele>
      </trkpt>
      <trkpt lat="40.884744292125106" lon="24.22580100595951">
        <ele>137.97</ele>
      </trkpt>
      <trkpt lat="40.88460674509406" lon="24.2254700884223">
        <ele>137.52</ele>
      </trkpt>
      <trkpt lat="40.88446928188205" lon="24.225139170885086">
        <ele>137.17</ele>
      </trkpt>
      <trkpt lat="40.88433274067938" lon="24.22481060028076">
        <ele>136.88</ele>
      </trkpt>
      <trkpt lat="40.884311283007264" lon="24.224746227264404">
        <ele>136.55</ele>
      </trkpt>
      <trkpt lat="40.884236013516784" lon="24.224520502611995">
        <ele>136.24</ele>
      </trkpt>
      <trkpt lat="40.88416107930243" lon="24.224295616149902">
        <ele>135.9</ele>
      </trkpt>
      <trkpt lat="40.88413962163031" lon="24.224274158477783">
        <ele>135.58</ele>
      </trkpt>
      <trkpt lat="40.88404641486704" lon="24.223966039717197">
        <ele>135.26</ele>
      </trkpt>
      <trkpt lat="40.883953208103776" lon="24.22365792095661">
        <ele>134.95</ele>
      </trkpt>
      <trkpt lat="40.88386058807373" lon="24.22335147857666">
        <ele>134.62</ele>
      </trkpt>
      <trkpt lat="40.883788922801614" lon="24.223064817488194">
        <ele>134.3</ele>
      </trkpt>
      <trkpt lat="40.8837172575295" lon="24.222778156399727">
        <ele>134.03</ele>
      </trkpt>
      <trkpt lat="40.88364609517157" lon="24.222493171691895">
        <ele>133.77</ele>
      </trkpt>
      <trkpt lat="40.88357074186206" lon="24.222138365730643">
        <ele>133.55</ele>
      </trkpt>
      <trkpt lat="40.883495807647705" lon="24.221785068511963">
        <ele>133.29</ele>
      </trkpt>
      <trkpt lat="40.883431266993284" lon="24.221395812928677">
        <ele>133.0</ele>
      </trkpt>
      <trkpt lat="40.883366810157895" lon="24.221006641164422">
        <ele>132.71</ele>
      </trkpt>
      <trkpt lat="40.883302269503474" lon="24.220617385581136">
        <ele>132.45</ele>
      </trkpt>
      <trkpt lat="40.883237812668085" lon="24.22022821381688">
        <ele>132.22</ele>
      </trkpt>
      <trkpt lat="40.883173272013664" lon="24.219838958233595">
        <ele>132.01</ele>
      </trkpt>
      <trkpt lat="40.883108815178275" lon="24.21944978646934">
        <ele>131.82</ele>
      </trkpt>
      <trkpt lat="40.883044358342886" lon="24.219060530886054">
        <ele>131.64</ele>
      </trkpt>
      <trkpt lat="40.882979817688465" lon="24.2186713591218">
        <ele>131.47</ele>
      </trkpt>
      <trkpt lat="40.882915360853076" lon="24.218282187357545">
        <ele>131.32</ele>
      </trkpt>
      <trkpt lat="40.882850820198655" lon="24.21789293177426">
        <ele>131.18</ele>
      </trkpt>
      <trkpt lat="40.882786363363266" lon="24.217503760010004">
        <ele>131.06</ele>
      </trkpt>
      <trkpt lat="40.882721822708845" lon="24.217114504426718">
        <ele>130.93</ele>
      </trkpt>
      <trkpt lat="40.882657365873456" lon="24.216725332662463">
        <ele>130.8</ele>
      </trkpt>
      <trkpt lat="40.88259290903807" lon="24.21633616089821">
        <ele>130.71</ele>
      </trkpt>
      <trkpt lat="40.882528368383646" lon="24.215946905314922">
        <ele>130.65</ele>
      </trkpt>
      <trkpt lat="40.88246391154826" lon="24.215557733550668">
        <ele>130.62</ele>
      </trkpt>
      <trkpt lat="40.882399370893836" lon="24.21516847796738">
        <ele>130.61</ele>
      </trkpt>
      <trkpt lat="40.88233491405845" lon="24.214779306203127">
        <ele>130.63</ele>
      </trkpt>
      <trkpt lat="40.882270373404026" lon="24.214390134438872">
        <ele>130.64</ele>
      </trkpt>
      <trkpt lat="40.88220843113959" lon="24.214017391204834">
        <ele>130.64</ele>
      </trkpt>
      <trkpt lat="40.88220834732056" lon="24.214017391204834">
        <ele>130.67</ele>
      </trkpt>
      <trkpt lat="40.882143806666136" lon="24.21364640817046">
        <ele>130.71</ele>
      </trkpt>
      <trkpt lat="40.882079266011715" lon="24.21327550895512">
        <ele>130.79</ele>
      </trkpt>
      <trkpt lat="40.882014809176326" lon="24.21290460973978">
        <ele>130.87</ele>
      </trkpt>
      <trkpt lat="40.88195085525513" lon="24.212536811828613">
        <ele>130.98</ele>
      </trkpt>
      <trkpt lat="40.88185764849186" lon="24.212185610085726">
        <ele>131.09</ele>
      </trkpt>
      <trkpt lat="40.881764525547624" lon="24.21183449216187">
        <ele>131.22</ele>
      </trkpt>
      <trkpt lat="40.88167198933661" lon="24.211485385894775">
        <ele>131.34</ele>
      </trkpt>
      <trkpt lat="40.88160761632025" lon="24.211270809173584">
        <ele>131.43</ele>
      </trkpt>
      <trkpt lat="40.88152161799371" lon="24.211012814193964">
        <ele>131.51</ele>
      </trkpt>
      <trkpt lat="40.88143561966717" lon="24.210754903033376">
        <ele>131.61</ele>
      </trkpt>
      <trkpt lat="40.88135012425482" lon="24.210498332977295">
        <ele>131.75</ele>
      </trkpt>
      <trkpt lat="40.881242668256164" lon="24.210208151489496">
        <ele>131.89</ele>
      </trkpt>
      <trkpt lat="40.881135212257504" lon="24.20991805382073">
        <ele>132.02</ele>
      </trkpt>
      <trkpt lat="40.881027756258845" lon="24.209627956151962">
        <ele>132.12</ele>
      </trkpt>
      <trkpt lat="40.88092097081244" lon="24.20933961868286">
        <ele>132.25</ele>
      </trkpt>
      <trkpt lat="40.88079197332263" lon="24.208995709195733">
        <ele>132.41</ele>
      </trkpt>
      <trkpt lat="40.88066297583282" lon="24.208651883527637">
        <ele>132.55</ele>
      </trkpt>
      <trkpt lat="40.88053406216204" lon="24.20830805785954">
        <ele>132.67</ele>
      </trkpt>
      <trkpt lat="40.88040590286255" lon="24.207966327667236">
        <ele>132.75</ele>
      </trkpt>
      <trkpt lat="40.88031990453601" lon="24.20770120806992">
        <ele>132.89</ele>
      </trkpt>
      <trkpt lat="40.8802339900285" lon="24.207436088472605">
        <ele>133.04</ele>
      </trkpt>
      <trkpt lat="40.88014849461615" lon="24.207172393798828">
        <ele>133.21</ele>
      </trkpt>
      <trkpt lat="40.88005168363452" lon="24.20684994198382">
        <ele>133.4</ele>
      </trkpt>
      <trkpt lat="40.87995529174805" lon="24.206528663635254">
        <ele>133.6</ele>
      </trkpt>
      <trkpt lat="40.879890751093626" lon="24.206249127164483">
        <ele>133.73</ele>
      </trkpt>
      <trkpt lat="40.87982654571533" lon="24.205970764160156">
        <ele>133.82</ele>
      </trkpt>
      <trkpt lat="40.879754880443215" lon="24.205598020926118">
        <ele>133.82</ele>
      </trkpt>
      <trkpt lat="40.8796832151711" lon="24.20522536151111">
        <ele>133.89</ele>
      </trkpt>
      <trkpt lat="40.87961205281317" lon="24.20485496520996">
        <ele>134.03</ele>
      </trkpt>
      <trkpt lat="40.879583302885294" lon="24.204568220302463">
        <ele>134.16</ele>
      </trkpt>
      <trkpt lat="40.87955463677645" lon="24.204281475394964">
        <ele>134.27</ele>
      </trkpt>
      <trkpt lat="40.879526138305664" lon="24.203996658325195">
        <ele>134.36</ele>
      </trkpt>
      <trkpt lat="40.879520773887634" lon="24.203609498217702">
        <ele>134.48</ele>
      </trkpt>
      <trkpt lat="40.879515409469604" lon="24.20322242192924">
        <ele>134.57</ele>
      </trkpt>
      <trkpt lat="40.879510045051575" lon="24.202835261821747">
        <ele>134.62</ele>
      </trkpt>
      <trkpt lat="40.87950476445258" lon="24.202451705932617">
        <ele>134.69</ele>
      </trkpt>
      <trkpt lat="40.87951666675508" lon="24.202038226649165">
        <ele>134.78</ele>
      </trkpt>
      <trkpt lat="40.879528652876616" lon="24.201624831184745">
        <ele>134.86</ele>
      </trkpt>
      <trkpt lat="40.87954055517912" lon="24.201211435720325">
        <ele>134.94</ele>
      </trkpt>
      <trkpt lat="40.879552541300654" lon="24.200798040255904">
        <ele>135.02</ele>
      </trkpt>
      <trkpt lat="40.87956452742219" lon="24.200384644791484">
        <ele>135.07</ele>
      </trkpt>
      <trkpt lat="40.87957642972469" lon="24.199971249327064">
        <ele>135.18</ele>
      </trkpt>
      <trkpt lat="40.87958841584623" lon="24.199557853862643">
        <ele>135.26</ele>
      </trkpt>
      <trkpt lat="40.87960031814873" lon="24.199144458398223">
        <ele>135.3</ele>
      </trkpt>
      <trkpt lat="40.87961205281317" lon="24.198739528656006">
        <ele>135.36</ele>
      </trkpt>
      <trkpt lat="40.879626385867596" lon="24.19833082705736">
        <ele>135.44</ele>
      </trkpt>
      <trkpt lat="40.87964071892202" lon="24.19792220927775">
        <ele>135.58</ele>
      </trkpt>
      <trkpt lat="40.87965505197644" lon="24.197513591498137">
        <ele>135.7</ele>
      </trkpt>
      <trkpt lat="40.879669385030866" lon="24.197104973718524">
        <ele>135.77</ele>
      </trkpt>
      <trkpt lat="40.87968371808529" lon="24.19669635593891">
        <ele>135.8</ele>
      </trkpt>
      <trkpt lat="40.87969805113971" lon="24.1962877381593">
        <ele>135.86</ele>
      </trkpt>
      <trkpt lat="40.879712384194136" lon="24.195879120379686">
        <ele>135.96</ele>
      </trkpt>
      <trkpt lat="40.87972671724856" lon="24.195470502600074">
        <ele>136.03</ele>
      </trkpt>
      <trkpt lat="40.879740715026855" lon="24.195070266723633">
        <ele>136.07</ele>
      </trkpt>
      <trkpt lat="40.879746079444885" lon="24.19469919987023">
        <ele>136.12</ele>
      </trkpt>
      <trkpt lat="40.879751443862915" lon="24.194328216835856">
        <ele>136.21</ele>
      </trkpt>
      <trkpt lat="40.87975689209998" lon="24.193957233801484">
        <ele>136.3</ele>
      </trkpt>
      <trkpt lat="40.879762256518006" lon="24.193589687347412">
        <ele>136.35</ele>
      </trkpt>
      <trkpt lat="40.87971934117377" lon="24.193224906921387">
        <ele>136.39</ele>
      </trkpt>
      <trkpt lat="40.87969788350165" lon="24.192988872528076">
        <ele>136.47</ele>
      </trkpt>
      <trkpt lat="40.879597468301654" lon="24.192673545330763">
        <ele>136.54</ele>
      </trkpt>
      <trkpt lat="40.87949713692069" lon="24.19235830195248">
        <ele>136.59</ele>
      </trkpt>
      <trkpt lat="40.87939739227295" lon="24.192044734954834">
        <ele>136.61</ele>
      </trkpt>
      <trkpt lat="40.879240818321705" lon="24.191688671708107">
        <ele>136.66</ele>
      </trkpt>
      <trkpt lat="40.87908432818949" lon="24.19133260846138">
        <ele>136.72</ele>
      </trkpt>
      <trkpt lat="40.87892775423825" lon="24.190976545214653">
        <ele>136.78</ele>
      </trkpt>
      <trkpt lat="40.878771264106035" lon="24.190620481967926">
        <ele>136.81</ele>
      </trkpt>
      <trkpt lat="40.87861469015479" lon="24.1902644187212">
        <ele>136.82</ele>
      </trkpt>
      <trkpt lat="40.87845820002258" lon="24.189908355474472">
        <ele>136.85</ele>
      </trkpt>
      <trkpt lat="40.878303134813905" lon="24.189555644989014">
        <ele>136.85</ele>
      </trkpt>
      <trkpt lat="40.87819584645331" lon="24.189276695251465">
        <ele>136.87</ele>
      </trkpt>
      <trkpt lat="40.8780668489635" lon="24.188972264528275">
        <ele>136.89</ele>
      </trkpt>
      <trkpt lat="40.87793793529272" lon="24.188667833805084">
        <ele>136.94</ele>
      </trkpt>
      <trkpt lat="40.87780902162194" lon="24.188363486900926">
        <ele>136.99</ele>
      </trkpt>
      <trkpt lat="40.877680107951164" lon="24.188059056177735">
        <ele>137.02</ele>
      </trkpt>
      <trkpt lat="40.877551110461354" lon="24.187754625454545">
        <ele>137.07</ele>
      </trkpt>
      <trkpt lat="40.87742328643799" lon="24.187452793121338">
        <ele>137.16</ele>
      </trkpt>
      <trkpt lat="40.87729428894818" lon="24.187090443447232">
        <ele>137.24</ele>
      </trkpt>
      <trkpt lat="40.8771653752774" lon="24.18672817759216">
        <ele>137.33</ele>
      </trkpt>
      <trkpt lat="40.87703646160662" lon="24.186365911737084">
        <ele>137.4</ele>
      </trkpt>
      <trkpt lat="40.87690754793584" lon="24.18600356206298">
        <ele>137.52</ele>
      </trkpt>
      <trkpt lat="40.87677855044603" lon="24.185641296207905">
        <ele>137.67</ele>
      </trkpt>
      <trkpt lat="40.876649636775255" lon="24.18527903035283">
        <ele>137.85</ele>
      </trkpt>
      <trkpt lat="40.876522148028016" lon="24.18492078781128">
        <ele>138.01</ele>
      </trkpt>
      <trkpt lat="40.876522064208984" lon="24.18492078781128">
        <ele>138.19</ele>
      </trkpt>
      <trkpt lat="40.876387702301145" lon="24.18460378423333">
        <ele>138.4</ele>
      </trkpt>
      <trkpt lat="40.87625342421234" lon="24.184286864474416">
        <ele>138.6</ele>
      </trkpt>
      <trkpt lat="40.87611914612353" lon="24.1839699447155">
        <ele>138.82</ele>
      </trkpt>
      <trkpt lat="40.875985622406006" lon="24.18365478515625">
        <ele>139.09</ele>
      </trkpt>
      <trkpt lat="40.87584958411753" lon="24.183396957814693">
        <ele>139.38</ele>
      </trkpt>
      <trkpt lat="40.87571354582906" lon="24.18313921429217">
        <ele>139.67</ele>
      </trkpt>
      <trkpt lat="40.875578010454774" lon="24.18288230895996">
        <ele>139.94</ele>
      </trkpt>
      <trkpt lat="40.87557792663574" lon="24.18288230895996">
        <ele>140.21</ele>
      </trkpt>
      <trkpt lat="40.87544188834727" lon="24.18266035616398">
        <ele>140.5</ele>
      </trkpt>
      <trkpt lat="40.875305933877826" lon="24.182438487187028">
        <ele>140.8</ele>
      </trkpt>
      <trkpt lat="40.87517031468451" lon="24.182217121124268">
        <ele>141.1</ele>
      </trkpt>
      <trkpt lat="40.874991277232766" lon="24.181909253820777">
        <ele>141.45</ele>
      </trkpt>
      <trkpt lat="40.874812323600054" lon="24.181601470336318">
        <ele>141.79</ele>
      </trkpt>
      <trkpt lat="40.87463387288153" lon="24.181294441223145">
        <ele>142.07</ele>
      </trkpt>
      <trkpt lat="40.8746337890625" lon="24.181294441223145">
        <ele>142.37</ele>
      </trkpt>
      <trkpt lat="40.87444075383246" lon="24.180972576141357">
        <ele>142.68</ele>
      </trkpt>
      <trkpt lat="40.87429750710726" lon="24.18074349872768">
        <ele>143.0</ele>
      </trkpt>
      <trkpt lat="40.87415434420109" lon="24.180514421314">
        <ele>143.32</ele>
      </trkpt>
      <trkpt lat="40.874011516571045" lon="24.180285930633545">
        <ele>143.61</ele>
      </trkpt>
      <trkpt lat="40.8738826867193" lon="24.18011418543756">
        <ele>143.88</ele>
      </trkpt>
      <trkpt lat="40.87375410832465" lon="24.17994260787964">
        <ele>144.15</ele>
      </trkpt>
      <trkpt lat="40.873754024505615" lon="24.17994260787964">
        <ele>144.41</ele>
      </trkpt>
      <trkpt lat="40.87366827763617" lon="24.179813861846924">
        <ele>144.66</ele>
      </trkpt>
      <trkpt lat="40.87344288825989" lon="24.179534828290343">
        <ele>144.9</ele>
      </trkpt>
      <trkpt lat="40.87321766652167" lon="24.179255962371826">
        <ele>145.14</ele>
      </trkpt>
      <trkpt lat="40.87307802401483" lon="24.17906267568469">
        <ele>145.34</ele>
      </trkpt>
      <trkpt lat="40.87293863296509" lon="24.17886972427368">
        <ele>145.54</ele>
      </trkpt>
      <trkpt lat="40.872788513079286" lon="24.17865514755249">
        <ele>145.71</ele>
      </trkpt>
      <trkpt lat="40.87274559773505" lon="24.178590774536133">
        <ele>145.89</ele>
      </trkpt>
      <trkpt lat="40.872541666030884" lon="24.17834392748773">
        <ele>146.04</ele>
      </trkpt>
      <trkpt lat="40.872337901964784" lon="24.178097248077393">
        <ele>146.19</ele>
      </trkpt>
      <trkpt lat="40.87212315760553" lon="24.17779667302966">
        <ele>146.35</ele>
      </trkpt>
      <trkpt lat="40.8719087485224" lon="24.177496433258057">
        <ele>146.51</ele>
      </trkpt>
      <trkpt lat="40.87179056368768" lon="24.17724933475256">
        <ele>146.61</ele>
      </trkpt>
      <trkpt lat="40.87167271412909" lon="24.177002906799316">
        <ele>146.66</ele>
      </trkpt>
      <trkpt lat="40.87159744463861" lon="24.176787910982966">
        <ele>146.72</ele>
      </trkpt>
      <trkpt lat="40.871522426605225" lon="24.176573753356934">
        <ele>146.78</ele>
      </trkpt>
      <trkpt lat="40.87141522206366" lon="24.176208972930908">
        <ele>146.81</ele>
      </trkpt>
      <trkpt lat="40.87137230671942" lon="24.175972938537598">
        <ele>146.84</ele>
      </trkpt>
      <trkpt lat="40.87133995257318" lon="24.175682589411736">
        <ele>146.83</ele>
      </trkpt>
      <trkpt lat="40.87130784988403" lon="24.17539358139038">
        <ele>146.79</ele>
      </trkpt>
      <trkpt lat="40.87130784988403" lon="24.175013629719615">
        <ele>146.77</ele>
      </trkpt>
      <trkpt lat="40.87130784988403" lon="24.17463367804885">
        <ele>146.72</ele>
      </trkpt>
      <trkpt lat="40.871307933703065" lon="24.174256324768066">
        <ele>146.68</ele>
      </trkpt>
      <trkpt lat="40.87130784988403" lon="24.17412757873535">
        <ele>146.57</ele>
      </trkpt>
      <trkpt lat="40.87132930755615" lon="24.174041748046875">
        <ele>146.45</ele>
      </trkpt>
      <trkpt lat="40.87134003639221" lon="24.173713764175773">
        <ele>146.28</ele>
      </trkpt>
      <trkpt lat="40.8713508490473" lon="24.17338578030467">
        <ele>146.12</ele>
      </trkpt>
      <trkpt lat="40.87136157788336" lon="24.173057796433568">
        <ele>145.92</ele>
      </trkpt>
      <trkpt lat="40.87137230671942" lon="24.172732830047607">
        <ele>145.71</ele>
      </trkpt>
      <trkpt lat="40.87137222290039" lon="24.172732830047607">
        <ele>145.45</ele>
      </trkpt>
      <trkpt lat="40.87137230671942" lon="24.172604084014893">
        <ele>145.16</ele>
      </trkpt>
      <trkpt lat="40.87137230671942" lon="24.17245388031006">
        <ele>144.85</ele>
      </trkpt>
      <trkpt lat="40.87137230671942" lon="24.172346591949463">
        <ele>144.51</ele>
      </trkpt>
      <trkpt lat="40.87129695340991" lon="24.17200251482427">
        <ele>144.12</ele>
      </trkpt>
      <trkpt lat="40.87122201919556" lon="24.17165994644165">
        <ele>143.73</ele>
      </trkpt>
      <trkpt lat="40.87117910385132" lon="24.171595573425293">
        <ele>143.31</ele>
      </trkpt>
      <trkpt lat="40.87117918767035" lon="24.171531200408936">
        <ele>142.89</ele>
      </trkpt>
      <trkpt lat="40.87111481465399" lon="24.17120933532715">
        <ele>142.45</ele>
      </trkpt>
      <trkpt lat="40.87105027399957" lon="24.170886799693108">
        <ele>141.94</ele>
      </trkpt>
      <trkpt lat="40.87098606862128" lon="24.170565605163574">
        <ele>141.4</ele>
      </trkpt>
      <trkpt lat="40.87096461094916" lon="24.170329570770264">
        <ele>140.83</ele>
      </trkpt>
      <trkpt lat="40.87095379829407" lon="24.17010367847979">
        <ele>140.25</ele>
      </trkpt>
      <trkpt lat="40.87094306945801" lon="24.16987895965576">
        <ele>139.67</ele>
      </trkpt>
      <trkpt lat="40.8709107991308" lon="24.16963160969317">
        <ele>139.13</ele>
      </trkpt>
      <trkpt lat="40.87087869644165" lon="24.16938543319702">
        <ele>138.57</ele>
      </trkpt>
      <trkpt lat="40.87078548967838" lon="24.169012773782015">
        <ele>137.96</ele>
      </trkpt>
      <trkpt lat="40.87069236673415" lon="24.168640114367008">
        <ele>137.27</ele>
      </trkpt>
      <trkpt lat="40.8705997467041" lon="24.168269634246826">
        <ele>136.6</ele>
      </trkpt>
      <trkpt lat="40.87059429846704" lon="24.167909380048513">
        <ele>136.05</ele>
      </trkpt>
      <trkpt lat="40.87058893404901" lon="24.1675491258502">
        <ele>135.46</ele>
      </trkpt>
      <trkpt lat="40.87058356963098" lon="24.167188871651888">
        <ele>134.84</ele>
      </trkpt>
      <trkpt lat="40.87057828903198" lon="24.166831970214844">
        <ele>134.24</ele>
      </trkpt>
      <trkpt lat="40.87055674754083" lon="24.16659534908831">
        <ele>133.68</ele>
      </trkpt>
      <trkpt lat="40.870535373687744" lon="24.166359901428223">
        <ele>133.16</ele>
      </trkpt>
      <trkpt lat="40.8704564999789" lon="24.166051698848605">
        <ele>132.61</ele>
      </trkpt>
      <trkpt lat="40.87037771008909" lon="24.16574358008802">
        <ele>132.1</ele>
      </trkpt>
      <trkpt lat="40.870299339294434" lon="24.1654372215271">
        <ele>131.56</ele>
      </trkpt>
      <trkpt lat="40.870191883295774" lon="24.16517931036651">
        <ele>131.01</ele>
      </trkpt>
      <trkpt lat="40.870084846392274" lon="24.16492223739624">
        <ele>130.48</ele>
      </trkpt>
      <trkpt lat="40.87008476257324" lon="24.16492223739624">
        <ele>129.92</ele>
      </trkpt>
      <trkpt lat="40.86993430741131" lon="24.16460707783699">
        <ele>129.43</ele>
      </trkpt>
      <trkpt lat="40.869783936068416" lon="24.164292002096772">
        <ele>128.92</ele>
      </trkpt>
      <trkpt lat="40.86963415145874" lon="24.163978099822998">
        <ele>128.4</ele>
      </trkpt>
      <trkpt lat="40.869526863098145" lon="24.163591861724854">
        <ele>127.78</ele>
      </trkpt>
      <trkpt lat="40.86948025971651" lon="24.1631939727813">
        <ele>127.16</ele>
      </trkpt>
      <trkpt lat="40.86943365633488" lon="24.16279616765678">
        <ele>126.58</ele>
      </trkpt>
      <trkpt lat="40.86938705295324" lon="24.162398278713226">
        <ele>126.03</ele>
      </trkpt>
      <trkpt lat="40.86934053339064" lon="24.162000473588705">
        <ele>125.53</ele>
      </trkpt>
      <trkpt lat="40.86929393000901" lon="24.161602668464184">
        <ele>125.04</ele>
      </trkpt>
      <trkpt lat="40.86924799717963" lon="24.16121006011963">
        <ele>124.58</ele>
      </trkpt>
      <trkpt lat="40.86920508183539" lon="24.160845279693604">
        <ele>124.17</ele>
      </trkpt>
      <trkpt lat="40.86916199885309" lon="24.16046792641282">
        <ele>123.78</ele>
      </trkpt>
      <trkpt lat="40.86911899968982" lon="24.160090573132038">
        <ele>123.42</ele>
      </trkpt>
      <trkpt lat="40.86907600052655" lon="24.159713303670287">
        <ele>123.08</ele>
      </trkpt>
      <trkpt lat="40.86903300136328" lon="24.159335950389504">
        <ele>122.8</ele>
      </trkpt>
      <trkpt lat="40.86899000220001" lon="24.158958680927753">
        <ele>122.57</ele>
      </trkpt>
      <trkpt lat="40.86894700303674" lon="24.15858132764697">
        <ele>122.41</ele>
      </trkpt>
      <trkpt lat="40.86890400387347" lon="24.15820405818522">
        <ele>122.25</ele>
      </trkpt>
      <trkpt lat="40.8688610047102" lon="24.157826704904437">
        <ele>122.1</ele>
      </trkpt>
      <trkpt lat="40.86881800554693" lon="24.157449435442686">
        <ele>121.98</ele>
      </trkpt>
      <trkpt lat="40.86877500638366" lon="24.157072082161903">
        <ele>121.89</ele>
      </trkpt>
      <trkpt lat="40.86873301304877" lon="24.15670394897461">
        <ele>121.83</ele>
      </trkpt>
      <trkpt lat="40.868686409667134" lon="24.15634193457663">
        <ele>121.83</ele>
      </trkpt>
      <trkpt lat="40.8686398062855" lon="24.155979920178652">
        <ele>121.88</ele>
      </trkpt>
      <trkpt lat="40.86859320290387" lon="24.155617905780673">
        <ele>121.92</ele>
      </trkpt>
      <trkpt lat="40.86854659952223" lon="24.155255975201726">
        <ele>122.02</ele>
      </trkpt>
      <trkpt lat="40.8684999961406" lon="24.154893960803747">
        <ele>122.14</ele>
      </trkpt>
      <trkpt lat="40.86845406331122" lon="24.154536724090576">
        <ele>122.26</ele>
      </trkpt>
      <trkpt lat="40.86845397949219" lon="24.154536724090576">
        <ele>122.44</ele>
      </trkpt>
      <trkpt lat="40.86836798116565" lon="24.154278729110956">
        <ele>122.59</ele>
      </trkpt>
      <trkpt lat="40.868282318115234" lon="24.154021739959717">
        <ele>122.82</ele>
      </trkpt>
      <trkpt lat="40.86815357208252" lon="24.153764247894287">
        <ele>123.1</ele>
      </trkpt>
      <trkpt lat="40.868003368377686" lon="24.153528213500977">
        <ele>123.39</ele>
      </trkpt>
      <trkpt lat="40.86774596013129" lon="24.153292179107666">
        <ele>123.66</ele>
      </trkpt>
      <trkpt lat="40.86748846806586" lon="24.153056144714355">
        <ele>124.01</ele>
      </trkpt>
      <trkpt lat="40.86724187247455" lon="24.152916753664613">
        <ele>124.37</ele>
      </trkpt>
      <trkpt lat="40.866994857788086" lon="24.152777194976807">
        <ele>124.78</ele>
      </trkpt>
      <trkpt lat="40.866791093721986" lon="24.152627075091004">
        <ele>125.22</ele>
      </trkpt>
      <trkpt lat="40.86658716201782" lon="24.15247678756714">
        <ele>125.66</ele>
      </trkpt>
      <trkpt lat="40.86637258529663" lon="24.15219783782959">
        <ele>126.18</ele>
      </trkpt>
      <trkpt lat="40.8662223815918" lon="24.151854515075684">
        <ele>126.73</ele>
      </trkpt>
      <trkpt lat="40.86613655090332" lon="24.151489734649658">
        <ele>127.3</ele>
      </trkpt>
      <trkpt lat="40.86613655090332" lon="24.151146411895752">
        <ele>127.92</ele>
      </trkpt>
      <trkpt lat="40.86615264415741" lon="24.1507968865335">
        <ele>128.57</ele>
      </trkpt>
      <trkpt lat="40.8661687374115" lon="24.150447444990277">
        <ele>129.23</ele>
      </trkpt>
      <trkpt lat="40.86618491448462" lon="24.150097919628024">
        <ele>129.88</ele>
      </trkpt>
      <trkpt lat="40.86620092391968" lon="24.149751663208008">
        <ele>130.49</ele>
      </trkpt>
      <trkpt lat="40.86617946624756" lon="24.14942979812622">
        <ele>131.08</ele>
      </trkpt>
      <trkpt lat="40.8661256544292" lon="24.14921480230987">
        <ele>131.65</ele>
      </trkpt>
      <trkpt lat="40.86607217788696" lon="24.149000644683838">
        <ele>132.24</ele>
      </trkpt>
      <trkpt lat="40.86597545072436" lon="24.14868892170489">
        <ele>132.83</ele>
      </trkpt>
      <trkpt lat="40.86587905883789" lon="24.148378372192383">
        <ele>133.43</ele>
      </trkpt>
      <trkpt lat="40.86575735360384" lon="24.148149210959673">
        <ele>134.05</ele>
      </trkpt>
      <trkpt lat="40.86563564836979" lon="24.147920133545995">
        <ele>134.66</ele>
      </trkpt>
      <trkpt lat="40.8655143622309" lon="24.14769172668457">
        <ele>135.27</ele>
      </trkpt>
      <trkpt lat="40.86539617739618" lon="24.147498439997435">
        <ele>135.79</ele>
      </trkpt>
      <trkpt lat="40.865278327837586" lon="24.147305488586426">
        <ele>136.32</ele>
      </trkpt>
      <trkpt lat="40.86514228954911" lon="24.14709074422717">
        <ele>136.84</ele>
      </trkpt>
      <trkpt lat="40.86500633507967" lon="24.146875999867916">
        <ele>137.34</ele>
      </trkpt>
      <trkpt lat="40.86487063206732" lon="24.14666175842285">
        <ele>137.8</ele>
      </trkpt>
      <trkpt lat="40.86477390490472" lon="24.146489929407835">
        <ele>138.21</ele>
      </trkpt>
      <trkpt lat="40.86467751301825" lon="24.146318435668945">
        <ele>138.58</ele>
      </trkpt>
      <trkpt lat="40.86461314000189" lon="24.14621114730835">
        <ele>138.89</ele>
      </trkpt>
      <trkpt lat="40.86448439396918" lon="24.1459321975708">
        <ele>139.2</ele>
      </trkpt>
      <trkpt lat="40.8643554802984" lon="24.145645704120398">
        <ele>139.49</ele>
      </trkpt>
      <trkpt lat="40.86422656662762" lon="24.145359210669994">
        <ele>139.72</ele>
      </trkpt>
      <trkpt lat="40.864098155871034" lon="24.145073890686035">
        <ele>139.9</ele>
      </trkpt>
      <trkpt lat="40.864076698198915" lon="24.14496660232544">
        <ele>140.02</ele>
      </trkpt>
      <trkpt lat="40.864055156707764" lon="24.144859313964844">
        <ele>140.09</ele>
      </trkpt>
      <trkpt lat="40.864033782854676" lon="24.144773483276367">
        <ele>140.09</ele>
      </trkpt>
      <trkpt lat="40.8639979083091" lon="24.144429322332144">
        <ele>140.05</ele>
      </trkpt>
      <trkpt lat="40.86396203376353" lon="24.144085245206952">
        <ele>139.95</ele>
      </trkpt>
      <trkpt lat="40.86392649449408" lon="24.14374351501465">
        <ele>139.8</ele>
      </trkpt>
      <trkpt lat="40.86390495300293" lon="24.143528435379267">
        <ele>139.6</ele>
      </trkpt>
      <trkpt lat="40.86388357914984" lon="24.143314361572266">
        <ele>139.35</ele>
      </trkpt>
      <trkpt lat="40.86386203765869" lon="24.14299886673689">
        <ele>139.07</ele>
      </trkpt>
      <trkpt lat="40.86384049616754" lon="24.142683455720544">
        <ele>138.73</ele>
      </trkpt>
      <trkpt lat="40.863819206133485" lon="24.142370223999023">
        <ele>138.34</ele>
      </trkpt>
      <trkpt lat="40.863797748461366" lon="24.142112731933594">
        <ele>137.89</ele>
      </trkpt>
      <trkpt lat="40.86376899853349" lon="24.141754237934947">
        <ele>137.33</ele>
      </trkpt>
      <trkpt lat="40.86374033242464" lon="24.141395827755332">
        <ele>136.75</ele>
      </trkpt>
      <trkpt lat="40.86371191777289" lon="24.141039848327637">
        <ele>136.16</ele>
      </trkpt>
      <trkpt lat="40.86369046010077" lon="24.140760898590088">
        <ele>135.5</ele>
      </trkpt>
      <trkpt lat="40.86365810595453" lon="24.140556547790766">
        <ele>134.81</ele>
      </trkpt>
      <trkpt lat="40.86362600326538" lon="24.140353202819824">
        <ele>134.08</ele>
      </trkpt>
      <trkpt lat="40.86357219144702" lon="24.140052124857903">
        <ele>133.32</ele>
      </trkpt>
      <trkpt lat="40.863518714904785" lon="24.13975238800049">
        <ele>132.5</ele>
      </trkpt>
      <trkpt lat="40.863421987742186" lon="24.1394944768399">
        <ele>131.68</ele>
      </trkpt>
      <trkpt lat="40.86332559585571" lon="24.13923740386963">
        <ele>130.87</ele>
      </trkpt>
      <trkpt lat="40.863218139857054" lon="24.13901176303625">
        <ele>130.06</ele>
      </trkpt>
      <trkpt lat="40.86311101913452" lon="24.138786792755127">
        <ele>129.21</ele>
      </trkpt>
      <trkpt lat="40.86293927393854" lon="24.138550590723753">
        <ele>128.26</ele>
      </trkpt>
      <trkpt lat="40.86276752874255" lon="24.13831447251141">
        <ele>127.31</ele>
      </trkpt>
      <trkpt lat="40.86259603500366" lon="24.138078689575195">
        <ele>126.34</ele>
      </trkpt>
      <trkpt lat="40.86240283213556" lon="24.137831842526793">
        <ele>125.38</ele>
      </trkpt>
      <trkpt lat="40.862209629267454" lon="24.13758499547839">
        <ele>124.42</ele>
      </trkpt>
      <trkpt lat="40.86201651021838" lon="24.13733814842999">
        <ele>123.47</ele>
      </trkpt>
      <trkpt lat="40.86182355880737" lon="24.137091636657715">
        <ele>122.53</ele>
      </trkpt>
      <trkpt lat="40.86167335510254" lon="24.136812686920166">
        <ele>121.6</ele>
      </trkpt>
      <trkpt lat="40.86155517026782" lon="24.13655485957861">
        <ele>120.7</ele>
      </trkpt>
      <trkpt lat="40.86143732070923" lon="24.136297702789307">
        <ele>119.82</ele>
      </trkpt>
      <trkpt lat="40.86137278005481" lon="24.135985895991325">
        <ele>118.97</ele>
      </trkpt>
      <trkpt lat="40.861308574676514" lon="24.13567543029785">
        <ele>118.14</ele>
      </trkpt>
      <trkpt lat="40.86128703318536" lon="24.135336633771658">
        <ele>117.3</ele>
      </trkpt>
      <trkpt lat="40.861265575513244" lon="24.134997921064496">
        <ele>116.47</ele>
      </trkpt>
      <trkpt lat="40.861244117841125" lon="24.134659208357334">
        <ele>115.66</ele>
      </trkpt>
      <trkpt lat="40.86122282780707" lon="24.134323596954346">
        <ele>114.93</ele>
      </trkpt>
      <trkpt lat="40.86122282780707" lon="24.13421630859375">
        <ele>114.21</ele>
      </trkpt>
      <trkpt lat="40.861201202496886" lon="24.133979687467217">
        <ele>113.52</ele>
      </trkpt>
      <trkpt lat="40.8611798286438" lon="24.13374423980713">
        <ele>112.88</ele>
      </trkpt>
      <trkpt lat="40.86111528798938" lon="24.133421704173088">
        <ele>112.31</ele>
      </trkpt>
      <trkpt lat="40.861051082611084" lon="24.133100509643555">
        <ele>111.82</ele>
      </trkpt>
      <trkpt lat="40.860932897776365" lon="24.132810411974788">
        <ele>111.35</ele>
      </trkpt>
      <trkpt lat="40.86081504821777" lon="24.132521152496338">
        <ele>110.94</ele>
      </trkpt>
      <trkpt lat="40.86069694720209" lon="24.13231705315411">
        <ele>110.56</ele>
      </trkpt>
      <trkpt lat="40.860579097643495" lon="24.132113456726074">
        <ele>110.24</ele>
      </trkpt>
      <trkpt lat="40.860414477065206" lon="24.13192025385797">
        <ele>109.96</ele>
      </trkpt>
      <trkpt lat="40.86024994030595" lon="24.131727134808898">
        <ele>109.77</ele>
      </trkpt>
      <trkpt lat="40.86008548736572" lon="24.131534099578857">
        <ele>109.64</ele>
      </trkpt>
      <trkpt lat="40.85984945297241" lon="24.131305189803243">
        <ele>109.59</ele>
      </trkpt>
      <trkpt lat="40.85961350239813" lon="24.13107636384666">
        <ele>109.58</ele>
      </trkpt>
      <trkpt lat="40.85937738418579" lon="24.130847454071045">
        <ele>109.67</ele>
      </trkpt>
      <trkpt lat="40.85920572280884" lon="24.130675792694092">
        <ele>109.85</ele>
      </trkpt>
      <trkpt lat="40.85903414525092" lon="24.13050413131714">
        <ele>110.1</ele>
      </trkpt>
      <trkpt lat="40.85892677307129" lon="24.130289554595947">
        <ele>110.43</ele>
      </trkpt>
      <trkpt lat="40.85881948471069" lon="24.1300106048584">
        <ele>110.82</ele>
      </trkpt>
      <trkpt lat="40.8588086720556" lon="24.129784712567925">
        <ele>111.28</ele>
      </trkpt>
      <trkpt lat="40.858798027038574" lon="24.129559993743896">
        <ele>111.77</ele>
      </trkpt>
      <trkpt lat="40.85886240005493" lon="24.12925958633423">
        <ele>112.31</ele>
      </trkpt>
      <trkpt lat="40.85895694792271" lon="24.128881143406034">
        <ele>112.91</ele>
      </trkpt>
      <trkpt lat="40.85905157960951" lon="24.12850278429687">
        <ele>113.56</ele>
      </trkpt>
      <trkpt lat="40.85914612747729" lon="24.128124425187707">
        <ele>114.27</ele>
      </trkpt>
      <trkpt lat="40.859240759164095" lon="24.127746066078544">
        <ele>115.02</ele>
      </trkpt>
      <trkpt lat="40.85933446884155" lon="24.127371311187744">
        <ele>115.84</ele>
      </trkpt>
      <trkpt lat="40.85936665534973" lon="24.127113232389092">
        <ele>116.65</ele>
      </trkpt>
      <trkpt lat="40.85939884185791" lon="24.126856327056885">
        <ele>117.54</ele>
      </trkpt>
      <trkpt lat="40.85935592651367" lon="24.126555919647217">
        <ele>118.47</ele>
      </trkpt>
      <trkpt lat="40.859313094988465" lon="24.126362800598145">
        <ele>119.48</ele>
      </trkpt>
      <trkpt lat="40.859216284006834" lon="24.126126430928707">
        <ele>120.53</ele>
      </trkpt>
      <trkpt lat="40.85911989212036" lon="24.125890731811523">
        <ele>121.64</ele>
      </trkpt>
      <trkpt lat="40.85889450274408" lon="24.125622427091002">
        <ele>122.81</ele>
      </trkpt>
      <trkpt lat="40.85866928100586" lon="24.125354290008545">
        <ele>124.01</ele>
      </trkpt>
      <trkpt lat="40.858424194157124" lon="24.12518883123994">
        <ele>125.11</ele>
      </trkpt>
      <trkpt lat="40.85817919112742" lon="24.125023456290364">
        <ele>126.36</ele>
      </trkpt>
      <trkpt lat="40.857934104278684" lon="24.124857997521758">
        <ele>127.61</ele>
      </trkpt>
      <trkpt lat="40.85768910124898" lon="24.124692622572184">
        <ele>128.89</ele>
      </trkpt>
      <trkpt lat="40.857444014400244" lon="24.12452724762261">
        <ele>130.16</ele>
      </trkpt>
      <trkpt lat="40.85719901137054" lon="24.124361788854003">
        <ele>131.39</ele>
      </trkpt>
      <trkpt lat="40.85695266723633" lon="24.12419557571411">
        <ele>132.59</ele>
      </trkpt>
      <trkpt lat="40.85683456622064" lon="24.124045288190246">
        <ele>133.92</ele>
      </trkpt>
      <trkpt lat="40.85671663284302" lon="24.123895168304443">
        <ele>135.23</ele>
      </trkpt>
      <trkpt lat="40.85664136335254" lon="24.123690985143185">
        <ele>136.65</ele>
      </trkpt>
      <trkpt lat="40.856566429138184" lon="24.12348747253418">
        <ele>138.11</ele>
      </trkpt>
      <trkpt lat="40.85651261731982" lon="24.123143395408988">
        <ele>139.63</ele>
      </trkpt>
      <trkpt lat="40.85645914077759" lon="24.122800827026367">
        <ele>141.03</ele>
      </trkpt>
      <trkpt lat="40.85646986961365" lon="24.122499665245414">
        <ele>142.42</ele>
      </trkpt>
      <trkpt lat="40.85648059844971" lon="24.12220001220703">
        <ele>143.81</ele>
      </trkpt>
      <trkpt lat="40.856544971466064" lon="24.1219425201416">
        <ele>145.17</ele>
      </trkpt>
      <trkpt lat="40.85664161480963" lon="24.121727608144283">
        <ele>146.57</ele>
      </trkpt>
      <trkpt lat="40.85673809051514" lon="24.12151336669922">
        <ele>147.98</ele>
      </trkpt>
      <trkpt lat="40.85695266723633" lon="24.121239697560668">
        <ele>149.43</ele>
      </trkpt>
      <trkpt lat="40.85716732777655" lon="24.120966028422117">
        <ele>150.81</ele>
      </trkpt>
      <trkpt lat="40.857381988316774" lon="24.120692359283566">
        <ele>152.23</ele>
      </trkpt>
      <trkpt lat="40.8575963973999" lon="24.120419025421143">
        <ele>153.56</ele>
      </trkpt>
      <trkpt lat="40.85766077041626" lon="24.12024736404419">
        <ele>154.83</ele>
      </trkpt>
      <trkpt lat="40.85766077041626" lon="24.12001132965088">
        <ele>156.07</ele>
      </trkpt>
      <trkpt lat="40.85761785507202" lon="24.119818210601807">
        <ele>157.31</ele>
      </trkpt>
      <trkpt lat="40.85757493972778" lon="24.11971092224121">
        <ele>158.51</ele>
      </trkpt>
      <trkpt lat="40.85738701745868" lon="24.119426356628537">
        <ele>159.66</ele>
      </trkpt>
      <trkpt lat="40.8571991790086" lon="24.119141874834895">
        <ele>160.85</ele>
      </trkpt>
      <trkpt lat="40.8570112567395" lon="24.118857393041253">
        <ele>162.04</ele>
      </trkpt>
      <trkpt lat="40.85682392120361" lon="24.118573665618896">
        <ele>163.17</ele>
      </trkpt>
      <trkpt lat="40.85665225982666" lon="24.11827325820923">
        <ele>164.26</ele>
      </trkpt>
      <trkpt lat="40.85658771917224" lon="24.11807980388403">
        <ele>165.32</ele>
      </trkpt>
      <trkpt lat="40.856523513793945" lon="24.117887020111084">
        <ele>166.31</ele>
      </trkpt>
      <trkpt lat="40.85648059844971" lon="24.117565155029297">
        <ele>167.26</ele>
      </trkpt>
      <trkpt lat="40.856523513793945" lon="24.117157459259033">
        <ele>168.2</ele>
      </trkpt>
      <trkpt lat="40.856571877375245" lon="24.11679720506072">
        <ele>169.08</ele>
      </trkpt>
      <trkpt lat="40.856620240956545" lon="24.11643703468144">
        <ele>169.93</ele>
      </trkpt>
      <trkpt lat="40.856668604537845" lon="24.11607686430216">
        <ele>170.72</ele>
      </trkpt>
      <trkpt lat="40.85671663284302" lon="24.11571979522705">
        <ele>171.44</ele>
      </trkpt>
      <trkpt lat="40.856705820187926" lon="24.115450903773308">
        <ele>172.07</ele>
      </trkpt>
      <trkpt lat="40.8566951751709" lon="24.115183353424072">
        <ele>172.68</ele>
      </trkpt>
      <trkpt lat="40.856659300625324" lon="24.11481773480773">
        <ele>173.23</ele>
      </trkpt>
      <trkpt lat="40.85662342607975" lon="24.114452116191387">
        <ele>173.77</ele>
      </trkpt>
      <trkpt lat="40.8565878868103" lon="24.114089012145996">
        <ele>174.29</ele>
      </trkpt>
      <trkpt lat="40.8565878868103" lon="24.113852977752686">
        <ele>174.72</ele>
      </trkpt>
      <trkpt lat="40.85667380131781" lon="24.11346673965454">
        <ele>175.04</ele>
      </trkpt>
      <trkpt lat="40.85680263116956" lon="24.113198183476925">
        <ele>175.27</ele>
      </trkpt>
      <trkpt lat="40.856931544840336" lon="24.11292962729931">
        <ele>175.48</ele>
      </trkpt>
      <trkpt lat="40.857060458511114" lon="24.112661071121693">
        <ele>175.66</ele>
      </trkpt>
      <trkpt lat="40.85718878544867" lon="24.112393856048584">
        <ele>175.79</ele>
      </trkpt>
      <trkpt lat="40.85733890533447" lon="24.112179279327393">
        <ele>175.9</ele>
      </trkpt>
      <trkpt lat="40.85736044682562" lon="24.112093448638916">
        <ele>175.9</ele>
      </trkpt>
      <trkpt lat="40.85740336216986" lon="24.111900329589844">
        <ele>175.82</ele>
      </trkpt>
      <trkpt lat="40.8574462775141" lon="24.111793041229248">
        <ele>175.71</ele>
      </trkpt>
      <trkpt lat="40.85744619369507" lon="24.111793041229248">
        <ele>175.55</ele>
      </trkpt>
      <trkpt lat="40.85751065053046" lon="24.11156731657684">
        <ele>175.34</ele>
      </trkpt>
      <trkpt lat="40.85757493972778" lon="24.111342430114746">
        <ele>175.08</ele>
      </trkpt>
      <trkpt lat="40.857596481218934" lon="24.111106395721436">
        <ele>174.78</ele>
      </trkpt>
      <trkpt lat="40.85760360583663" lon="24.11081244237721">
        <ele>174.45</ele>
      </trkpt>
      <trkpt lat="40.85761081427336" lon="24.110518489032984">
        <ele>174.06</ele>
      </trkpt>
      <trkpt lat="40.85761793889105" lon="24.11022663116455">
        <ele>173.62</ele>
      </trkpt>
      <trkpt lat="40.85762506350875" lon="24.10993980243802">
        <ele>173.19</ele>
      </trkpt>
      <trkpt lat="40.857632188126445" lon="24.109653057530522">
        <ele>172.74</ele>
      </trkpt>
      <trkpt lat="40.85763931274414" lon="24.109368324279785">
        <ele>172.22</ele>
      </trkpt>
      <trkpt lat="40.8576500415802" lon="24.109110245481133">
        <ele>171.67</ele>
      </trkpt>
      <trkpt lat="40.85766077041626" lon="24.108853340148926">
        <ele>171.16</ele>
      </trkpt>
      <trkpt lat="40.85767149925232" lon="24.108605990186334">
        <ele>170.61</ele>
      </trkpt>
      <trkpt lat="40.85768222808838" lon="24.108359813690186">
        <ele>170.08</ele>
      </trkpt>
      <trkpt lat="40.8576534781605" lon="24.10802286118269">
        <ele>169.53</ele>
      </trkpt>
      <trkpt lat="40.857624812051654" lon="24.107685908675194">
        <ele>168.99</ele>
      </trkpt>
      <trkpt lat="40.8575963973999" lon="24.107351303100586">
        <ele>168.43</ele>
      </trkpt>
      <trkpt lat="40.85757485590875" lon="24.107060953974724">
        <ele>167.91</ele>
      </trkpt>
      <trkpt lat="40.857553565874696" lon="24.10677194595337">
        <ele>167.34</ele>
      </trkpt>
      <trkpt lat="40.857553482055664" lon="24.10677194595337">
        <ele>166.86</ele>
      </trkpt>
      <trkpt lat="40.857532024383545" lon="24.106686115264893">
        <ele>166.39</ele>
      </trkpt>
      <trkpt lat="40.857499754056334" lon="24.10644949413836">
        <ele>165.92</ele>
      </trkpt>
      <trkpt lat="40.85746765136719" lon="24.10621404647827">
        <ele>165.49</ele>
      </trkpt>
      <trkpt lat="40.85739598609507" lon="24.105948843061924">
        <ele>165.1</ele>
      </trkpt>
      <trkpt lat="40.857324320822954" lon="24.105683723464608">
        <ele>164.72</ele>
      </trkpt>
      <trkpt lat="40.857253074645996" lon="24.105420112609863">
        <ele>164.41</ele>
      </trkpt>
      <trkpt lat="40.85714126005769" lon="24.105071844533086">
        <ele>164.11</ele>
      </trkpt>
      <trkpt lat="40.85702952928841" lon="24.10472366027534">
        <ele>163.88</ele>
      </trkpt>
      <trkpt lat="40.8569177147001" lon="24.104375476017594">
        <ele>163.7</ele>
      </trkpt>
      <trkpt lat="40.856805983930826" lon="24.10402729175985">
        <ele>163.6</ele>
      </trkpt>
      <trkpt lat="40.8566951751709" lon="24.103682041168213">
        <ele>163.57</ele>
      </trkpt>
      <trkpt lat="40.8566951751709" lon="24.103317260742188">
        <ele>163.58</ele>
      </trkpt>
      <trkpt lat="40.856759548187256" lon="24.10303831100464">
        <ele>163.63</ele>
      </trkpt>
      <trkpt lat="40.85693120956421" lon="24.102694988250732">
        <ele>163.78</ele>
      </trkpt>
      <trkpt lat="40.85710722953081" lon="24.10241578705609">
        <ele>163.99</ele>
      </trkpt>
      <trkpt lat="40.857283333316445" lon="24.102136669680476">
        <ele>164.27</ele>
      </trkpt>
      <trkpt lat="40.85745943710208" lon="24.101857552304864">
        <ele>164.57</ele>
      </trkpt>
      <trkpt lat="40.85763545706868" lon="24.10157835111022">
        <ele>164.9</ele>
      </trkpt>
      <trkpt lat="40.857810974121094" lon="24.10130023956299">
        <ele>165.44</ele>
      </trkpt>
      <trkpt lat="40.85793972015381" lon="24.101064205169678">
        <ele>165.97</ele>
      </trkpt>
      <trkpt lat="40.858025550842285" lon="24.100806713104248">
        <ele>166.42</ele>
      </trkpt>
      <trkpt lat="40.85806846618652" lon="24.100570678710938">
        <ele>166.9</ele>
      </trkpt>
      <trkpt lat="40.85805765353143" lon="24.100323328748345">
        <ele>167.44</ele>
      </trkpt>
      <trkpt lat="40.858047008514404" lon="24.100077152252197">
        <ele>168.13</ele>
      </trkpt>
      <trkpt lat="40.858004009351134" lon="24.09967565909028">
        <ele>168.88</ele>
      </trkpt>
      <trkpt lat="40.857961010187864" lon="24.099274249747396">
        <ele>169.63</ele>
      </trkpt>
      <trkpt lat="40.85791834630072" lon="24.098875522613525">
        <ele>170.34</ele>
      </trkpt>
      <trkpt lat="40.85791826248169" lon="24.098875522613525">
        <ele>171.08</ele>
      </trkpt>
      <trkpt lat="40.85787517949939" lon="24.09856011159718">
        <ele>171.84</ele>
      </trkpt>
      <trkpt lat="40.85783218033612" lon="24.098244700580835">
        <ele>172.65</ele>
      </trkpt>
      <trkpt lat="40.857789516448975" lon="24.097931385040283">
        <ele>173.54</ele>
      </trkpt>
      <trkpt lat="40.85768222808838" lon="24.097566604614258">
        <ele>174.46</ele>
      </trkpt>
      <trkpt lat="40.857560439035296" lon="24.097294444218278">
        <ele>175.32</ele>
      </trkpt>
      <trkpt lat="40.857438649982214" lon="24.097022283822298">
        <ele>176.22</ele>
      </trkpt>
      <trkpt lat="40.85731744766235" lon="24.09675121307373">
        <ele>177.13</ele>
      </trkpt>
      <trkpt lat="40.8573030307889" lon="24.0964643843472">
        <ele>178.16</ele>
      </trkpt>
      <trkpt lat="40.857288697734475" lon="24.096177639439702">
        <ele>179.16</ele>
      </trkpt>
      <trkpt lat="40.857274532318115" lon="24.095892906188965">
        <ele>180.16</ele>
      </trkpt>
      <trkpt lat="40.857209991663694" lon="24.095656368881464">
        <ele>181.18</ele>
      </trkpt>
      <trkpt lat="40.8571457862854" lon="24.095420837402344">
        <ele>182.2</ele>
      </trkpt>
      <trkpt lat="40.857059955596924" lon="24.09529209136963">
        <ele>183.17</ele>
      </trkpt>
      <trkpt lat="40.85686692036688" lon="24.095163429155946">
        <ele>184.13</ele>
      </trkpt>
      <trkpt lat="40.856673968955874" lon="24.095034766942263">
        <ele>185.05</ele>
      </trkpt>
      <trkpt lat="40.85648059844971" lon="24.094905853271484">
        <ele>185.92</ele>
      </trkpt>
      <trkpt lat="40.856287479400635" lon="24.094605445861816">
        <ele>186.88</ele>
      </trkpt>
      <trkpt lat="40.8562445640564" lon="24.0944766998291">
        <ele>187.89</ele>
      </trkpt>
      <trkpt lat="40.856233751401305" lon="24.09420780837536">
        <ele>188.96</ele>
      </trkpt>
      <trkpt lat="40.85622310638428" lon="24.093940258026123">
        <ele>189.97</ele>
      </trkpt>
      <trkpt lat="40.85627323016524" lon="24.0936391800642">
        <ele>190.99</ele>
      </trkpt>
      <trkpt lat="40.85632343776524" lon="24.09333810210228">
        <ele>191.99</ele>
      </trkpt>
      <trkpt lat="40.85637331008911" lon="24.09303903579712">
        <ele>192.96</ele>
      </trkpt>
      <trkpt lat="40.85638403892517" lon="24.092823956161737">
        <ele>193.98</ele>
      </trkpt>
      <trkpt lat="40.85639476776123" lon="24.092609882354736">
        <ele>195.05</ele>
      </trkpt>
      <trkpt lat="40.85633022710681" lon="24.092249711975455">
        <ele>196.12</ele>
      </trkpt>
      <trkpt lat="40.85626568645239" lon="24.091889541596174">
        <ele>197.16</ele>
      </trkpt>
      <trkpt lat="40.856201229617" lon="24.091529371216893">
        <ele>198.21</ele>
      </trkpt>
      <trkpt lat="40.8561372756958" lon="24.091172218322754">
        <ele>199.29</ele>
      </trkpt>
      <trkpt lat="40.85607273504138" lon="24.090967951342463">
        <ele>200.36</ele>
      </trkpt>
      <trkpt lat="40.856008529663086" lon="24.09076452255249">
        <ele>201.44</ele>
      </trkpt>
      <trkpt lat="40.85583670064807" lon="24.090447686612606">
        <ele>202.46</ele>
      </trkpt>
      <trkpt lat="40.85566487163305" lon="24.090130850672722">
        <ele>203.45</ele>
      </trkpt>
      <trkpt lat="40.855493042618036" lon="24.089814014732838">
        <ele>204.51</ele>
      </trkpt>
      <trkpt lat="40.85532188415527" lon="24.08949851989746">
        <ele>205.56</ele>
      </trkpt>
      <trkpt lat="40.855246698483825" lon="24.08927279524505">
        <ele>206.59</ele>
      </trkpt>
      <trkpt lat="40.85517176426947" lon="24.08904790878296">
        <ele>207.59</ele>
      </trkpt>
      <trkpt lat="40.85515022277832" lon="24.088661670684814">
        <ele>208.67</ele>
      </trkpt>
      <trkpt lat="40.85519313812256" lon="24.088404178619385">
        <ele>209.74</ele>
      </trkpt>
      <trkpt lat="40.85531936958432" lon="24.08806295134127">
        <ele>210.78</ele>
      </trkpt>
      <trkpt lat="40.855445601046085" lon="24.08772180788219">
        <ele>211.75</ele>
      </trkpt>
      <trkpt lat="40.85557191632688" lon="24.087380664423108">
        <ele>212.74</ele>
      </trkpt>
      <trkpt lat="40.855698147788644" lon="24.087039520964026">
        <ele>213.75</ele>
      </trkpt>
      <trkpt lat="40.85582437925041" lon="24.086698377504945">
        <ele>214.76</ele>
      </trkpt>
      <trkpt lat="40.8559506945312" lon="24.086357234045863">
        <ele>215.74</ele>
      </trkpt>
      <trkpt lat="40.856076925992966" lon="24.08601600676775">
        <ele>216.7</ele>
      </trkpt>
      <trkpt lat="40.85620164871216" lon="24.085679054260254">
        <ele>217.66</ele>
      </trkpt>
      <trkpt lat="40.856357384473085" lon="24.085329864174128">
        <ele>218.62</ele>
      </trkpt>
      <trkpt lat="40.85651312023401" lon="24.084980757907033">
        <ele>219.57</ele>
      </trkpt>
      <trkpt lat="40.85666893981397" lon="24.08463165163994">
        <ele>220.5</ele>
      </trkpt>
      <trkpt lat="40.85682392120361" lon="24.08428430557251">
        <ele>221.42</ele>
      </trkpt>
      <trkpt lat="40.85683465003967" lon="24.084026226773858">
        <ele>222.29</ele>
      </trkpt>
      <trkpt lat="40.856845462694764" lon="24.08376932144165">
        <ele>223.19</ele>
      </trkpt>
      <trkpt lat="40.856802463531494" lon="24.08353328704834">
        <ele>224.06</ele>
      </trkpt>
      <trkpt lat="40.85673809051514" lon="24.083147048950195">
        <ele>224.92</ele>
      </trkpt>
      <trkpt lat="40.856662821024656" lon="24.082759972661734">
        <ele>225.73</ele>
      </trkpt>
      <trkpt lat="40.8565878868103" lon="24.082374572753906">
        <ele>226.57</ele>
      </trkpt>
      <trkpt lat="40.85650188848376" lon="24.082019766792655">
        <ele>227.42</ele>
      </trkpt>
      <trkpt lat="40.85641630925238" lon="24.081666469573975">
        <ele>228.24</ele>
      </trkpt>
      <trkpt lat="40.856301644816995" lon="24.081351226195693">
        <ele>229.05</ele>
      </trkpt>
      <trkpt lat="40.85618706420064" lon="24.08103598281741">
        <ele>229.81</ele>
      </trkpt>
      <trkpt lat="40.85607239976525" lon="24.08072082325816">
        <ele>230.64</ele>
      </trkpt>
      <trkpt lat="40.8559578191489" lon="24.08040557987988">
        <ele>231.47</ele>
      </trkpt>
      <trkpt lat="40.85584315471351" lon="24.08009042032063">
        <ele>232.27</ele>
      </trkpt>
      <trkpt lat="40.85572966374457" lon="24.07977819442749">
        <ele>233.02</ele>
      </trkpt>
      <trkpt lat="40.85560075007379" lon="24.079574178904295">
        <ele>233.76</ele>
      </trkpt>
      <trkpt lat="40.85547208786011" lon="24.079370498657227">
        <ele>234.53</ele>
      </trkpt>
      <trkpt lat="40.85527905263007" lon="24.079209566116333">
        <ele>235.29</ele>
      </trkpt>
      <trkpt lat="40.85508584976196" lon="24.07904863357544">
        <ele>236.06</ele>
      </trkpt>
      <trkpt lat="40.854892898350954" lon="24.078962886705995">
        <ele>236.79</ele>
      </trkpt>
      <trkpt lat="40.85469961166382" lon="24.078876972198486">
        <ele>237.54</ele>
      </trkpt>
      <trkpt lat="40.854463912546635" lon="24.078866243362427">
        <ele>238.26</ele>
      </trkpt>
      <trkpt lat="40.85422762669623" lon="24.078855514526367">
        <ele>239.0</ele>
      </trkpt>
      <trkpt lat="40.85395974107087" lon="24.07893044874072">
        <ele>239.79</ele>
      </trkpt>
      <trkpt lat="40.853691855445504" lon="24.079005466774106">
        <ele>240.49</ele>
      </trkpt>
      <trkpt lat="40.85342396982014" lon="24.07908048480749">
        <ele>241.11</ele>
      </trkpt>
      <trkpt lat="40.85315465927124" lon="24.079155921936035">
        <ele>241.71</ele>
      </trkpt>
      <trkpt lat="40.85299397818744" lon="24.079166566953063">
        <ele>242.34</ele>
      </trkpt>
      <trkpt lat="40.85283279418945" lon="24.079177379608154">
        <ele>242.94</ele>
      </trkpt>
      <trkpt lat="40.85270404815674" lon="24.079155921936035">
        <ele>243.57</ele>
      </trkpt>
      <trkpt lat="40.852510929107666" lon="24.07907009124756">
        <ele>244.25</ele>
      </trkpt>
      <trkpt lat="40.85233926773071" lon="24.078919887542725">
        <ele>244.85</ele>
      </trkpt>
      <trkpt lat="40.85214614868164" lon="24.078598022460938">
        <ele>245.41</ele>
      </trkpt>
      <trkpt lat="40.85209233686328" lon="24.078393755480647">
        <ele>246.0</ele>
      </trkpt>
      <trkpt lat="40.852038860321045" lon="24.078190326690674">
        <ele>246.57</ele>
      </trkpt>
      <trkpt lat="40.852038860321045" lon="24.077954292297363">
        <ele>247.16</ele>
      </trkpt>
      <trkpt lat="40.852060317993164" lon="24.077739715576172">
        <ele>247.63</ele>
      </trkpt>
      <trkpt lat="40.85216777399182" lon="24.077374264597893">
        <ele>248.2</ele>
      </trkpt>
      <trkpt lat="40.852274894714355" lon="24.07701015472412">
        <ele>248.77</ele>
      </trkpt>
      <trkpt lat="40.85233926773071" lon="24.076645374298096">
        <ele>249.33</ele>
      </trkpt>
      <trkpt lat="40.852317810058594" lon="24.076366424560547">
        <ele>249.81</ele>
      </trkpt>
      <trkpt lat="40.852274894714355" lon="24.076130390167236">
        <ele>250.27</ele>
      </trkpt>
      <trkpt lat="40.85214614868164" lon="24.075872898101807">
        <ele>250.7</ele>
      </trkpt>
      <trkpt lat="40.85194230079651" lon="24.075669050216675">
        <ele>251.07</ele>
      </trkpt>
      <trkpt lat="40.85173845291138" lon="24.075465202331543">
        <ele>251.4</ele>
      </trkpt>
      <trkpt lat="40.85163116455078" lon="24.07529354095459">
        <ele>251.8</ele>
      </trkpt>
      <trkpt lat="40.851502418518066" lon="24.074971675872803">
        <ele>252.22</ele>
      </trkpt>
      <trkpt lat="40.85145950317383" lon="24.074606895446777">
        <ele>252.6</ele>
      </trkpt>
      <trkpt lat="40.85145950317383" lon="24.074435234069824">
        <ele>252.9</ele>
      </trkpt>
      <trkpt lat="40.851566791534424" lon="24.0740704536438">
        <ele>253.22</ele>
      </trkpt>
      <trkpt lat="40.85166343487799" lon="24.07388781197369">
        <ele>253.57</ele>
      </trkpt>
      <trkpt lat="40.851759910583496" lon="24.073705673217773">
        <ele>253.87</ele>
      </trkpt>
      <trkpt lat="40.85187792778015" lon="24.073555385693908">
        <ele>254.16</ele>
      </trkpt>
      <trkpt lat="40.85199602879584" lon="24.073405265808105">
        <ele>254.41</ele>
      </trkpt>
      <trkpt lat="40.85199594497681" lon="24.073405265808105">
        <ele>254.64</ele>
      </trkpt>
      <trkpt lat="40.85216760635376" lon="24.073126316070557">
        <ele>254.78</ele>
      </trkpt>
      <trkpt lat="40.852210521698" lon="24.072954654693604">
        <ele>254.88</ele>
      </trkpt>
      <trkpt lat="40.85223197937012" lon="24.072718620300293">
        <ele>255.02</ele>
      </trkpt>
      <trkpt lat="40.852210521698" lon="24.0725040435791">
        <ele>255.22</ele>
      </trkpt>
      <trkpt lat="40.85214614868164" lon="24.07228946685791">
        <ele>255.45</ele>
      </trkpt>
      <trkpt lat="40.852038860321045" lon="24.0720534324646">
        <ele>255.63</ele>
      </trkpt>
      <trkpt lat="40.8518841303885" lon="24.07176123932004">
        <ele>255.83</ele>
      </trkpt>
      <trkpt lat="40.85172948427498" lon="24.07146912999451">
        <ele>256.05</ele>
      </trkpt>
      <trkpt lat="40.85157483816147" lon="24.071177020668983">
        <ele>256.19</ele>
      </trkpt>
      <trkpt lat="40.851420192047954" lon="24.070884911343455">
        <ele>256.31</ele>
      </trkpt>
      <trkpt lat="40.851266384124756" lon="24.070594310760498">
        <ele>256.46</ele>
      </trkpt>
      <trkpt lat="40.851201843470335" lon="24.07036858610809">
        <ele>256.66</ele>
      </trkpt>
      <trkpt lat="40.85113763809204" lon="24.070143699645996">
        <ele>256.85</ele>
      </trkpt>
      <trkpt lat="40.85109463892877" lon="24.069792414084077">
        <ele>256.99</ele>
      </trkpt>
      <trkpt lat="40.8510516397655" lon="24.06944121234119">
        <ele>257.1</ele>
      </trkpt>
      <trkpt lat="40.85100897587836" lon="24.069092273712158">
        <ele>257.29</ele>
      </trkpt>
      <trkpt lat="40.850965892896056" lon="24.068715926259756">
        <ele>257.53</ele>
      </trkpt>
      <trkpt lat="40.85092314518988" lon="24.06834125518799">
        <ele>257.74</ele>
      </trkpt>
      <trkpt lat="40.85089087486267" lon="24.068083176389337">
        <ele>257.96</ele>
      </trkpt>
      <trkpt lat="40.850858772173524" lon="24.06782627105713">
        <ele>258.16</ele>
      </trkpt>
      <trkpt lat="40.85085868835449" lon="24.06782627105713">
        <ele>258.38</ele>
      </trkpt>
      <trkpt lat="40.85082281380892" lon="24.067460652440786">
        <ele>258.56</ele>
      </trkpt>
      <trkpt lat="40.850786939263344" lon="24.067095033824444">
        <ele>258.73</ele>
      </trkpt>
      <trkpt lat="40.8507513999939" lon="24.066731929779053">
        <ele>258.94</ele>
      </trkpt>
      <trkpt lat="40.85066540166736" lon="24.066409394145012">
        <ele>259.21</ele>
      </trkpt>
      <trkpt lat="40.85057973861694" lon="24.06608819961548">
        <ele>259.52</ele>
      </trkpt>
      <trkpt lat="40.85038661956787" lon="24.06576633453369">
        <ele>259.78</ele>
      </trkpt>
      <trkpt lat="40.85019341669977" lon="24.065515883266926">
        <ele>260.1</ele>
      </trkpt>
      <trkpt lat="40.85000021383166" lon="24.06526543200016">
        <ele>260.42</ele>
      </trkpt>
      <trkpt lat="40.849807262420654" lon="24.06501531600952">
        <ele>260.72</ele>
      </trkpt>
      <trkpt lat="40.849710535258055" lon="24.064778946340084">
        <ele>261.09</ele>
      </trkpt>
      <trkpt lat="40.84961414337158" lon="24.0645432472229">
        <ele>261.4</ele>
      </trkpt>
      <trkpt lat="40.84952504374087" lon="24.06417771242559">
        <ele>261.7</ele>
      </trkpt>
      <trkpt lat="40.849435944110155" lon="24.06381226144731">
        <ele>261.97</ele>
      </trkpt>
      <trkpt lat="40.84934692829847" lon="24.06344672665">
        <ele>262.26</ele>
      </trkpt>
      <trkpt lat="40.84925782866776" lon="24.06308127567172">
        <ele>262.59</ele>
      </trkpt>
      <trkpt lat="40.84916881285608" lon="24.06271582469344">
        <ele>262.93</ele>
      </trkpt>
      <trkpt lat="40.849079713225365" lon="24.06235028989613">
        <ele>263.35</ele>
      </trkpt>
      <trkpt lat="40.84899187088013" lon="24.061989784240723">
        <ele>263.7</ele>
      </trkpt>
      <trkpt lat="40.84897041320801" lon="24.06177520751953">
        <ele>264.03</ele>
      </trkpt>
      <trkpt lat="40.84899187088013" lon="24.061431046575308">
        <ele>264.39</ele>
      </trkpt>
      <trkpt lat="40.84901341237128" lon="24.061086969450116">
        <ele>264.65</ele>
      </trkpt>
      <trkpt lat="40.8490348700434" lon="24.060745239257812">
        <ele>264.92</ele>
      </trkpt>
      <trkpt lat="40.849067056551576" lon="24.06050861813128">
        <ele>265.23</ele>
      </trkpt>
      <trkpt lat="40.849099243059754" lon="24.06027317047119">
        <ele>265.48</ele>
      </trkpt>
      <trkpt lat="40.84912061691284" lon="24.06005859375">
        <ele>265.72</ele>
      </trkpt>
      <trkpt lat="40.84907024167478" lon="24.05971803702414">
        <ele>265.89</ele>
      </trkpt>
      <trkpt lat="40.84907024167478" lon="24.05971753410995">
        <ele>266.07</ele>
      </trkpt>
      <trkpt lat="40.84907024167478" lon="24.05971703119576">
        <ele>266.23</ele>
      </trkpt>
      <trkpt lat="40.84907024167478" lon="24.05971652828157">
        <ele>266.38</ele>
      </trkpt>
      <trkpt lat="40.84907024167478" lon="24.05971610918641">
        <ele>266.49</ele>
      </trkpt>
      <trkpt lat="40.84901341237128" lon="24.05932903289795">
        <ele>266.61</ele>
      </trkpt>
      <trkpt lat="40.84894895553589" lon="24.058942794799805">
        <ele>266.69</ele>
      </trkpt>
      <trkpt lat="40.84888458251953" lon="24.058728218078613">
        <ele>266.75</ele>
      </trkpt>
      <trkpt lat="40.848777294158936" lon="24.058513641357422">
        <ele>266.8</ele>
      </trkpt>
      <trkpt lat="40.84849834442139" lon="24.05832052230835">
        <ele>266.76</ele>
      </trkpt>
      <trkpt lat="40.848230458796024" lon="24.058202588930726">
        <ele>266.69</ele>
      </trkpt>
      <trkpt lat="40.84796198643744" lon="24.05808448791504">
        <ele>266.6</ele>
      </trkpt>
      <trkpt lat="40.84779032506049" lon="24.057934284210205">
        <ele>266.52</ele>
      </trkpt>
      <trkpt lat="40.8476185798645" lon="24.05778408050537">
        <ele>266.4</ele>
      </trkpt>
      <trkpt lat="40.84744691848755" lon="24.05756950378418">
        <ele>266.26</ele>
      </trkpt>
      <trkpt lat="40.847318172454834" lon="24.05733346939087">
        <ele>266.07</ele>
      </trkpt>
      <trkpt lat="40.84727534092963" lon="24.056968688964844">
        <ele>265.84</ele>
      </trkpt>
      <trkpt lat="40.84725379943848" lon="24.0565824508667">
        <ele>265.58</ele>
      </trkpt>
      <trkpt lat="40.84714659489691" lon="24.056239128112793">
        <ele>265.35</ele>
      </trkpt>
      <trkpt lat="40.847017765045166" lon="24.056067382916808">
        <ele>265.06</ele>
      </trkpt>
      <trkpt lat="40.84688910283148" lon="24.055895805358887">
        <ele>264.74</ele>
      </trkpt>
      <trkpt lat="40.84669589996338" lon="24.055638313293457">
        <ele>264.37</ele>
      </trkpt>
      <trkpt lat="40.84654578007758" lon="24.05529499053955">
        <ele>263.93</ele>
      </trkpt>
      <trkpt lat="40.84648836404085" lon="24.05492937192321">
        <ele>263.51</ele>
      </trkpt>
      <trkpt lat="40.84643103182316" lon="24.054563837125897">
        <ele>263.07</ele>
      </trkpt>
      <trkpt lat="40.84637411870062" lon="24.054200649261475">
        <ele>262.61</ele>
      </trkpt>
      <trkpt lat="40.8463167026639" lon="24.053835030645132">
        <ele>262.13</ele>
      </trkpt>
      <trkpt lat="40.846259370446205" lon="24.05346949584782">
        <ele>261.61</ele>
      </trkpt>
      <trkpt lat="40.84620245732367" lon="24.0531063079834">
        <ele>261.09</ele>
      </trkpt>
      <trkpt lat="40.846145041286945" lon="24.052747897803783">
        <ele>260.59</ele>
      </trkpt>
      <trkpt lat="40.84608770906925" lon="24.05238948762417">
        <ele>260.08</ele>
      </trkpt>
      <trkpt lat="40.84603079594672" lon="24.05203342437744">
        <ele>259.58</ele>
      </trkpt>
      <trkpt lat="40.845966255292296" lon="24.051675014197826">
        <ele>259.08</ele>
      </trkpt>
      <trkpt lat="40.845901714637876" lon="24.05131660401821">
        <ele>258.57</ele>
      </trkpt>
      <trkpt lat="40.845837676897645" lon="24.050960540771484">
        <ele>258.06</ele>
      </trkpt>
      <trkpt lat="40.84578026086092" lon="24.050594922155142">
        <ele>257.59</ele>
      </trkpt>
      <trkpt lat="40.84572292864323" lon="24.05022938735783">
        <ele>257.14</ele>
      </trkpt>
      <trkpt lat="40.84566593170166" lon="24.049866199493408">
        <ele>256.69</ele>
      </trkpt>
      <trkpt lat="40.84562284871936" lon="24.049640391021967">
        <ele>256.26</ele>
      </trkpt>
      <trkpt lat="40.845580101013184" lon="24.049415588378906">
        <ele>255.86</ele>
      </trkpt>
      <trkpt lat="40.845494102686644" lon="24.049136135727167">
        <ele>255.44</ele>
      </trkpt>
      <trkpt lat="40.84540852345526" lon="24.04885768890381">
        <ele>255.09</ele>
      </trkpt>
      <trkpt lat="40.845322608947754" lon="24.04860019683838">
        <ele>254.78</ele>
      </trkpt>
      <trkpt lat="40.84527977742255" lon="24.048471450805664">
        <ele>254.51</ele>
      </trkpt>
      <trkpt lat="40.84523686207831" lon="24.048385620117188">
        <ele>254.26</ele>
      </trkpt>
      <trkpt lat="40.84509361535311" lon="24.048081189393997">
        <ele>254.03</ele>
      </trkpt>
      <trkpt lat="40.844950368627906" lon="24.04777684248984">
        <ele>253.82</ele>
      </trkpt>
      <trkpt lat="40.844807121902704" lon="24.04747249558568">
        <ele>253.68</ele>
      </trkpt>
      <trkpt lat="40.844663958996534" lon="24.04716814868152">
        <ele>253.59</ele>
      </trkpt>
      <trkpt lat="40.84452071227133" lon="24.046863801777363">
        <ele>253.52</ele>
      </trkpt>
      <trkpt lat="40.84437855519354" lon="24.04656171798706">
        <ele>253.47</ele>
      </trkpt>
      <trkpt lat="40.844223825261" lon="24.046230800449848">
        <ele>253.5</ele>
      </trkpt>
      <trkpt lat="40.84406909532845" lon="24.045899966731668">
        <ele>253.56</ele>
      </trkpt>
      <trkpt lat="40.843914449214935" lon="24.045569133013487">
        <ele>253.66</ele>
      </trkpt>
      <trkpt lat="40.84375971928239" lon="24.045238299295306">
        <ele>253.79</ele>
      </trkpt>
      <trkpt lat="40.84360599517822" lon="24.044909477233887">
        <ele>253.94</ele>
      </trkpt>
      <trkpt lat="40.843477165326476" lon="24.04467319138348">
        <ele>254.14</ele>
      </trkpt>
      <trkpt lat="40.843348586931825" lon="24.044437408447266">
        <ele>254.36</ele>
      </trkpt>
      <trkpt lat="40.84317675791681" lon="24.044179748743773">
        <ele>254.63</ele>
      </trkpt>
      <trkpt lat="40.84300518035889" lon="24.043922424316406">
        <ele>254.99</ele>
      </trkpt>
      <trkpt lat="40.84284424781799" lon="24.043739950284362">
        <ele>255.35</ele>
      </trkpt>
      <trkpt lat="40.84268339909613" lon="24.04355764389038">
        <ele>255.74</ele>
      </trkpt>
      <trkpt lat="40.84245264530182" lon="24.04330543242395">
        <ele>256.17</ele>
      </trkpt>
      <trkpt lat="40.84222197532654" lon="24.04305338859558">
        <ele>256.63</ele>
      </trkpt>
      <trkpt lat="40.84199130535126" lon="24.04280126094818">
        <ele>257.11</ele>
      </trkpt>
      <trkpt lat="40.84176063537598" lon="24.04254913330078">
        <ele>257.6</ele>
      </trkpt>
      <trkpt lat="40.84157816134393" lon="24.042302202433348">
        <ele>258.16</ele>
      </trkpt>
      <trkpt lat="40.84139593876898" lon="24.04205560684204">
        <ele>258.71</ele>
      </trkpt>
      <trkpt lat="40.84124975837767" lon="24.04174187220633">
        <ele>259.3</ele>
      </trkpt>
      <trkpt lat="40.84110366180539" lon="24.04142822138965">
        <ele>259.87</ele>
      </trkpt>
      <trkpt lat="40.84095756523311" lon="24.041114570572972">
        <ele>260.43</ele>
      </trkpt>
      <trkpt lat="40.84081146866083" lon="24.040800919756293">
        <ele>260.98</ele>
      </trkpt>
      <trkpt lat="40.8406662940979" lon="24.040489196777344">
        <ele>261.54</ele>
      </trkpt>
      <trkpt lat="40.84053377620876" lon="24.040188370272517">
        <ele>262.13</ele>
      </trkpt>
      <trkpt lat="40.840401258319616" lon="24.03988754376769">
        <ele>262.76</ele>
      </trkpt>
      <trkpt lat="40.840268824249506" lon="24.039586717262864">
        <ele>263.43</ele>
      </trkpt>
      <trkpt lat="40.840136306360364" lon="24.03928597457707">
        <ele>264.04</ele>
      </trkpt>
      <trkpt lat="40.840003872290254" lon="24.038985148072243">
        <ele>264.61</ele>
      </trkpt>
      <trkpt lat="40.839872444048524" lon="24.038686752319336">
        <ele>265.15</ele>
      </trkpt>
      <trkpt lat="40.839743446558714" lon="24.038375113159418">
        <ele>265.75</ele>
      </trkpt>
      <trkpt lat="40.83961486816406" lon="24.03806447982788">
        <ele>266.33</ele>
      </trkpt>
      <trkpt lat="40.839614951983094" lon="24.03806447982788">
        <ele>266.89</ele>
      </trkpt>
      <trkpt lat="40.839507495984435" lon="24.037828110158443">
        <ele>267.46</ele>
      </trkpt>
      <trkpt lat="40.8394003752619" lon="24.03759241104126">
        <ele>268.0</ele>
      </trkpt>
      <trkpt lat="40.8392642531544" lon="24.037280855700374">
        <ele>268.54</ele>
      </trkpt>
      <trkpt lat="40.83912821486592" lon="24.036969300359488">
        <ele>269.08</ele>
      </trkpt>
      <trkpt lat="40.83899209275842" lon="24.0366577450186">
        <ele>269.59</ele>
      </trkpt>
      <trkpt lat="40.83885605446994" lon="24.036346189677715">
        <ele>270.13</ele>
      </trkpt>
      <trkpt lat="40.83871993236244" lon="24.03603463433683">
        <ele>270.64</ele>
      </trkpt>
      <trkpt lat="40.838584983721375" lon="24.035725593566895">
        <ele>271.08</ele>
      </trkpt>
      <trkpt lat="40.83845615386963" lon="24.035468101501465">
        <ele>271.53</ele>
      </trkpt>
      <trkpt lat="40.83845623768866" lon="24.035468101501465">
        <ele>271.96</ele>
      </trkpt>
      <trkpt lat="40.83831651136279" lon="24.03518881648779">
        <ele>272.4</ele>
      </trkpt>
      <trkpt lat="40.83817720413208" lon="24.034910202026367">
        <ele>272.77</ele>
      </trkpt>
      <trkpt lat="40.838037645444274" lon="24.034706186503172">
        <ele>273.13</ele>
      </trkpt>
      <trkpt lat="40.83789825439453" lon="24.034502506256104">
        <ele>273.48</ele>
      </trkpt>
      <trkpt lat="40.83766222000122" lon="24.034277200698853">
        <ele>273.85</ele>
      </trkpt>
      <trkpt lat="40.83742618560791" lon="24.0340518951416">
        <ele>274.21</ele>
      </trkpt>
      <trkpt lat="40.83719023503363" lon="24.03385349549353">
        <ele>274.57</ele>
      </trkpt>
      <trkpt lat="40.83695428445935" lon="24.03365509584546">
        <ele>274.93</ele>
      </trkpt>
      <trkpt lat="40.836718333885074" lon="24.03345669619739">
        <ele>275.29</ele>
      </trkpt>
      <trkpt lat="40.83648204803467" lon="24.033257961273193">
        <ele>275.62</ele>
      </trkpt>
      <trkpt lat="40.83631751127541" lon="24.033071966841817">
        <ele>275.94</ele>
      </trkpt>
      <trkpt lat="40.83615297451615" lon="24.03288597241044">
        <ele>276.23</ele>
      </trkpt>
      <trkpt lat="40.83598852157593" lon="24.032700061798096">
        <ele>276.48</ele>
      </trkpt>
      <trkpt lat="40.835795402526855" lon="24.032399654388428">
        <ele>276.73</ele>
      </trkpt>
      <trkpt lat="40.83561636507511" lon="24.032059516757727">
        <ele>276.96</ele>
      </trkpt>
      <trkpt lat="40.8354374114424" lon="24.031719379127026">
        <ele>277.2</ele>
      </trkpt>
      <trkpt lat="40.835258373990655" lon="24.031379325315356">
        <ele>277.49</ele>
      </trkpt>
      <trkpt lat="40.83507942035794" lon="24.031039187684655">
        <ele>277.79</ele>
      </trkpt>
      <trkpt lat="40.8349003829062" lon="24.030699133872986">
        <ele>278.01</ele>
      </trkpt>
      <trkpt lat="40.8347225189209" lon="24.03036117553711">
        <ele>278.2</ele>
      </trkpt>
      <trkpt lat="40.83456141874194" lon="24.030092703178525">
        <ele>278.33</ele>
      </trkpt>
      <trkpt lat="40.83440065383911" lon="24.02982473373413">
        <ele>278.5</ele>
      </trkpt>
      <trkpt lat="40.83420745097101" lon="24.029567074030638">
        <ele>278.62</ele>
      </trkpt>
      <trkpt lat="40.83401441574097" lon="24.02930974960327">
        <ele>278.76</ele>
      </trkpt>
      <trkpt lat="40.833778381347656" lon="24.02907907962799">
        <ele>278.93</ele>
      </trkpt>
      <trkpt lat="40.83354243077338" lon="24.02884849347174">
        <ele>279.04</ele>
      </trkpt>
      <trkpt lat="40.83330639638007" lon="24.02861782349646">
        <ele>279.12</ele>
      </trkpt>
      <trkpt lat="40.833070278167725" lon="24.02838706970215">
        <ele>279.17</ele>
      </trkpt>
      <trkpt lat="40.83285570144653" lon="24.02812957763672">
        <ele>279.21</ele>
      </trkpt>
      <trkpt lat="40.83272695541382" lon="24.027915000915527">
        <ele>279.2</ele>
      </trkpt>
      <trkpt lat="40.8327054977417" lon="24.02759313583374">
        <ele>279.23</ele>
      </trkpt>
      <trkpt lat="40.83273768424988" lon="24.027281245216727">
        <ele>279.25</ele>
      </trkpt>
      <trkpt lat="40.83276987075806" lon="24.026970863342285">
        <ele>279.19</ele>
      </trkpt>
      <trkpt lat="40.8327054977417" lon="24.026670455932617">
        <ele>279.08</ele>
      </trkpt>
      <trkpt lat="40.832555294036865" lon="24.026434421539307">
        <ele>278.91</ele>
      </trkpt>
      <trkpt lat="40.832376424223185" lon="24.02622696943581">
        <ele>278.73</ele>
      </trkpt>
      <trkpt lat="40.832197638228536" lon="24.026019517332315">
        <ele>278.52</ele>
      </trkpt>
      <trkpt lat="40.83201893605292" lon="24.02581214904785">
        <ele>278.25</ele>
      </trkpt>
      <trkpt lat="40.83186864852905" lon="24.025640403851867">
        <ele>277.93</ele>
      </trkpt>
      <trkpt lat="40.83171844482422" lon="24.025468826293945">
        <ele>277.57</ele>
      </trkpt>
      <trkpt lat="40.83151996135712" lon="24.025248801335692">
        <ele>277.12</ele>
      </trkpt>
      <trkpt lat="40.831321477890015" lon="24.02502886019647">
        <ele>276.66</ele>
      </trkpt>
      <trkpt lat="40.83112299442291" lon="24.02480891905725">
        <ele>276.2</ele>
      </trkpt>
      <trkpt lat="40.83092459477484" lon="24.02458906173706">
        <ele>275.74</ele>
      </trkpt>
      <trkpt lat="40.83070993423462" lon="24.0243314858526">
        <ele>275.25</ele>
      </trkpt>
      <trkpt lat="40.83049544133246" lon="24.0240740776062">
        <ele>274.67</ele>
      </trkpt>
      <trkpt lat="40.830345153808594" lon="24.023902332410216">
        <ele>274.02</ele>
      </trkpt>
      <trkpt lat="40.83019495010376" lon="24.023730754852295">
        <ele>273.29</ele>
      </trkpt>
      <trkpt lat="40.83019503392279" lon="24.023730754852295">
        <ele>272.55</ele>
      </trkpt>
      <trkpt lat="40.83005555905402" lon="24.02360200881958">
        <ele>271.7</ele>
      </trkpt>
      <trkpt lat="40.82991600036621" lon="24.023473262786865">
        <ele>270.82</ele>
      </trkpt>
      <trkpt lat="40.82978733815253" lon="24.02336597442627">
        <ele>269.92</ele>
      </trkpt>
      <trkpt lat="40.8296799659729" lon="24.023301601409912">
        <ele>269.0</ele>
      </trkpt>
      <trkpt lat="40.829387018457055" lon="24.02315148152411">
        <ele>268.03</ele>
      </trkpt>
      <trkpt lat="40.82909407094121" lon="24.02300144545734">
        <ele>266.99</ele>
      </trkpt>
      <trkpt lat="40.82880028523505" lon="24.02285099029541">
        <ele>265.88</ele>
      </trkpt>
      <trkpt lat="40.8285591378808" lon="24.022738421335816">
        <ele>264.72</ele>
      </trkpt>
      <trkpt lat="40.82831799052656" lon="24.022625936195254">
        <ele>263.55</ele>
      </trkpt>
      <trkpt lat="40.82807684317231" lon="24.02251336723566">
        <ele>262.37</ele>
      </trkpt>
      <trkpt lat="40.827834689989686" lon="24.022400379180908">
        <ele>261.15</ele>
      </trkpt>
      <trkpt lat="40.82754316739738" lon="24.022258892655373">
        <ele>259.84</ele>
      </trkpt>
      <trkpt lat="40.827251644805074" lon="24.022117406129837">
        <ele>258.52</ele>
      </trkpt>
      <trkpt lat="40.82696012221277" lon="24.0219759196043">
        <ele>257.18</ele>
      </trkpt>
      <trkpt lat="40.82666868343949" lon="24.021834516897798">
        <ele>255.8</ele>
      </trkpt>
      <trkpt lat="40.826375568285584" lon="24.021692276000977">
        <ele>254.4</ele>
      </trkpt>
      <trkpt lat="40.82611832767725" lon="24.021568978205323">
        <ele>253.02</ele>
      </trkpt>
      <trkpt lat="40.825861087068915" lon="24.0214457642287">
        <ele>251.62</ele>
      </trkpt>
      <trkpt lat="40.82560393027961" lon="24.02132246643305">
        <ele>250.2</ele>
      </trkpt>
      <trkpt lat="40.825345600023866" lon="24.021198749542236">
        <ele>248.75</ele>
      </trkpt>
      <trkpt lat="40.82506690174341" lon="24.021057849749923">
        <ele>247.27</ele>
      </trkpt>
      <trkpt lat="40.82478820346296" lon="24.02091703377664">
        <ele>245.79</ele>
      </trkpt>
      <trkpt lat="40.824509589001536" lon="24.020776133984327">
        <ele>244.31</ele>
      </trkpt>
      <trkpt lat="40.82423089072108" lon="24.020635318011045">
        <ele>242.89</ele>
      </trkpt>
      <trkpt lat="40.82395227625966" lon="24.020494418218732">
        <ele>241.58</ele>
      </trkpt>
      <trkpt lat="40.82367357797921" lon="24.02035360224545">
        <ele>240.26</ele>
      </trkpt>
      <trkpt lat="40.82339286804199" lon="24.020211696624756">
        <ele>238.92</ele>
      </trkpt>
      <trkpt lat="40.823392951861024" lon="24.020211696624756">
        <ele>237.64</ele>
      </trkpt>
      <trkpt lat="40.82310352474451" lon="24.020072305575013">
        <ele>236.32</ele>
      </trkpt>
      <trkpt lat="40.822813510894775" lon="24.019932746887207">
        <ele>235.04</ele>
      </trkpt>
      <trkpt lat="40.822584768757224" lon="24.019796960055828">
        <ele>233.82</ele>
      </trkpt>
      <trkpt lat="40.822356110438704" lon="24.01966117322445">
        <ele>232.63</ele>
      </trkpt>
      <trkpt lat="40.82212686538696" lon="24.019525051116943">
        <ele>231.48</ele>
      </trkpt>
      <trkpt lat="40.82198747433722" lon="24.019417762756348">
        <ele>230.37</ele>
      </trkpt>
      <trkpt lat="40.821847999468446" lon="24.019310474395752">
        <ele>229.3</ele>
      </trkpt>
      <trkpt lat="40.82160391844809" lon="24.019071757793427">
        <ele>228.23</ele>
      </trkpt>
      <trkpt lat="40.82135992124677" lon="24.018833125010133">
        <ele>227.22</ele>
      </trkpt>
      <trkpt lat="40.82111584022641" lon="24.018594408407807">
        <ele>226.25</ele>
      </trkpt>
      <trkpt lat="40.82087184302509" lon="24.018355775624514">
        <ele>225.31</ele>
      </trkpt>
      <trkpt lat="40.820627845823765" lon="24.018117059022188">
        <ele>224.43</ele>
      </trkpt>
      <trkpt lat="40.82038376480341" lon="24.017878426238894">
        <ele>223.55</ele>
      </trkpt>
      <trkpt lat="40.820139767602086" lon="24.01763970963657">
        <ele>222.8</ele>
      </trkpt>
      <trkpt lat="40.819895351305604" lon="24.01740074157715">
        <ele>222.13</ele>
      </trkpt>
      <trkpt lat="40.819695107638836" lon="24.0172116458416">
        <ele>221.5</ele>
      </trkpt>
      <trkpt lat="40.81949830055237" lon="24.017025819048285">
        <ele>220.91</ele>
      </trkpt>
      <trkpt lat="40.81949746236205" lon="24.01702498085797">
        <ele>220.34</ele>
      </trkpt>
      <trkpt lat="40.8194965403527" lon="24.01702414266765">
        <ele>219.81</ele>
      </trkpt>
      <trkpt lat="40.81949561834335" lon="24.017023304477334">
        <ele>219.32</ele>
      </trkpt>
      <trkpt lat="40.819494780153036" lon="24.017022466287017">
        <ele>218.87</ele>
      </trkpt>
      <trkpt lat="40.81930886954069" lon="24.016846865415573">
        <ele>218.47</ele>
      </trkpt>
      <trkpt lat="40.819122875109315" lon="24.016671180725098">
        <ele>218.12</ele>
      </trkpt>
      <trkpt lat="40.81889748573303" lon="24.016413604840636">
        <ele>217.77</ele>
      </trkpt>
      <trkpt lat="40.81867218017578" lon="24.01615619659424">
        <ele>217.41</ele>
      </trkpt>
      <trkpt lat="40.81849322654307" lon="24.015848329290748">
        <ele>217.09</ele>
      </trkpt>
      <trkpt lat="40.81831427291036" lon="24.01554054580629">
        <ele>216.81</ele>
      </trkpt>
      <trkpt lat="40.818135822191834" lon="24.015233516693115">
        <ele>216.61</ele>
      </trkpt>
      <trkpt lat="40.81795678474009" lon="24.014925649389625">
        <ele>216.49</ele>
      </trkpt>
      <trkpt lat="40.81777783110738" lon="24.014617782086134">
        <ele>216.37</ele>
      </trkpt>
      <trkpt lat="40.817598877474666" lon="24.014309998601675">
        <ele>216.22</ele>
      </trkpt>
      <trkpt lat="40.81741992384195" lon="24.014002131298184">
        <ele>216.06</ele>
      </trkpt>
      <trkpt lat="40.81724097020924" lon="24.013694347813725">
        <ele>215.94</ele>
      </trkpt>
      <trkpt lat="40.81706201657653" lon="24.013386480510235">
        <ele>215.83</ele>
      </trkpt>
      <trkpt lat="40.816883062943816" lon="24.013078697025776">
        <ele>215.7</ele>
      </trkpt>
      <trkpt lat="40.816704109311104" lon="24.012770913541317">
        <ele>215.58</ele>
      </trkpt>
      <trkpt lat="40.8165264967829" lon="24.012465476989746">
        <ele>215.5</ele>
      </trkpt>
      <trkpt lat="40.81634930334985" lon="24.01216473430395">
        <ele>215.45</ele>
      </trkpt>
      <trkpt lat="40.816172109916806" lon="24.011864075437188">
        <ele>215.43</ele>
      </trkpt>
      <trkpt lat="40.81599491648376" lon="24.011563416570425">
        <ele>215.42</ele>
      </trkpt>
      <trkpt lat="40.815817806869745" lon="24.011262757703662">
        <ele>215.48</ele>
      </trkpt>
      <trkpt lat="40.8156406134367" lon="24.0109620988369">
        <ele>215.52</ele>
      </trkpt>
      <trkpt lat="40.81546342000365" lon="24.010661439970136">
        <ele>215.5</ele>
      </trkpt>
      <trkpt lat="40.81528631038964" lon="24.010360864922404">
        <ele>215.51</ele>
      </trkpt>
      <trkpt lat="40.815110290423036" lon="24.010062217712402">
        <ele>215.6</ele>
      </trkpt>
      <trkpt lat="40.81492924131453" lon="24.009749237447977">
        <ele>215.67</ele>
      </trkpt>
      <trkpt lat="40.814748192206025" lon="24.009436257183552">
        <ele>215.7</ele>
      </trkpt>
      <trkpt lat="40.81456714309752" lon="24.00912336073816">
        <ele>215.72</ele>
      </trkpt>
      <trkpt lat="40.814386177808046" lon="24.008810380473733">
        <ele>215.74</ele>
      </trkpt>
      <trkpt lat="40.81420512869954" lon="24.00849748402834">
        <ele>215.76</ele>
      </trkpt>
      <trkpt lat="40.814024079591036" lon="24.008184503763914">
        <ele>215.76</ele>
      </trkpt>
      <trkpt lat="40.813844203948975" lon="24.00787353515625">
        <ele>215.8</ele>
      </trkpt>
      <trkpt lat="40.813747476786375" lon="24.007637165486813">
        <ele>215.83</ele>
      </trkpt>
      <trkpt lat="40.8136510848999" lon="24.00740146636963">
        <ele>215.85</ele>
      </trkpt>
      <trkpt lat="40.81355427391827" lon="24.00706820189953">
        <ele>215.9</ele>
      </trkpt>
      <trkpt lat="40.81345754675567" lon="24.00673502124846">
        <ele>215.98</ele>
      </trkpt>
      <trkpt lat="40.81336081959307" lon="24.00640184059739">
        <ele>216.03</ele>
      </trkpt>
      <trkpt lat="40.81326484680176" lon="24.006071090698242">
        <ele>216.05</ele>
      </trkpt>
      <trkpt lat="40.81318957731128" lon="24.005813095718622">
        <ele>216.06</ele>
      </trkpt>
      <trkpt lat="40.813114643096924" lon="24.005556106567383">
        <ele>216.06</ele>
      </trkpt>
      <trkpt lat="40.813024369999766" lon="24.005207838490605">
        <ele>216.05</ele>
      </trkpt>
      <trkpt lat="40.81293409690261" lon="24.004859570413828">
        <ele>216.03</ele>
      </trkpt>
      <trkpt lat="40.81284382380545" lon="24.00451130233705">
        <ele>216.0</ele>
      </trkpt>
      <trkpt lat="40.812753550708294" lon="24.004163034260273">
        <ele>215.97</ele>
      </trkpt>
      <trkpt lat="40.812664115801454" lon="24.003818035125732">
        <ele>215.96</ele>
      </trkpt>
      <trkpt lat="40.812621200457215" lon="24.00364637374878">
        <ele>215.93</ele>
      </trkpt>
      <trkpt lat="40.81254232674837" lon="24.003359712660313">
        <ele>215.89</ele>
      </trkpt>
      <trkpt lat="40.81246353685856" lon="24.003073051571846">
        <ele>215.85</ele>
      </trkpt>
      <trkpt lat="40.812385166063905" lon="24.002788066864014">
        <ele>215.77</ele>
      </trkpt>
      <trkpt lat="40.812293803319335" lon="24.002454802393913">
        <ele>215.66</ele>
      </trkpt>
      <trkpt lat="40.812202440574765" lon="24.002121621742845">
        <ele>215.57</ele>
      </trkpt>
      <trkpt lat="40.812111077830195" lon="24.001788441091776">
        <ele>215.48</ele>
      </trkpt>
      <trkpt lat="40.81202038563788" lon="24.001457691192627">
        <ele>215.39</ele>
      </trkpt>
      <trkpt lat="40.81195601262152" lon="24.001264572143555">
        <ele>215.29</ele>
      </trkpt>
      <trkpt lat="40.81187001429498" lon="24.000963578000665">
        <ele>215.19</ele>
      </trkpt>
      <trkpt lat="40.81178401596844" lon="24.000662667676806">
        <ele>215.08</ele>
      </trkpt>
      <trkpt lat="40.81169852055609" lon="24.00036334991455">
        <ele>214.97</ele>
      </trkpt>
      <trkpt lat="40.81161964684725" lon="24.00008381344378">
        <ele>214.85</ele>
      </trkpt>
      <trkpt lat="40.811540856957436" lon="23.99980436079204">
        <ele>214.73</ele>
      </trkpt>
      <trkpt lat="40.81146248616278" lon="23.999526500701904">
        <ele>214.62</ele>
      </trkpt>
      <trkpt lat="40.81138713285327" lon="23.999279234558344">
        <ele>214.52</ele>
      </trkpt>
      <trkpt lat="40.811312198638916" lon="23.999032974243164">
        <ele>214.42</ele>
      </trkpt>
      <trkpt lat="40.81131228245795" lon="23.999032974243164">
        <ele>214.31</ele>
      </trkpt>
      <trkpt lat="40.811213962733746" lon="23.998670540750027">
        <ele>214.19</ele>
      </trkpt>
      <trkpt lat="40.81111564300954" lon="23.99830819107592">
        <ele>214.08</ele>
      </trkpt>
      <trkpt lat="40.81101740710437" lon="23.997945757582784">
        <ele>213.98</ele>
      </trkpt>
      <trkpt lat="40.81091908738017" lon="23.997583407908678">
        <ele>213.84</ele>
      </trkpt>
      <trkpt lat="40.810820851475" lon="23.997221058234572">
        <ele>213.71</ele>
      </trkpt>
      <trkpt lat="40.8107225317508" lon="23.996858624741435">
        <ele>213.57</ele>
      </trkpt>
      <trkpt lat="40.8106255531311" lon="23.996500968933105">
        <ele>213.43</ele>
      </trkpt>
      <trkpt lat="40.81057174131274" lon="23.996210619807243">
        <ele>213.29</ele>
      </trkpt>
      <trkpt lat="40.81051826477051" lon="23.99592161178589">
        <ele>213.11</ele>
      </trkpt>
      <trkpt lat="40.81049672327936" lon="23.995598992332816">
        <ele>212.93</ele>
      </trkpt>
      <trkpt lat="40.8104754332453" lon="23.995277881622314">
        <ele>212.75</ele>
      </trkpt>
      <trkpt lat="40.810445258393884" lon="23.99489072151482">
        <ele>212.54</ele>
      </trkpt>
      <trkpt lat="40.8104151673615" lon="23.99450364522636">
        <ele>212.29</ele>
      </trkpt>
      <trkpt lat="40.81038507632911" lon="23.994116568937898">
        <ele>212.06</ele>
      </trkpt>
      <trkpt lat="40.810354985296726" lon="23.993729408830404">
        <ele>211.86</ele>
      </trkpt>
      <trkpt lat="40.81032522954047" lon="23.993346691131592">
        <ele>211.65</ele>
      </trkpt>
      <trkpt lat="40.81029647961259" lon="23.992934469133615">
        <ele>211.42</ele>
      </trkpt>
      <trkpt lat="40.81026781350374" lon="23.99252224713564">
        <ele>211.17</ele>
      </trkpt>
      <trkpt lat="40.810239147394896" lon="23.992110025137663">
        <ele>210.87</ele>
      </trkpt>
      <trkpt lat="40.81021048128605" lon="23.99169788695872">
        <ele>210.52</ele>
      </trkpt>
      <trkpt lat="40.8101818151772" lon="23.991285664960742">
        <ele>210.14</ele>
      </trkpt>
      <trkpt lat="40.810153568163514" lon="23.99087905883789">
        <ele>209.82</ele>
      </trkpt>
      <trkpt lat="40.81013202667236" lon="23.99054923094809">
        <ele>209.47</ele>
      </trkpt>
      <trkpt lat="40.81011048518121" lon="23.990219486877322">
        <ele>209.1</ele>
      </trkpt>
      <trkpt lat="40.81008919514716" lon="23.98989200592041">
        <ele>208.72</ele>
      </trkpt>
      <trkpt lat="40.81004627980292" lon="23.989570140838623">
        <ele>208.32</ele>
      </trkpt>
      <trkpt lat="40.81002473831177" lon="23.98919370956719">
        <ele>207.9</ele>
      </trkpt>
      <trkpt lat="40.81000336445868" lon="23.988819122314453">
        <ele>207.47</ele>
      </trkpt>
      <trkpt lat="40.80997318960726" lon="23.988427687436342">
        <ele>207.03</ele>
      </trkpt>
      <trkpt lat="40.80994309857488" lon="23.98803625255823">
        <ele>206.55</ele>
      </trkpt>
      <trkpt lat="40.80991300754249" lon="23.987644901499152">
        <ele>206.06</ele>
      </trkpt>
      <trkpt lat="40.809882916510105" lon="23.98725346662104">
        <ele>205.57</ele>
      </trkpt>
      <trkpt lat="40.80985274165869" lon="23.98686203174293">
        <ele>205.1</ele>
      </trkpt>
      <trkpt lat="40.8098226506263" lon="23.98647068068385">
        <ele>204.61</ele>
      </trkpt>
      <trkpt lat="40.809792559593916" lon="23.98607924580574">
        <ele>204.13</ele>
      </trkpt>
      <trkpt lat="40.80976246856153" lon="23.98568789474666">
        <ele>203.6</ele>
      </trkpt>
      <trkpt lat="40.80973229371011" lon="23.98529645986855">
        <ele>203.08</ele>
      </trkpt>
      <trkpt lat="40.80970287322998" lon="23.98491382598877">
        <ele>202.62</ele>
      </trkpt>
      <trkpt lat="40.80965979024768" lon="23.984698746353388">
        <ele>202.13</ele>
      </trkpt>
      <trkpt lat="40.809617042541504" lon="23.984484672546387">
        <ele>201.63</ele>
      </trkpt>
      <trkpt lat="40.809498857706785" lon="23.98425911553204">
        <ele>201.11</ele>
      </trkpt>
      <trkpt lat="40.80938100814819" lon="23.984034061431885">
        <ele>200.57</ele>
      </trkpt>
      <trkpt lat="40.809381091967225" lon="23.984034061431885">
        <ele>200.04</ele>
      </trkpt>
      <trkpt lat="40.80933817662299" lon="23.983948230743408">
        <ele>199.5</ele>
      </trkpt>
      <trkpt lat="40.80916634760797" lon="23.983663665130734">
        <ele>198.95</ele>
      </trkpt>
      <trkpt lat="40.808994518592954" lon="23.98337909951806">
        <ele>198.42</ele>
      </trkpt>
      <trkpt lat="40.80882268957794" lon="23.983094533905387">
        <ele>197.88</ele>
      </trkpt>
      <trkpt lat="40.80865094438195" lon="23.982810052111745">
        <ele>197.33</ele>
      </trkpt>
      <trkpt lat="40.808479115366936" lon="23.98252548649907">
        <ele>196.75</ele>
      </trkpt>
      <trkpt lat="40.80830728635192" lon="23.982240920886397">
        <ele>196.17</ele>
      </trkpt>
      <trkpt lat="40.808135541155934" lon="23.981956439092755">
        <ele>195.59</ele>
      </trkpt>
      <trkpt lat="40.80796480178833" lon="23.98167371749878">
        <ele>195.03</ele>
      </trkpt>
      <trkpt lat="40.80786807462573" lon="23.981480346992612">
        <ele>194.48</ele>
      </trkpt>
      <trkpt lat="40.80777168273926" lon="23.981287479400635">
        <ele>193.89</ele>
      </trkpt>
      <trkpt lat="40.8077178709209" lon="23.981050942093134">
        <ele>193.32</ele>
      </trkpt>
      <trkpt lat="40.80766439437866" lon="23.980815410614014">
        <ele>192.74</ele>
      </trkpt>
      <trkpt lat="40.807643020525575" lon="23.98042917251587">
        <ele>192.17</ele>
      </trkpt>
      <trkpt lat="40.807638661935925" lon="23.98008073680103">
        <ele>191.65</ele>
      </trkpt>
      <trkpt lat="40.80763438716531" lon="23.979732301086187">
        <ele>191.1</ele>
      </trkpt>
      <trkpt lat="40.80763002857566" lon="23.979383949190378">
        <ele>190.62</ele>
      </trkpt>
      <trkpt lat="40.80762575380504" lon="23.979035513475537">
        <ele>190.19</ele>
      </trkpt>
      <trkpt lat="40.807621479034424" lon="23.97869110107422">
        <ele>189.71</ele>
      </trkpt>
      <trkpt lat="40.80756766721606" lon="23.978411564603448">
        <ele>189.19</ele>
      </trkpt>
      <trkpt lat="40.80751419067383" lon="23.97813320159912">
        <ele>188.7</ele>
      </trkpt>
      <trkpt lat="40.807385528460145" lon="23.977789878845215">
        <ele>188.33</ele>
      </trkpt>
      <trkpt lat="40.807256530970335" lon="23.977462146431208">
        <ele>188.04</ele>
      </trkpt>
      <trkpt lat="40.80712761729956" lon="23.9771344140172">
        <ele>187.71</ele>
      </trkpt>
      <trkpt lat="40.80699861980975" lon="23.976806681603193">
        <ele>187.33</ele>
      </trkpt>
      <trkpt lat="40.806870460510254" lon="23.976480960845947">
        <ele>186.87</ele>
      </trkpt>
      <trkpt lat="40.806827545166016" lon="23.976244926452637">
        <ele>186.5</ele>
      </trkpt>
      <trkpt lat="40.80678471364081" lon="23.97588014602661">
        <ele>186.15</ele>
      </trkpt>
      <trkpt lat="40.806827545166016" lon="23.975493907928467">
        <ele>185.84</ele>
      </trkpt>
      <trkpt lat="40.80689191818237" lon="23.975257873535156">
        <ele>185.57</ele>
      </trkpt>
      <trkpt lat="40.806995099410415" lon="23.97494832985103">
        <ele>185.32</ele>
      </trkpt>
      <trkpt lat="40.807098280638456" lon="23.974638869985938">
        <ele>185.03</ele>
      </trkpt>
      <trkpt lat="40.8072014618665" lon="23.974329326301813">
        <ele>184.78</ele>
      </trkpt>
      <trkpt lat="40.80730464309454" lon="23.97401986643672">
        <ele>184.59</ele>
      </trkpt>
      <trkpt lat="40.807406986132264" lon="23.973712921142578">
        <ele>184.44</ele>
      </trkpt>
      <trkpt lat="40.8074499014765" lon="23.973476383835077">
        <ele>184.23</ele>
      </trkpt>
      <trkpt lat="40.80749273300171" lon="23.973240852355957">
        <ele>184.04</ele>
      </trkpt>
      <trkpt lat="40.80749273300171" lon="23.972961902618408">
        <ele>183.9</ele>
      </trkpt>
      <trkpt lat="40.8074604626745" lon="23.972671553492546">
        <ele>183.84</ele>
      </trkpt>
      <trkpt lat="40.80742835998535" lon="23.97238254547119">
        <ele>183.82</ele>
      </trkpt>
      <trkpt lat="40.807321071624756" lon="23.972103595733643">
        <ele>183.7</ele>
      </trkpt>
      <trkpt lat="40.80717086791992" lon="23.971846103668213">
        <ele>183.53</ele>
      </trkpt>
      <trkpt lat="40.80697774887085" lon="23.97163152694702">
        <ele>183.41</ele>
      </trkpt>
      <trkpt lat="40.80676325596869" lon="23.9714599493891">
        <ele>183.31</ele>
      </trkpt>
      <trkpt lat="40.80654876306653" lon="23.97128837183118">
        <ele>183.24</ele>
      </trkpt>
      <trkpt lat="40.806334018707275" lon="23.971116542816162">
        <ele>183.12</ele>
      </trkpt>
      <trkpt lat="40.80616235733032" lon="23.97093415260315">
        <ele>183.02</ele>
      </trkpt>
      <trkpt lat="40.80599069595337" lon="23.970751762390137">
        <ele>182.96</ele>
      </trkpt>
      <trkpt lat="40.805861949920654" lon="23.970558643341064">
        <ele>182.9</ele>
      </trkpt>
      <trkpt lat="40.80569548532367" lon="23.97025790065527">
        <ele>182.8</ele>
      </trkpt>
      <trkpt lat="40.80552902072668" lon="23.969957241788507">
        <ele>182.64</ele>
      </trkpt>
      <trkpt lat="40.805362556129694" lon="23.96965649910271">
        <ele>182.49</ele>
      </trkpt>
      <trkpt lat="40.80519676208496" lon="23.969357013702393">
        <ele>182.39</ele>
      </trkpt>
      <trkpt lat="40.80502510070801" lon="23.969035148620605">
        <ele>182.27</ele>
      </trkpt>
      <trkpt lat="40.80494983121753" lon="23.968820152804255">
        <ele>182.13</ele>
      </trkpt>
      <trkpt lat="40.804874897003174" lon="23.968605995178223">
        <ele>181.97</ele>
      </trkpt>
      <trkpt lat="40.80484262667596" lon="23.96835864521563">
        <ele>181.85</ele>
      </trkpt>
      <trkpt lat="40.804810523986816" lon="23.968112468719482">
        <ele>181.7</ele>
      </trkpt>
      <trkpt lat="40.80483206547797" lon="23.9678973890841">
        <ele>181.54</ele>
      </trkpt>
      <trkpt lat="40.804853523150086" lon="23.9676833152771">
        <ele>181.36</ele>
      </trkpt>
      <trkpt lat="40.804928708821535" lon="23.967296238988638">
        <ele>181.16</ele>
      </trkpt>
      <trkpt lat="40.80500372685492" lon="23.96691083908081">
        <ele>180.88</ele>
      </trkpt>
      <trkpt lat="40.80506809987128" lon="23.96666357293725">
        <ele>180.65</ele>
      </trkpt>
      <trkpt lat="40.8051323890686" lon="23.96641731262207">
        <ele>180.42</ele>
      </trkpt>
      <trkpt lat="40.80516457557678" lon="23.966051694005728">
        <ele>180.2</ele>
      </trkpt>
      <trkpt lat="40.80519676208496" lon="23.96568775177002">
        <ele>179.93</ele>
      </trkpt>
      <trkpt lat="40.80517522059381" lon="23.965472672134638">
        <ele>179.58</ele>
      </trkpt>
      <trkpt lat="40.80515384674072" lon="23.965258598327637">
        <ele>179.22</ele>
      </trkpt>
      <trkpt lat="40.805110931396484" lon="23.96495819091797">
        <ele>178.83</ele>
      </trkpt>
      <trkpt lat="40.80502510070801" lon="23.964722156524658">
        <ele>178.43</ele>
      </trkpt>
      <trkpt lat="40.80492837354541" lon="23.96449651569128">
        <ele>178.03</ele>
      </trkpt>
      <trkpt lat="40.80483206547797" lon="23.964271545410156">
        <ele>177.64</ele>
      </trkpt>
      <trkpt lat="40.80464590340853" lon="23.963949345052242">
        <ele>177.2</ele>
      </trkpt>
      <trkpt lat="40.80445974133909" lon="23.96362722851336">
        <ele>176.75</ele>
      </trkpt>
      <trkpt lat="40.80427416600287" lon="23.963305950164795">
        <ele>176.28</ele>
      </trkpt>
      <trkpt lat="40.80410250462592" lon="23.963027000427246">
        <ele>175.78</ele>
      </trkpt>
      <trkpt lat="40.80391994677484" lon="23.96271552890539">
        <ele>175.26</ele>
      </trkpt>
      <trkpt lat="40.80373772419989" lon="23.96240472793579">
        <ele>174.71</ele>
      </trkpt>
      <trkpt lat="40.80358726903796" lon="23.962114714086056">
        <ele>174.18</ele>
      </trkpt>
      <trkpt lat="40.80343723297119" lon="23.961825370788574">
        <ele>173.63</ele>
      </trkpt>
      <trkpt lat="40.80336196348071" lon="23.961621187627316">
        <ele>173.13</ele>
      </trkpt>
      <trkpt lat="40.80328702926636" lon="23.96141767501831">
        <ele>172.64</ele>
      </trkpt>
      <trkpt lat="40.80321175977588" lon="23.96114895120263">
        <ele>172.17</ele>
      </trkpt>
      <trkpt lat="40.803136909380555" lon="23.960881233215332">
        <ele>171.69</ele>
      </trkpt>
      <trkpt lat="40.80307949334383" lon="23.960508489981294">
        <ele>171.15</ele>
      </trkpt>
      <trkpt lat="40.80302216112614" lon="23.960135746747255">
        <ele>170.63</ele>
      </trkpt>
      <trkpt lat="40.80296482890844" lon="23.959763003513217">
        <ele>170.12</ele>
      </trkpt>
      <trkpt lat="40.80290749669075" lon="23.95939026027918">
        <ele>169.57</ele>
      </trkpt>
      <trkpt lat="40.80285016447306" lon="23.959017600864172">
        <ele>169.0</ele>
      </trkpt>
      <trkpt lat="40.80279358662665" lon="23.95864963531494">
        <ele>168.38</ele>
      </trkpt>
      <trkpt lat="40.80272904597223" lon="23.95825183019042">
        <ele>167.84</ele>
      </trkpt>
      <trkpt lat="40.802664840593934" lon="23.957855701446533">
        <ele>167.35</ele>
      </trkpt>
      <trkpt lat="40.802664840593934" lon="23.957812786102295">
        <ele>166.84</ele>
      </trkpt>
      <trkpt lat="40.802664840593934" lon="23.957791328430176">
        <ele>166.33</ele>
      </trkpt>
      <trkpt lat="40.80260029993951" lon="23.957425709813833">
        <ele>165.86</ele>
      </trkpt>
      <trkpt lat="40.80253575928509" lon="23.957060175016522">
        <ele>165.36</ele>
      </trkpt>
      <trkpt lat="40.80247121863067" lon="23.95669464021921">
        <ele>164.86</ele>
      </trkpt>
      <trkpt lat="40.80240726470947" lon="23.956332206726074">
        <ele>164.32</ele>
      </trkpt>
      <trkpt lat="40.80232126638293" lon="23.956009671092033">
        <ele>163.72</ele>
      </trkpt>
      <trkpt lat="40.80223560333252" lon="23.9556884765625">
        <ele>163.17</ele>
      </trkpt>
      <trkpt lat="40.80216033384204" lon="23.95548429340124">
        <ele>162.64</ele>
      </trkpt>
      <trkpt lat="40.802085399627686" lon="23.955280780792236">
        <ele>162.12</ele>
      </trkpt>
      <trkpt lat="40.80193502828479" lon="23.954972829669714">
        <ele>161.57</ele>
      </trkpt>
      <trkpt lat="40.80178465694189" lon="23.95466487854719">
        <ele>161.04</ele>
      </trkpt>
      <trkpt lat="40.801634872332215" lon="23.954358100891113">
        <ele>160.51</ele>
      </trkpt>
      <trkpt lat="40.80145223066211" lon="23.9540359005332">
        <ele>159.94</ele>
      </trkpt>
      <trkpt lat="40.80127000808716" lon="23.95371437072754">
        <ele>159.4</ele>
      </trkpt>
      <trkpt lat="40.801111003383994" lon="23.95342226140201">
        <ele>158.86</ele>
      </trkpt>
      <trkpt lat="40.80095208249986" lon="23.953130152076483">
        <ele>158.31</ele>
      </trkpt>
      <trkpt lat="40.80079316161573" lon="23.952838042750955">
        <ele>157.84</ele>
      </trkpt>
      <trkpt lat="40.8006342407316" lon="23.952545933425426">
        <ele>157.39</ele>
      </trkpt>
      <trkpt lat="40.80047615803778" lon="23.952255249023438">
        <ele>156.92</ele>
      </trkpt>
      <trkpt lat="40.800315057858825" lon="23.951976047828794">
        <ele>156.43</ele>
      </trkpt>
      <trkpt lat="40.800154292955995" lon="23.95169734954834">
        <ele>155.9</ele>
      </trkpt>
      <trkpt lat="40.80002554692328" lon="23.95148277282715">
        <ele>155.38</ele>
      </trkpt>
      <trkpt lat="40.79991373233497" lon="23.951267944648862">
        <ele>154.87</ele>
      </trkpt>
      <trkpt lat="40.79980418086052" lon="23.951057475060225">
        <ele>154.37</ele>
      </trkpt>
      <trkpt lat="40.79980367794633" lon="23.951056469231844">
        <ele>153.86</ele>
      </trkpt>
      <trkpt lat="40.79980317503214" lon="23.951055463403463">
        <ele>153.34</ele>
      </trkpt>
      <trkpt lat="40.79980267211795" lon="23.951054457575083">
        <ele>152.81</ele>
      </trkpt>
      <trkpt lat="40.79980225302279" lon="23.951053619384766">
        <ele>152.27</ele>
      </trkpt>
      <trkpt lat="40.79974659718573" lon="23.95094633102417">
        <ele>151.71</ele>
      </trkpt>
      <trkpt lat="40.799660766497254" lon="23.950796127319336">
        <ele>151.14</ele>
      </trkpt>
      <trkpt lat="40.79949748702347" lon="23.950443752110004">
        <ele>150.56</ele>
      </trkpt>
      <trkpt lat="40.79933420754969" lon="23.950091376900673">
        <ele>149.92</ele>
      </trkpt>
      <trkpt lat="40.79917092807591" lon="23.949739085510373">
        <ele>149.23</ele>
      </trkpt>
      <trkpt lat="40.79900764860213" lon="23.94938671030104">
        <ele>148.55</ele>
      </trkpt>
      <trkpt lat="40.79884537495673" lon="23.949036598205566">
        <ele>147.85</ele>
      </trkpt>
      <trkpt lat="40.79878100194037" lon="23.94890785217285">
        <ele>147.16</ele>
      </trkpt>
      <trkpt lat="40.79864664003253" lon="23.948596296831965">
        <ele>146.42</ele>
      </trkpt>
      <trkpt lat="40.79851236194372" lon="23.94828474149108">
        <ele>145.67</ele>
      </trkpt>
      <trkpt lat="40.798378083854914" lon="23.947973186150193">
        <ele>144.92</ele>
      </trkpt>
      <trkpt lat="40.79824456013739" lon="23.94766330718994">
        <ele>144.12</ele>
      </trkpt>
      <trkpt lat="40.79824447631836" lon="23.94766330718994">
        <ele>143.33</ele>
      </trkpt>
      <trkpt lat="40.798108354210854" lon="23.947362480685115">
        <ele>142.46</ele>
      </trkpt>
      <trkpt lat="40.79797231592238" lon="23.94706165418029">
        <ele>141.58</ele>
      </trkpt>
      <trkpt lat="40.797836780548096" lon="23.946762084960938">
        <ele>140.67</ele>
      </trkpt>
      <trkpt lat="40.797750782221556" lon="23.94655790179968">
        <ele>139.77</ele>
      </trkpt>
      <trkpt lat="40.79766511917114" lon="23.946354389190674">
        <ele>138.87</ele>
      </trkpt>
      <trkpt lat="40.79750753939152" lon="23.94600343890488">
        <ele>137.94</ele>
      </trkpt>
      <trkpt lat="40.797350043430924" lon="23.94565248861909">
        <ele>136.95</ele>
      </trkpt>
      <trkpt lat="40.79719313420355" lon="23.945302963256836">
        <ele>135.92</ele>
      </trkpt>
      <trkpt lat="40.79707846976817" lon="23.945052260532975">
        <ele>134.88</ele>
      </trkpt>
      <trkpt lat="40.79696388915181" lon="23.944801641628146">
        <ele>133.82</ele>
      </trkpt>
      <trkpt lat="40.79684981144965" lon="23.944551944732666">
        <ele>132.72</ele>
      </trkpt>
      <trkpt lat="40.79674235545099" lon="23.944301242008805">
        <ele>131.59</ele>
      </trkpt>
      <trkpt lat="40.79663489945233" lon="23.944050539284945">
        <ele>130.44</ele>
      </trkpt>
      <trkpt lat="40.79652794636786" lon="23.943800926208496">
        <ele>129.28</ele>
      </trkpt>
      <trkpt lat="40.79652786254883" lon="23.943800926208496">
        <ele>128.1</ele>
      </trkpt>
      <trkpt lat="40.79637204296887" lon="23.94345173612237">
        <ele>126.86</ele>
      </trkpt>
      <trkpt lat="40.79621630720794" lon="23.943102629855275">
        <ele>125.57</ele>
      </trkpt>
      <trkpt lat="40.796060571447015" lon="23.94275343976915">
        <ele>124.22</ele>
      </trkpt>
      <trkpt lat="40.79590483568609" lon="23.942404333502054">
        <ele>122.86</ele>
      </trkpt>
      <trkpt lat="40.79574901610613" lon="23.94205522723496">
        <ele>121.48</ele>
      </trkpt>
      <trkpt lat="40.7955932803452" lon="23.941706037148833">
        <ele>120.07</ele>
      </trkpt>
      <trkpt lat="40.795437544584274" lon="23.94135693088174">
        <ele>118.66</ele>
      </trkpt>
      <trkpt lat="40.79528340138495" lon="23.941011428833008">
        <ele>117.23</ele>
      </trkpt>
      <trkpt lat="40.79528331756592" lon="23.941011428833008">
        <ele>115.81</ele>
      </trkpt>
      <trkpt lat="40.795140070840716" lon="23.940724935382605">
        <ele>114.31</ele>
      </trkpt>
      <trkpt lat="40.79499690793455" lon="23.940438525751233">
        <ele>112.78</ele>
      </trkpt>
      <trkpt lat="40.79485424794257" lon="23.940153121948242">
        <ele>111.24</ele>
      </trkpt>
      <trkpt lat="40.794639587402344" lon="23.93989554606378">
        <ele>109.65</ele>
      </trkpt>
      <trkpt lat="40.79442501068115" lon="23.939638137817383">
        <ele>108.09</ele>
      </trkpt>
      <trkpt lat="40.79428553581238" lon="23.93948793411255">
        <ele>106.53</ele>
      </trkpt>
      <trkpt lat="40.7941460609436" lon="23.939337730407715">
        <ele>104.97</ele>
      </trkpt>
      <trkpt lat="40.793888652697206" lon="23.93911460414529">
        <ele>103.35</ele>
      </trkpt>
      <trkpt lat="40.79363124445081" lon="23.938891561701894">
        <ele>101.71</ele>
      </trkpt>
      <trkpt lat="40.79337383620441" lon="23.9386685192585">
        <ele>100.15</ele>
      </trkpt>
      <trkpt lat="40.79311651177704" lon="23.938445392996073">
        <ele>98.61</ele>
      </trkpt>
      <trkpt lat="40.792858600616455" lon="23.93822193145752">
        <ele>97.0</ele>
      </trkpt>
      <trkpt lat="40.792644023895264" lon="23.938023447990417">
        <ele>95.4</ele>
      </trkpt>
      <trkpt lat="40.792429530993104" lon="23.937825048342347">
        <ele>93.84</ele>
      </trkpt>
      <trkpt lat="40.792215038090944" lon="23.937626648694277">
        <ele>92.28</ele>
      </trkpt>
      <trkpt lat="40.79200029373169" lon="23.93742799758911">
        <ele>90.68</ele>
      </trkpt>
      <trkpt lat="40.791828548535705" lon="23.937197159975767">
        <ele>89.06</ele>
      </trkpt>
      <trkpt lat="40.79165680333972" lon="23.936966406181455">
        <ele>87.47</ele>
      </trkpt>
      <trkpt lat="40.791485058143735" lon="23.936735652387142">
        <ele>85.9</ele>
      </trkpt>
      <trkpt lat="40.79131364822388" lon="23.93650531768799">
        <ele>84.34</ele>
      </trkpt>
      <trkpt lat="40.79111684113741" lon="23.93621899187565">
        <ele>82.85</ele>
      </trkpt>
      <trkpt lat="40.79092003405094" lon="23.93593274988234">
        <ele>81.42</ele>
      </trkpt>
      <trkpt lat="40.790723226964474" lon="23.935646507889032">
        <ele>80.07</ele>
      </trkpt>
      <trkpt lat="40.790526419878006" lon="23.935360182076693">
        <ele>78.69</ele>
      </trkpt>
      <trkpt lat="40.79032961279154" lon="23.935073940083385">
        <ele>77.28</ele>
      </trkpt>
      <trkpt lat="40.7901328895241" lon="23.934787698090076">
        <ele>75.85</ele>
      </trkpt>
      <trkpt lat="40.789936082437634" lon="23.93450145609677">
        <ele>74.41</ele>
      </trkpt>
      <trkpt lat="40.78973927535117" lon="23.93421521410346">
        <ele>72.99</ele>
      </trkpt>
      <trkpt lat="40.7895424682647" lon="23.93392888829112">
        <ele>71.58</ele>
      </trkpt>
      <trkpt lat="40.78934566117823" lon="23.933642646297812">
        <ele>70.24</ele>
      </trkpt>
      <trkpt lat="40.789148937910795" lon="23.933356404304504">
        <ele>68.96</ele>
      </trkpt>
      <trkpt lat="40.7889533881098" lon="23.933072090148926">
        <ele>67.72</ele>
      </trkpt>
      <trkpt lat="40.78895330429077" lon="23.933072090148926">
        <ele>66.56</ele>
      </trkpt>
      <trkpt lat="40.788803016766906" lon="23.93284661695361">
        <ele>65.4</ele>
      </trkpt>
      <trkpt lat="40.788652980700135" lon="23.932621479034424">
        <ele>64.28</ele>
      </trkpt>
      <trkpt lat="40.7884441036731" lon="23.932315036654472">
        <ele>63.22</ele>
      </trkpt>
      <trkpt lat="40.788235226646066" lon="23.93200859427452">
        <ele>62.19</ele>
      </trkpt>
      <trkpt lat="40.78802643343806" lon="23.93170215189457">
        <ele>61.19</ele>
      </trkpt>
      <trkpt lat="40.78781755641103" lon="23.931395709514618">
        <ele>60.25</ele>
      </trkpt>
      <trkpt lat="40.78760867938399" lon="23.931089267134666">
        <ele>59.33</ele>
      </trkpt>
      <trkpt lat="40.78739988617599" lon="23.930782824754715">
        <ele>58.45</ele>
      </trkpt>
      <trkpt lat="40.787191009148955" lon="23.930476382374763">
        <ele>57.61</ele>
      </trkpt>
      <trkpt lat="40.78698221594095" lon="23.930169939994812">
        <ele>56.8</ele>
      </trkpt>
      <trkpt lat="40.78677333891392" lon="23.92986349761486">
        <ele>56.03</ele>
      </trkpt>
      <trkpt lat="40.78656446188688" lon="23.92955705523491">
        <ele>55.3</ele>
      </trkpt>
      <trkpt lat="40.786356925964355" lon="23.92925262451172">
        <ele>54.59</ele>
      </trkpt>
      <trkpt lat="40.78618501313031" lon="23.928919611498713">
        <ele>53.92</ele>
      </trkpt>
      <trkpt lat="40.78601360321045" lon="23.928587436676025">
        <ele>53.25</ele>
      </trkpt>
      <trkpt lat="40.78592768870294" lon="23.928372524678707">
        <ele>52.65</ele>
      </trkpt>
      <trkpt lat="40.78584202565253" lon="23.928158283233643">
        <ele>52.09</ele>
      </trkpt>
      <trkpt lat="40.7857103459537" lon="23.92783323302865">
        <ele>51.6</ele>
      </trkpt>
      <trkpt lat="40.78557875007391" lon="23.927508182823658">
        <ele>51.19</ele>
      </trkpt>
      <trkpt lat="40.78544715419412" lon="23.927183216437697">
        <ele>50.82</ele>
      </trkpt>
      <trkpt lat="40.78531555831432" lon="23.926858166232705">
        <ele>50.47</ele>
      </trkpt>
      <trkpt lat="40.78518396243453" lon="23.926533199846745">
        <ele>50.13</ele>
      </trkpt>
      <trkpt lat="40.785052282735705" lon="23.926208149641752">
        <ele>49.84</ele>
      </trkpt>
      <trkpt lat="40.78492068685591" lon="23.92588318325579">
        <ele>49.6</ele>
      </trkpt>
      <trkpt lat="40.78479059971869" lon="23.925561904907227">
        <ele>49.37</ele>
      </trkpt>
      <trkpt lat="40.78466160222888" lon="23.92523953691125">
        <ele>49.14</ele>
      </trkpt>
      <trkpt lat="40.78453302383423" lon="23.924918174743652">
        <ele>48.92</ele>
      </trkpt>
      <trkpt lat="40.78436655923724" lon="23.92463360913098">
        <ele>48.73</ele>
      </trkpt>
      <trkpt lat="40.784200094640255" lon="23.924349043518305">
        <ele>48.57</ele>
      </trkpt>
      <trkpt lat="40.7840337138623" lon="23.92406447790563">
        <ele>48.5</ele>
      </trkpt>
      <trkpt lat="40.783867835998535" lon="23.923780918121338">
        <ele>48.49</ele>
      </trkpt>
      <trkpt lat="40.78370681963861" lon="23.923576986417174">
        <ele>48.47</ele>
      </trkpt>
      <trkpt lat="40.78354597091675" lon="23.923373222351074">
        <ele>48.46</ele>
      </trkpt>
      <trkpt lat="40.78333139419556" lon="23.923158645629883">
        <ele>48.46</ele>
      </trkpt>
      <trkpt lat="40.783116817474365" lon="23.92294406890869">
        <ele>48.49</ele>
      </trkpt>
      <trkpt lat="40.782902240753174" lon="23.9227294921875">
        <ele>48.5</ele>
      </trkpt>
      <trkpt lat="40.78267375007272" lon="23.92255799844861">
        <ele>48.47</ele>
      </trkpt>
      <trkpt lat="40.782672576606274" lon="23.922557160258293">
        <ele>48.51</ele>
      </trkpt>
      <trkpt lat="40.7826713193208" lon="23.922556238248944">
        <ele>48.55</ele>
      </trkpt>
      <trkpt lat="40.782670145854354" lon="23.922555400058627">
        <ele>48.59</ele>
      </trkpt>
      <trkpt lat="40.78266914002597" lon="23.92255464568734">
        <ele>48.64</ele>
      </trkpt>
      <trkpt lat="40.78252824023366" lon="23.92244894988835">
        <ele>48.65</ele>
      </trkpt>
      <trkpt lat="40.782387256622314" lon="23.922343254089355">
        <ele>48.66</ele>
      </trkpt>
      <trkpt lat="40.78218709677458" lon="23.922214591875672">
        <ele>48.69</ele>
      </trkpt>
      <trkpt lat="40.78198702074587" lon="23.92208592966199">
        <ele>48.74</ele>
      </trkpt>
      <trkpt lat="40.78178644180298" lon="23.92195701599121">
        <ele>48.79</ele>
      </trkpt>
      <trkpt lat="40.781521908938885" lon="23.921756856143475">
        <ele>48.86</ele>
      </trkpt>
      <trkpt lat="40.78125745989382" lon="23.921556696295738">
        <ele>48.91</ele>
      </trkpt>
      <trkpt lat="40.7809925917536" lon="23.921356201171875">
        <ele>48.92</ele>
      </trkpt>
      <trkpt lat="40.7808424718678" lon="23.92123818397522">
        <ele>48.9</ele>
      </trkpt>
      <trkpt lat="40.780692184343934" lon="23.921120166778564">
        <ele>48.86</ele>
      </trkpt>
      <trkpt lat="40.7806921005249" lon="23.921120166778564">
        <ele>48.8</ele>
      </trkpt>
      <trkpt lat="40.78042614273727" lon="23.92091422341764">
        <ele>48.78</ele>
      </trkpt>
      <trkpt lat="40.78016026876867" lon="23.920708363875747">
        <ele>48.7</ele>
      </trkpt>
      <trkpt lat="40.779894310981035" lon="23.920502504333854">
        <ele>48.57</ele>
      </trkpt>
      <trkpt lat="40.779628437012434" lon="23.92029664479196">
        <ele>48.41</ele>
      </trkpt>
      <trkpt lat="40.779361724853516" lon="23.920090198516846">
        <ele>48.23</ele>
      </trkpt>
      <trkpt lat="40.779090067371726" lon="23.919904371723533">
        <ele>47.96</ele>
      </trkpt>
      <trkpt lat="40.77881849370897" lon="23.91971854493022">
        <ele>47.64</ele>
      </trkpt>
      <trkpt lat="40.77854633331299" lon="23.919532299041748">
        <ele>47.32</ele>
      </trkpt>
      <trkpt lat="40.77833913266659" lon="23.919439343735576">
        <ele>47.04</ele>
      </trkpt>
      <trkpt lat="40.77813193202019" lon="23.919346472248435">
        <ele>46.77</ele>
      </trkpt>
      <trkpt lat="40.77792406082153" lon="23.9192533493042">
        <ele>46.42</ele>
      </trkpt>
      <trkpt lat="40.77764242887497" lon="23.919179840013385">
        <ele>46.02</ele>
      </trkpt>
      <trkpt lat="40.777360796928406" lon="23.919106414541602">
        <ele>45.59</ele>
      </trkpt>
      <trkpt lat="40.777079248800874" lon="23.919032905250788">
        <ele>45.15</ele>
      </trkpt>
      <trkpt lat="40.77679761685431" lon="23.918959479779005">
        <ele>44.75</ele>
      </trkpt>
      <trkpt lat="40.77651606872678" lon="23.91888597048819">
        <ele>44.36</ele>
      </trkpt>
      <trkpt lat="40.776234436780214" lon="23.918812545016408">
        <ele>43.95</ele>
      </trkpt>
      <trkpt lat="40.775950038805604" lon="23.91873836517334">
        <ele>43.5</ele>
      </trkpt>
      <trkpt lat="40.77577829360962" lon="23.918588161468506">
        <ele>43.07</ele>
      </trkpt>
      <trkpt lat="40.775649547576904" lon="23.91845941543579">
        <ele>42.64</ele>
      </trkpt>
      <trkpt lat="40.77558517456055" lon="23.918330669403076">
        <ele>42.23</ele>
      </trkpt>
      <trkpt lat="40.77554225921631" lon="23.91798734664917">
        <ele>41.85</ele>
      </trkpt>
      <trkpt lat="40.77549917623401" lon="23.917653998360038">
        <ele>41.47</ele>
      </trkpt>
      <trkpt lat="40.77545642852783" lon="23.917322158813477">
        <ele>41.09</ele>
      </trkpt>
      <trkpt lat="40.77540018595755" lon="23.917195927351713">
        <ele>40.69</ele>
      </trkpt>
      <trkpt lat="40.77539968304336" lon="23.917194670066237">
        <ele>40.26</ele>
      </trkpt>
      <trkpt lat="40.77539909631014" lon="23.91719341278076">
        <ele>39.83</ele>
      </trkpt>
      <trkpt lat="40.77539859339595" lon="23.917192155495286">
        <ele>39.39</ele>
      </trkpt>
      <trkpt lat="40.77539817430079" lon="23.917191065847874">
        <ele>38.95</ele>
      </trkpt>
      <trkpt lat="40.77539817430079" lon="23.917191149666905">
        <ele>38.49</ele>
      </trkpt>
      <trkpt lat="40.775370597839355" lon="23.917129039764404">
        <ele>38.04</ele>
      </trkpt>
      <trkpt lat="40.7751989364624" lon="23.916935920715332">
        <ele>37.64</ele>
      </trkpt>
      <trkpt lat="40.77503817155957" lon="23.916860902681947">
        <ele>37.19</ele>
      </trkpt>
      <trkpt lat="40.774877071380615" lon="23.916785717010498">
        <ele>36.7</ele>
      </trkpt>
      <trkpt lat="40.77456995844841" lon="23.916699970141053">
        <ele>36.1</ele>
      </trkpt>
      <trkpt lat="40.774262845516205" lon="23.91661422327161">
        <ele>35.51</ele>
      </trkpt>
      <trkpt lat="40.773954475298524" lon="23.91652822494507">
        <ele>34.97</ele>
      </trkpt>
      <trkpt lat="40.77380435541272" lon="23.916431665420532">
        <ele>34.45</ele>
      </trkpt>
      <trkpt lat="40.773653984069824" lon="23.916335105895996">
        <ele>33.91</ele>
      </trkpt>
      <trkpt lat="40.773417949676514" lon="23.916141986846924">
        <ele>33.33</ele>
      </trkpt>
      <trkpt lat="40.77322483062744" lon="23.915905952453613">
        <ele>32.71</ele>
      </trkpt>
      <trkpt lat="40.773053001612425" lon="23.91563748009503">
        <ele>32.08</ele>
      </trkpt>
      <trkpt lat="40.772881507873535" lon="23.915369510650635">
        <ele>31.45</ele>
      </trkpt>
      <trkpt lat="40.77277421951294" lon="23.91498327255249">
        <ele>30.83</ele>
      </trkpt>
      <trkpt lat="40.77270984649658" lon="23.914618492126465">
        <ele>30.24</ele>
      </trkpt>
      <trkpt lat="40.77268830500543" lon="23.914263602346182">
        <ele>29.66</ele>
      </trkpt>
      <trkpt lat="40.77266684733331" lon="23.91390879638493">
        <ele>29.03</ele>
      </trkpt>
      <trkpt lat="40.77264530584216" lon="23.913553906604648">
        <ele>28.36</ele>
      </trkpt>
      <trkpt lat="40.77262384817004" lon="23.913199100643396">
        <ele>27.69</ele>
      </trkpt>
      <trkpt lat="40.77260239049792" lon="23.912844210863113">
        <ele>27.02</ele>
      </trkpt>
      <trkpt lat="40.7725811842829" lon="23.91249418258667">
        <ele>26.32</ele>
      </trkpt>
      <trkpt lat="40.77258110046387" lon="23.91249418258667">
        <ele>25.64</ele>
      </trkpt>
      <trkpt lat="40.772556625306606" lon="23.91209688037634">
        <ele>24.92</ele>
      </trkpt>
      <trkpt lat="40.772532150149345" lon="23.911699578166008">
        <ele>24.18</ele>
      </trkpt>
      <trkpt lat="40.772507758811116" lon="23.91130235977471">
        <ele>23.46</ele>
      </trkpt>
      <trkpt lat="40.772483283653855" lon="23.910905057564378">
        <ele>22.73</ele>
      </trkpt>
      <trkpt lat="40.772458892315626" lon="23.910507755354047">
        <ele>21.98</ele>
      </trkpt>
      <trkpt lat="40.772434417158365" lon="23.910110536962748">
        <ele>21.23</ele>
      </trkpt>
      <trkpt lat="40.772409942001104" lon="23.909713234752417">
        <ele>20.43</ele>
      </trkpt>
      <trkpt lat="40.772385550662875" lon="23.909315932542086">
        <ele>19.64</ele>
      </trkpt>
      <trkpt lat="40.772361075505614" lon="23.908918714150786">
        <ele>18.86</ele>
      </trkpt>
      <trkpt lat="40.772337187081575" lon="23.90853331424296">
        <ele>18.05</ele>
      </trkpt>
      <trkpt lat="40.772337187081575" lon="23.908532559871674">
        <ele>17.32</ele>
      </trkpt>
      <trkpt lat="40.772337187081575" lon="23.908531805500388">
        <ele>16.59</ele>
      </trkpt>
      <trkpt lat="40.772337187081575" lon="23.908531051129103">
        <ele>15.87</ele>
      </trkpt>
      <trkpt lat="40.772337187081575" lon="23.90853038057685">
        <ele>15.16</ele>
      </trkpt>
      <trkpt lat="40.772337187081575" lon="23.90853046439588">
        <ele>14.46</ele>
      </trkpt>
      <trkpt lat="40.772312209010124" lon="23.908125702291727">
        <ele>13.7</ele>
      </trkpt>
      <trkpt lat="40.772287314757705" lon="23.907720940187573">
        <ele>12.99</ele>
      </trkpt>
      <trkpt lat="40.772262420505285" lon="23.90731626190245">
        <ele>12.28</ele>
      </trkpt>
      <trkpt lat="40.77223777770996" lon="23.906915187835693">
        <ele>11.59</ele>
      </trkpt>
      <trkpt lat="40.77225931920111" lon="23.90664629638195">
        <ele>10.94</ele>
      </trkpt>
      <trkpt lat="40.77228077687323" lon="23.906378746032715">
        <ele>10.3</ele>
      </trkpt>
      <trkpt lat="40.7722806930542" lon="23.906378746032715">
        <ele>9.7</ele>
      </trkpt>
      <trkpt lat="40.77230215072632" lon="23.906164169311523">
        <ele>9.12</ele>
      </trkpt>
      <trkpt lat="40.77238814905286" lon="23.905884716659784">
        <ele>8.57</ele>
      </trkpt>
      <trkpt lat="40.7724738959223" lon="23.905606269836426">
        <ele>8.04</ele>
      </trkpt>
      <trkpt lat="40.7725777477026" lon="23.905240818858147">
        <ele>7.5</ele>
      </trkpt>
      <trkpt lat="40.772681599482894" lon="23.904875367879868">
        <ele>6.97</ele>
      </trkpt>
      <trkpt lat="40.77278553508222" lon="23.90450991690159">
        <ele>6.48</ele>
      </trkpt>
      <trkpt lat="40.772889386862516" lon="23.90414446592331">
        <ele>6.07</ele>
      </trkpt>
      <trkpt lat="40.77299332246184" lon="23.903779098764062">
        <ele>5.64</ele>
      </trkpt>
      <trkpt lat="40.77309608459473" lon="23.903417587280273">
        <ele>5.23</ele>
      </trkpt>
      <trkpt lat="40.773171270266175" lon="23.903062781319022">
        <ele>4.89</ele>
      </trkpt>
      <trkpt lat="40.77324628829956" lon="23.902709484100342">
        <ele>4.55</ele>
      </trkpt>
      <trkpt lat="40.77328492887318" lon="23.902330957353115">
        <ele>4.24</ele>
      </trkpt>
      <trkpt lat="40.773323653265834" lon="23.90195251442492">
        <ele>4.01</ele>
      </trkpt>
      <trkpt lat="40.773362377658486" lon="23.901573987677693">
        <ele>3.81</ele>
      </trkpt>
      <trkpt lat="40.77340110205114" lon="23.901195460930467">
        <ele>3.68</ele>
      </trkpt>
      <trkpt lat="40.77343940734863" lon="23.900821208953857">
        <ele>3.51</ele>
      </trkpt>
      <trkpt lat="40.77352523803711" lon="23.900456428527832">
        <ele>3.36</ele>
      </trkpt>
      <trkpt lat="40.773617355152965" lon="23.900063233450055">
        <ele>3.25</ele>
      </trkpt>
      <trkpt lat="40.77370947226882" lon="23.89967012219131">
        <ele>3.24</ele>
      </trkpt>
      <trkpt lat="40.773801589384675" lon="23.899277010932565">
        <ele>3.23</ele>
      </trkpt>
      <trkpt lat="40.77389379031956" lon="23.89888389967382">
        <ele>3.31</ele>
      </trkpt>
      <trkpt lat="40.77398590743542" lon="23.898490788415074">
        <ele>3.44</ele>
      </trkpt>
      <trkpt lat="40.77407802455127" lon="23.89809767715633">
        <ele>3.57</ele>
      </trkpt>
      <trkpt lat="40.774168968200684" lon="23.897709846496582">
        <ele>3.74</ele>
      </trkpt>
      <trkpt lat="40.7742871530354" lon="23.897355208173394">
        <ele>3.93</ele>
      </trkpt>
      <trkpt lat="40.774405002593994" lon="23.89700174331665">
        <ele>4.08</ele>
      </trkpt>
      <trkpt lat="40.77452318742871" lon="23.896684739738703">
        <ele>4.3</ele>
      </trkpt>
      <trkpt lat="40.77464137226343" lon="23.896367736160755">
        <ele>4.55</ele>
      </trkpt>
      <trkpt lat="40.77475955709815" lon="23.896050732582808">
        <ele>4.84</ele>
      </trkpt>
      <trkpt lat="40.774877071380615" lon="23.89573574066162">
        <ele>5.19</ele>
      </trkpt>
      <trkpt lat="40.77502744272351" lon="23.89538479037583">
        <ele>5.53</ele>
      </trkpt>
      <trkpt lat="40.77517781406641" lon="23.895033840090036">
        <ele>5.85</ele>
      </trkpt>
      <trkpt lat="40.77532826922834" lon="23.894682889804244">
        <ele>6.22</ele>
      </trkpt>
      <trkpt lat="40.77547864057124" lon="23.89433193951845">
        <ele>6.62</ele>
      </trkpt>
      <trkpt lat="40.775629095733166" lon="23.89398098923266">
        <ele>7.01</ele>
      </trkpt>
      <trkpt lat="40.77577829360962" lon="23.893632888793945">
        <ele>7.47</ele>
      </trkpt>
      <trkpt lat="40.775939393788576" lon="23.89332141727209">
        <ele>7.87</ele>
      </trkpt>
      <trkpt lat="40.776100158691406" lon="23.89301061630249">
        <ele>8.27</ele>
      </trkpt>
      <trkpt lat="40.77625036239624" lon="23.892817497253418">
        <ele>8.65</ele>
      </trkpt>
      <trkpt lat="40.77644322998822" lon="23.892699563875794">
        <ele>9.06</ele>
      </trkpt>
      <trkpt lat="40.776636600494385" lon="23.892581462860107">
        <ele>9.48</ele>
      </trkpt>
      <trkpt lat="40.776872634887695" lon="23.89249563217163">
        <ele>9.93</ele>
      </trkpt>
      <trkpt lat="40.777151584625244" lon="23.89247417449951">
        <ele>10.41</ele>
      </trkpt>
      <trkpt lat="40.77743858098984" lon="23.89247417449951">
        <ele>10.81</ele>
      </trkpt>
      <trkpt lat="40.77772566117346" lon="23.89247417449951">
        <ele>11.23</ele>
      </trkpt>
      <trkpt lat="40.77801274135709" lon="23.89247417449951">
        <ele>11.64</ele>
      </trkpt>
      <trkpt lat="40.77829982154071" lon="23.89247417449951">
        <ele>12.01</ele>
      </trkpt>
      <trkpt lat="40.77858924865723" lon="23.89247417449951">
        <ele>12.36</ele>
      </trkpt>
      <trkpt lat="40.7788463216275" lon="23.892452716827393">
        <ele>12.72</ele>
      </trkpt>
      <trkpt lat="40.779104232788086" lon="23.892431259155273">
        <ele>13.11</ele>
      </trkpt>
      <trkpt lat="40.77929735183716" lon="23.892366886138916">
        <ele>13.47</ele>
      </trkpt>
      <trkpt lat="40.779479490593076" lon="23.89229186810553">
        <ele>13.82</ele>
      </trkpt>
      <trkpt lat="40.779662132263184" lon="23.892216682434082">
        <ele>14.12</ele>
      </trkpt>
      <trkpt lat="40.77993303537369" lon="23.892058599740267">
        <ele>14.39</ele>
      </trkpt>
      <trkpt lat="40.780204022303224" lon="23.89190051704645">
        <ele>14.68</ele>
      </trkpt>
      <trkpt lat="40.78047014772892" lon="23.89174503274262">
        <ele>14.96</ele>
      </trkpt>
      <trkpt lat="40.78047157265246" lon="23.891744278371334">
        <ele>15.19</ele>
      </trkpt>
      <trkpt lat="40.780472997576" lon="23.89174352400005">
        <ele>15.41</ele>
      </trkpt>
      <trkpt lat="40.78047442249954" lon="23.891742769628763">
        <ele>15.61</ele>
      </trkpt>
      <trkpt lat="40.78047584742308" lon="23.891742015257478">
        <ele>15.79</ele>
      </trkpt>
      <trkpt lat="40.78072277829051" lon="23.89159793034196">
        <ele>15.96</ele>
      </trkpt>
      <trkpt lat="40.780969709157944" lon="23.89145384542644">
        <ele>16.1</ele>
      </trkpt>
      <trkpt lat="40.78121664002538" lon="23.891309844329953">
        <ele>16.27</ele>
      </trkpt>
      <trkpt lat="40.78146457672119" lon="23.891165256500244">
        <ele>16.36</ele>
      </trkpt>
      <trkpt lat="40.78146466054022" lon="23.891165256500244">
        <ele>16.44</ele>
      </trkpt>
      <trkpt lat="40.78169331885874" lon="23.891029469668865">
        <ele>16.5</ele>
      </trkpt>
      <trkpt lat="40.78192197717726" lon="23.890893682837486">
        <ele>16.51</ele>
      </trkpt>
      <trkpt lat="40.782151306048036" lon="23.89075756072998">
        <ele>16.49</ele>
      </trkpt>
      <trkpt lat="40.78230142593384" lon="23.890650272369385">
        <ele>16.45</ele>
      </trkpt>
      <trkpt lat="40.78245146200061" lon="23.89054298400879">
        <ele>16.42</ele>
      </trkpt>
      <trkpt lat="40.782601833343506" lon="23.890435695648193">
        <ele>16.38</ele>
      </trkpt>
      <trkpt lat="40.7827091217041" lon="23.890221118927002">
        <ele>16.29</ele>
      </trkpt>
      <trkpt lat="40.78279495239258" lon="23.889920711517334">
        <ele>16.17</ele>
      </trkpt>
      <trkpt lat="40.782903330400586" lon="23.889923226088285">
        <ele>16.07</ele>
      </trkpt>
      <trkpt lat="40.78290483914316" lon="23.889923309907317">
        <ele>15.96</ele>
      </trkpt>
      <trkpt lat="40.782906264066696" lon="23.88992339372635">
        <ele>15.83</ele>
      </trkpt>
      <trkpt lat="40.782907688990235" lon="23.88992347754538">
        <ele>15.68</ele>
      </trkpt>
      <trkpt lat="40.782909197732806" lon="23.889923561364412">
        <ele>15.52</ele>
      </trkpt>
      <trkpt lat="40.78315679915249" lon="23.889929680153728">
        <ele>15.33</ele>
      </trkpt>
      <trkpt lat="40.78340440057218" lon="23.889935882762074">
        <ele>15.17</ele>
      </trkpt>
      <trkpt lat="40.783653259277344" lon="23.889942169189453">
        <ele>14.95</ele>
      </trkpt>
      <trkpt lat="40.78382458537817" lon="23.889931440353394">
        <ele>14.74</ele>
      </trkpt>
      <trkpt lat="40.78399658203125" lon="23.889920711517334">
        <ele>14.52</ele>
      </trkpt>
      <trkpt lat="40.78424292616546" lon="23.88985642232001">
        <ele>14.32</ele>
      </trkpt>
      <trkpt lat="40.78449010848999" lon="23.88979196548462">
        <ele>14.08</ele>
      </trkpt>
      <trkpt lat="40.784704349935055" lon="23.889706218615174">
        <ele>13.86</ele>
      </trkpt>
      <trkpt lat="40.78491926193237" lon="23.889620304107666">
        <ele>13.61</ele>
      </trkpt>
      <trkpt lat="40.785069297999144" lon="23.88952374458313">
        <ele>13.34</ele>
      </trkpt>
      <trkpt lat="40.78521966934204" lon="23.889427185058594">
        <ele>13.06</ele>
      </trkpt>
      <trkpt lat="40.785378674045205" lon="23.889285111799836">
        <ele>12.78</ele>
      </trkpt>
      <trkpt lat="40.78553323633969" lon="23.88914697803557">
        <ele>12.52</ele>
      </trkpt>
      <trkpt lat="40.78553440980613" lon="23.88914597220719">
        <ele>12.24</ele>
      </trkpt>
      <trkpt lat="40.785535583272576" lon="23.889144966378808">
        <ele>11.97</ele>
      </trkpt>
      <trkpt lat="40.78553667291999" lon="23.88914404436946">
        <ele>11.69</ele>
      </trkpt>
      <trkpt lat="40.785537930205464" lon="23.88914303854108">
        <ele>11.41</ele>
      </trkpt>
      <trkpt lat="40.78567908145487" lon="23.889016890898347">
        <ele>11.13</ele>
      </trkpt>
      <trkpt lat="40.78582048416138" lon="23.888890743255615">
        <ele>10.87</ele>
      </trkpt>
      <trkpt lat="40.78603497706354" lon="23.88866183348">
        <ele>10.61</ele>
      </trkpt>
      <trkpt lat="40.78624955378473" lon="23.888433007523417">
        <ele>10.34</ele>
      </trkpt>
      <trkpt lat="40.78646421432495" lon="23.888204097747803">
        <ele>10.06</ele>
      </trkpt>
      <trkpt lat="40.78670804388821" lon="23.887942666187882">
        <ele>9.74</ele>
      </trkpt>
      <trkpt lat="40.78695187345147" lon="23.887681318446994">
        <ele>9.45</ele>
      </trkpt>
      <trkpt lat="40.78719570301473" lon="23.887419970706105">
        <ele>9.16</ele>
      </trkpt>
      <trkpt lat="40.78743953257799" lon="23.887158539146185">
        <ele>8.9</ele>
      </trkpt>
      <trkpt lat="40.78768336214125" lon="23.886897191405296">
        <ele>8.64</ele>
      </trkpt>
      <trkpt lat="40.78792719170451" lon="23.886635843664408">
        <ele>8.42</ele>
      </trkpt>
      <trkpt lat="40.78817102126777" lon="23.88637449592352">
        <ele>8.22</ele>
      </trkpt>
      <trkpt lat="40.78841485083103" lon="23.8861130643636">
        <ele>7.98</ele>
      </trkpt>
      <trkpt lat="40.78865868039429" lon="23.88585171662271">
        <ele>7.72</ele>
      </trkpt>
      <trkpt lat="40.78890250995755" lon="23.88559036888182">
        <ele>7.52</ele>
      </trkpt>
      <trkpt lat="40.789146507158875" lon="23.885328769683838">
        <ele>7.33</ele>
      </trkpt>
      <trkpt lat="40.78937893733382" lon="23.88508016243577">
        <ele>7.2</ele>
      </trkpt>
      <trkpt lat="40.78961136750877" lon="23.884831639006734">
        <ele>7.09</ele>
      </trkpt>
      <trkpt lat="40.789843797683716" lon="23.884583115577698">
        <ele>6.98</ele>
      </trkpt>
      <trkpt lat="40.79007622785866" lon="23.88433459214866">
        <ele>6.92</ele>
      </trkpt>
      <trkpt lat="40.79030865803361" lon="23.884086068719625">
        <ele>6.84</ele>
      </trkpt>
      <trkpt lat="40.79054117202759" lon="23.88383754529059">
        <ele>6.76</ele>
      </trkpt>
      <trkpt lat="40.790773602202535" lon="23.883589021861553">
        <ele>6.68</ele>
      </trkpt>
      <trkpt lat="40.79100603237748" lon="23.883340498432517">
        <ele>6.65</ele>
      </trkpt>
      <trkpt lat="40.79123846255243" lon="23.88309197500348">
        <ele>6.65</ele>
      </trkpt>
      <trkpt lat="40.791470892727375" lon="23.882843451574445">
        <ele>6.63</ele>
      </trkpt>
      <trkpt lat="40.79170340672135" lon="23.88259492814541">
        <ele>6.62</ele>
      </trkpt>
      <trkpt lat="40.791936004534364" lon="23.882346153259277">
        <ele>6.63</ele>
      </trkpt>
      <trkpt lat="40.79217815771699" lon="23.882082542404532">
        <ele>6.67</ele>
      </trkpt>
      <trkpt lat="40.792420310899615" lon="23.881818931549788">
        <ele>6.77</ele>
      </trkpt>
      <trkpt lat="40.79266246408224" lon="23.881555320695043">
        <ele>6.89</ele>
      </trkpt>
      <trkpt lat="40.79290461726487" lon="23.881291709840298">
        <ele>7.02</ele>
      </trkpt>
      <trkpt lat="40.79314677044749" lon="23.88102801516652">
        <ele>7.16</ele>
      </trkpt>
      <trkpt lat="40.79338892363012" lon="23.880764404311776">
        <ele>7.31</ele>
      </trkpt>
      <trkpt lat="40.793631160631776" lon="23.88050079345703">
        <ele>7.44</ele>
      </trkpt>
      <trkpt lat="40.79385353252292" lon="23.8802588917315">
        <ele>7.58</ele>
      </trkpt>
      <trkpt lat="40.79407590441406" lon="23.88001699000597">
        <ele>7.73</ele>
      </trkpt>
      <trkpt lat="40.7942982763052" lon="23.87977517209947">
        <ele>7.95</ele>
      </trkpt>
      <trkpt lat="40.79452064819634" lon="23.87953327037394">
        <ele>8.15</ele>
      </trkpt>
      <trkpt lat="40.79474302008748" lon="23.87929136864841">
        <ele>8.34</ele>
      </trkpt>
      <trkpt lat="40.79496539197862" lon="23.87904955074191">
        <ele>8.49</ele>
      </trkpt>
      <trkpt lat="40.79518776386976" lon="23.87880764901638">
        <ele>8.65</ele>
      </trkpt>
      <trkpt lat="40.7954101357609" lon="23.87856574729085">
        <ele>8.84</ele>
      </trkpt>
      <trkpt lat="40.795632507652044" lon="23.87832392938435">
        <ele>9.02</ele>
      </trkpt>
      <trkpt lat="40.795854879543185" lon="23.87808202765882">
        <ele>9.15</ele>
      </trkpt>
      <trkpt lat="40.79607733525336" lon="23.877840042114258">
        <ele>9.25</ele>
      </trkpt>
      <trkpt lat="40.796309765428305" lon="23.877589674666524">
        <ele>9.36</ele>
      </trkpt>
      <trkpt lat="40.79654219560325" lon="23.87733939103782">
        <ele>9.47</ele>
      </trkpt>
      <trkpt lat="40.7967746257782" lon="23.87708910740912">
        <ele>9.57</ele>
      </trkpt>
      <trkpt lat="40.797007055953145" lon="23.876838739961386">
        <ele>9.73</ele>
      </trkpt>
      <trkpt lat="40.79723948612809" lon="23.876588456332684">
        <ele>9.78</ele>
      </trkpt>
      <trkpt lat="40.79747200012207" lon="23.87633808888495">
        <ele>9.8</ele>
      </trkpt>
      <trkpt lat="40.79770443029702" lon="23.876087805256248">
        <ele>9.83</ele>
      </trkpt>
      <trkpt lat="40.797936860471964" lon="23.875837521627545">
        <ele>9.85</ele>
      </trkpt>
      <trkpt lat="40.79816929064691" lon="23.87558715417981">
        <ele>9.9</ele>
      </trkpt>
      <trkpt lat="40.79840172082186" lon="23.87533687055111">
        <ele>9.95</ele>
      </trkpt>
      <trkpt lat="40.798634150996804" lon="23.875086503103375">
        <ele>10.03</ele>
      </trkpt>
      <trkpt lat="40.79886666499078" lon="23.874836219474673">
        <ele>10.03</ele>
      </trkpt>
      <trkpt lat="40.79909909516573" lon="23.87458593584597">
        <ele>10.0</ele>
      </trkpt>
      <trkpt lat="40.799331525340676" lon="23.874335568398237">
        <ele>10.0</ele>
      </trkpt>
      <trkpt lat="40.79956395551562" lon="23.874085284769535">
        <ele>10.03</ele>
      </trkpt>
      <trkpt lat="40.79979638569057" lon="23.8738349173218">
        <ele>10.07</ele>
      </trkpt>
      <trkpt lat="40.80002889968455" lon="23.8735846336931">
        <ele>10.09</ele>
      </trkpt>
      <trkpt lat="40.80026149749756" lon="23.87333393096924">
        <ele>10.1</ele>
      </trkpt>
      <trkpt lat="40.80039024353027" lon="23.873205184936523">
        <ele>10.15</ele>
      </trkpt>
      <trkpt lat="40.800390327349305" lon="23.873205184936523">
        <ele>10.18</ele>
      </trkpt>
      <trkpt lat="40.80062032677233" lon="23.872953644022346">
        <ele>10.24</ele>
      </trkpt>
      <trkpt lat="40.80085041001439" lon="23.872702103108168">
        <ele>10.26</ele>
      </trkpt>
      <trkpt lat="40.80108049325645" lon="23.87245064601302">
        <ele>10.32</ele>
      </trkpt>
      <trkpt lat="40.80131057649851" lon="23.872199105098844">
        <ele>10.38</ele>
      </trkpt>
      <trkpt lat="40.80154065974057" lon="23.871947564184666">
        <ele>10.41</ele>
      </trkpt>
      <trkpt lat="40.801770659163594" lon="23.87169610708952">
        <ele>10.44</ele>
      </trkpt>
      <trkpt lat="40.80200074240565" lon="23.87144456617534">
        <ele>10.47</ele>
      </trkpt>
      <trkpt lat="40.80223082564771" lon="23.871193025261164">
        <ele>10.53</ele>
      </trkpt>
      <trkpt lat="40.80246090888977" lon="23.870941484346986">
        <ele>10.59</ele>
      </trkpt>
      <trkpt lat="40.80269099213183" lon="23.87069002725184">
        <ele>10.66</ele>
      </trkpt>
      <trkpt lat="40.802920991554856" lon="23.87043848633766">
        <ele>10.73</ele>
      </trkpt>
      <trkpt lat="40.803151074796915" lon="23.870186945423484">
        <ele>10.84</ele>
      </trkpt>
      <trkpt lat="40.803381158038974" lon="23.869935488328338">
        <ele>10.91</ele>
      </trkpt>
      <trkpt lat="40.80361124128103" lon="23.86968394741416">
        <ele>10.97</ele>
      </trkpt>
      <trkpt lat="40.80384132452309" lon="23.869432406499982">
        <ele>11.05</ele>
      </trkpt>
      <trkpt lat="40.80407132394612" lon="23.869180865585804">
        <ele>11.13</ele>
      </trkpt>
      <trkpt lat="40.80430140718818" lon="23.868929324671626">
        <ele>11.27</ele>
      </trkpt>
      <trkpt lat="40.80453157424927" lon="23.868677616119385">
        <ele>11.38</ele>
      </trkpt>
      <trkpt lat="40.80473550595343" lon="23.868398498743773">
        <ele>11.55</ele>
      </trkpt>
      <trkpt lat="40.80493927001953" lon="23.868119716644287">
        <ele>11.67</ele>
      </trkpt>
      <trkpt lat="40.805132472887635" lon="23.86780715547502">
        <ele>11.8</ele>
      </trkpt>
      <trkpt lat="40.80532575957477" lon="23.867494594305754">
        <ele>11.96</ele>
      </trkpt>
      <trkpt lat="40.80551904626191" lon="23.867182033136487">
        <ele>12.09</ele>
      </trkpt>
      <trkpt lat="40.80571233294904" lon="23.86686947196722">
        <ele>12.16</ele>
      </trkpt>
      <trkpt lat="40.80590561963618" lon="23.866556910797954">
        <ele>12.23</ele>
      </trkpt>
      <trkpt lat="40.80609882250428" lon="23.866244349628687">
        <ele>12.29</ele>
      </trkpt>
      <trkpt lat="40.80629210919142" lon="23.86593178845942">
        <ele>12.37</ele>
      </trkpt>
      <trkpt lat="40.80648539587855" lon="23.865619311109185">
        <ele>12.44</ele>
      </trkpt>
      <trkpt lat="40.80667742528021" lon="23.86530876159668">
        <ele>12.46</ele>
      </trkpt>
      <trkpt lat="40.80685277469456" lon="23.865025956183672">
        <ele>12.45</ele>
      </trkpt>
      <trkpt lat="40.80702812410891" lon="23.864743234589696">
        <ele>12.42</ele>
      </trkpt>
      <trkpt lat="40.80720347352326" lon="23.86446051299572">
        <ele>12.42</ele>
      </trkpt>
      <trkpt lat="40.80737882293761" lon="23.864177791401744">
        <ele>12.4</ele>
      </trkpt>
      <trkpt lat="40.807554172351956" lon="23.863895069807768">
        <ele>12.37</ele>
      </trkpt>
      <trkpt lat="40.80772876739502" lon="23.863613605499268">
        <ele>12.34</ele>
      </trkpt>
      <trkpt lat="40.807916605845094" lon="23.863312946632504">
        <ele>12.3</ele>
      </trkpt>
      <trkpt lat="40.8081045281142" lon="23.86301228776574">
        <ele>12.27</ele>
      </trkpt>
      <trkpt lat="40.808292366564274" lon="23.86271171271801">
        <ele>12.22</ele>
      </trkpt>
      <trkpt lat="40.80847978591919" lon="23.862411975860596">
        <ele>12.18</ele>
      </trkpt>
      <trkpt lat="40.808608615770936" lon="23.86217569001019">
        <ele>12.15</ele>
      </trkpt>
      <trkpt lat="40.80873727798462" lon="23.861939907073975">
        <ele>12.12</ele>
      </trkpt>
      <trkpt lat="40.80883392132819" lon="23.861724995076656">
        <ele>12.11</ele>
      </trkpt>
      <trkpt lat="40.80893039703369" lon="23.861510753631592">
        <ele>12.1</ele>
      </trkpt>
      <trkpt lat="40.80900558270514" lon="23.861285028979182">
        <ele>12.16</ele>
      </trkpt>
      <trkpt lat="40.809080600738525" lon="23.86106014251709">
        <ele>12.21</ele>
      </trkpt>
      <trkpt lat="40.80908068455756" lon="23.86106014251709">
        <ele>12.24</ele>
      </trkpt>
      <trkpt lat="40.80918378196657" lon="23.86072050780058">
        <ele>12.3</ele>
      </trkpt>
      <trkpt lat="40.80928696319461" lon="23.86038087308407">
        <ele>12.41</ele>
      </trkpt>
      <trkpt lat="40.80939014442265" lon="23.860041238367558">
        <ele>12.5</ele>
      </trkpt>
      <trkpt lat="40.80949332565069" lon="23.859701603651047">
        <ele>12.56</ele>
      </trkpt>
      <trkpt lat="40.809595584869385" lon="23.859364986419678">
        <ele>12.57</ele>
      </trkpt>
      <trkpt lat="40.809703040868044" lon="23.859035409986973">
        <ele>12.62</ele>
      </trkpt>
      <trkpt lat="40.8098104968667" lon="23.858705833554268">
        <ele>12.65</ele>
      </trkpt>
      <trkpt lat="40.809917533770204" lon="23.858377933502197">
        <ele>12.76</ele>
      </trkpt>
      <trkpt lat="40.80998182296753" lon="23.858184814453125">
        <ele>12.79</ele>
      </trkpt>
      <trkpt lat="40.81009464338422" lon="23.857819363474846">
        <ele>12.79</ele>
      </trkpt>
      <trkpt lat="40.81020754761994" lon="23.8574539963156">
        <ele>12.81</ele>
      </trkpt>
      <trkpt lat="40.81032036803663" lon="23.85708854533732">
        <ele>12.79</ele>
      </trkpt>
      <trkpt lat="40.81043251790106" lon="23.856725692749023">
        <ele>12.77</ele>
      </trkpt>
      <trkpt lat="40.81050770357251" lon="23.856489239260554">
        <ele>12.75</ele>
      </trkpt>
      <trkpt lat="40.8105827216059" lon="23.856253623962402">
        <ele>12.75</ele>
      </trkpt>
      <trkpt lat="40.81063644960523" lon="23.85602781549096">
        <ele>12.7</ele>
      </trkpt>
      <trkpt lat="40.81069000996649" lon="23.8558030128479">
        <ele>12.66</ele>
      </trkpt>
      <trkpt lat="40.81074365414679" lon="23.85557720437646">
        <ele>12.57</ele>
      </trkpt>
      <trkpt lat="40.81079721450806" lon="23.8553524017334">
        <ele>12.44</ele>
      </trkpt>
      <trkpt lat="40.81084021367133" lon="23.854993991553783">
        <ele>12.3</ele>
      </trkpt>
      <trkpt lat="40.8108832128346" lon="23.85463558137417">
        <ele>12.23</ele>
      </trkpt>
      <trkpt lat="40.8109260443598" lon="23.85427951812744">
        <ele>12.15</ele>
      </trkpt>
      <trkpt lat="40.81093677319586" lon="23.853870816528797">
        <ele>12.04</ele>
      </trkpt>
      <trkpt lat="40.81094750203192" lon="23.853464126586914">
        <ele>11.9</ele>
      </trkpt>
      <trkpt lat="40.81094750203192" lon="23.853185176849365">
        <ele>11.77</ele>
      </trkpt>
      <trkpt lat="40.81094741821289" lon="23.85307788848877">
        <ele>11.64</ele>
      </trkpt>
      <trkpt lat="40.81094741821289" lon="23.852733727544546">
        <ele>11.5</ele>
      </trkpt>
      <trkpt lat="40.81094750203192" lon="23.852391242980957">
        <ele>11.33</ele>
      </trkpt>
      <trkpt lat="40.81092596054077" lon="23.852068623527884">
        <ele>11.16</ele>
      </trkpt>
      <trkpt lat="40.81090441904962" lon="23.851746004074812">
        <ele>11.03</ele>
      </trkpt>
      <trkpt lat="40.810883129015565" lon="23.851425647735596">
        <ele>10.87</ele>
      </trkpt>
      <trkpt lat="40.810850858688354" lon="23.851221296936274">
        <ele>10.72</ele>
      </trkpt>
      <trkpt lat="40.81081875599921" lon="23.851017951965332">
        <ele>10.54</ele>
      </trkpt>
      <trkpt lat="40.81079729832709" lon="23.85061025619507">
        <ele>10.34</ele>
      </trkpt>
      <trkpt lat="40.81079721450806" lon="23.85061025619507">
        <ele>10.15</ele>
      </trkpt>
      <trkpt lat="40.810754131525755" lon="23.850207002833486">
        <ele>9.97</ele>
      </trkpt>
      <trkpt lat="40.810711132362485" lon="23.849803749471903">
        <ele>9.77</ele>
      </trkpt>
      <trkpt lat="40.810668133199215" lon="23.849400579929352">
        <ele>9.52</ele>
      </trkpt>
      <trkpt lat="40.8106255531311" lon="23.849000930786133">
        <ele>9.28</ele>
      </trkpt>
      <trkpt lat="40.81059328280389" lon="23.84878585115075">
        <ele>9.06</ele>
      </trkpt>
      <trkpt lat="40.810561180114746" lon="23.84857177734375">
        <ele>8.85</ele>
      </trkpt>
      <trkpt lat="40.810507368296385" lon="23.84834596887231">
        <ele>8.65</ele>
      </trkpt>
      <trkpt lat="40.81045389175415" lon="23.848121166229248">
        <ele>8.45</ele>
      </trkpt>
      <trkpt lat="40.81038935109973" lon="23.847906170412898">
        <ele>8.24</ele>
      </trkpt>
      <trkpt lat="40.810325145721436" lon="23.847692012786865">
        <ele>8.03</ele>
      </trkpt>
      <trkpt lat="40.81016396172345" lon="23.8473482709378">
        <ele>7.84</ele>
      </trkpt>
      <trkpt lat="40.81000328063965" lon="23.847005367279053">
        <ele>7.64</ele>
      </trkpt>
      <trkpt lat="40.80981711857021" lon="23.846697499975562">
        <ele>7.5</ele>
      </trkpt>
      <trkpt lat="40.8096310403198" lon="23.846389716491103">
        <ele>7.36</ele>
      </trkpt>
      <trkpt lat="40.80944487825036" lon="23.846081933006644">
        <ele>7.17</ele>
      </trkpt>
      <trkpt lat="40.80925879999995" lon="23.845774149522185">
        <ele>6.98</ele>
      </trkpt>
      <trkpt lat="40.809072721749544" lon="23.845466282218695">
        <ele>6.82</ele>
      </trkpt>
      <trkpt lat="40.80888748168945" lon="23.845160007476807">
        <ele>6.66</ele>
      </trkpt>
      <trkpt lat="40.80871137790382" lon="23.844872172921896">
        <ele>6.52</ele>
      </trkpt>
      <trkpt lat="40.808535274118185" lon="23.844584422186017">
        <ele>6.36</ele>
      </trkpt>
      <trkpt lat="40.80835925415158" lon="23.844296671450138">
        <ele>6.21</ele>
      </trkpt>
      <trkpt lat="40.80818315036595" lon="23.84400892071426">
        <ele>6.06</ele>
      </trkpt>
      <trkpt lat="40.8080078009516" lon="23.843722343444824">
        <ele>5.91</ele>
      </trkpt>
      <trkpt lat="40.80783613957465" lon="23.843421936035156">
        <ele>5.81</ele>
      </trkpt>
      <trkpt lat="40.80765358172357" lon="23.84313921444118">
        <ele>5.69</ele>
      </trkpt>
      <trkpt lat="40.807471023872495" lon="23.842856492847204">
        <ele>5.58</ele>
      </trkpt>
      <trkpt lat="40.80728854984045" lon="23.842573771253228">
        <ele>5.5</ele>
      </trkpt>
      <trkpt lat="40.807105991989374" lon="23.842291049659252">
        <ele>5.47</ele>
      </trkpt>
      <trkpt lat="40.80692351795733" lon="23.842008328065276">
        <ele>5.49</ele>
      </trkpt>
      <trkpt lat="40.80674171447754" lon="23.841726779937744">
        <ele>5.52</ele>
      </trkpt>
      <trkpt lat="40.80649855546653" lon="23.841512203216553">
        <ele>5.51</ele>
      </trkpt>
      <trkpt lat="40.80625548027456" lon="23.841297710314393">
        <ele>5.53</ele>
      </trkpt>
      <trkpt lat="40.80601215362549" lon="23.84108304977417">
        <ele>5.6</ele>
      </trkpt>
      <trkpt lat="40.80603361129761" lon="23.840911388397217">
        <ele>5.63</ele>
      </trkpt>
      <trkpt lat="40.80596923828125" lon="23.84082555770874">
        <ele>5.71</ele>
      </trkpt>
      <trkpt lat="40.805883491411805" lon="23.84080410003662">
        <ele>5.8</ele>
      </trkpt>
      <trkpt lat="40.8057975769043" lon="23.840932846069336">
        <ele>5.93</ele>
      </trkpt>
      <trkpt lat="40.8057975769043" lon="23.84104013442993">
        <ele>6.03</ele>
      </trkpt>
      <trkpt lat="40.80560470931232" lon="23.841136526316404">
        <ele>6.17</ele>
      </trkpt>
      <trkpt lat="40.805411422625184" lon="23.841233253479004">
        <ele>6.25</ele>
      </trkpt>
      <trkpt lat="40.80519684590399" lon="23.841254711151123">
        <ele>6.3</ele>
      </trkpt>
      <trkpt lat="40.80489685758948" lon="23.84126535616815">
        <ele>6.34</ele>
      </trkpt>
      <trkpt lat="40.804596953094006" lon="23.84127608500421">
        <ele>6.44</ele>
      </trkpt>
      <trkpt lat="40.80429704859853" lon="23.84128681384027">
        <ele>6.66</ele>
      </trkpt>
      <trkpt lat="40.80399521626532" lon="23.84129762649536">
        <ele>6.95</ele>
      </trkpt>
      <trkpt lat="40.80369472503662" lon="23.84131908416748">
        <ele>7.33</ele>
      </trkpt>
      <trkpt lat="40.803565979003906" lon="23.841404914855957">
        <ele>7.54</ele>
      </trkpt>
      <trkpt lat="40.80348014831543" lon="23.841512203216553">
        <ele>7.62</ele>
      </trkpt>
      <trkpt lat="40.80339431762695" lon="23.841726779937744">
        <ele>7.62</ele>
      </trkpt>
      <trkpt lat="40.80330848693848" lon="23.842027187347412">
        <ele>7.58</ele>
      </trkpt>
      <trkpt lat="40.80324411392212" lon="23.84232759475708">
        <ele>7.61</ele>
      </trkpt>
      <trkpt lat="40.80316004343331" lon="23.84231544099748">
        <ele>7.67</ele>
      </trkpt>
      <trkpt lat="40.80315861850977" lon="23.842315273359418">
        <ele>7.69</ele>
      </trkpt>
      <trkpt lat="40.8031571097672" lon="23.842315105721354">
        <ele>7.71</ele>
      </trkpt>
      <trkpt lat="40.80315568484366" lon="23.84231493808329">
        <ele>7.7</ele>
      </trkpt>
      <trkpt lat="40.80315409228206" lon="23.842314770445228">
        <ele>7.68</ele>
      </trkpt>
      <trkpt lat="40.80324411392212" lon="23.84232759475708">
        <ele>7.61</ele>
      </trkpt>
      <trkpt lat="40.80330848693848" lon="23.842027187347412">
        <ele>7.58</ele>
      </trkpt>
      <trkpt lat="40.80339431762695" lon="23.841726779937744">
        <ele>7.62</ele>
      </trkpt>
      <trkpt lat="40.80348014831543" lon="23.841512203216553">
        <ele>7.62</ele>
      </trkpt>
      <trkpt lat="40.803565979003906" lon="23.841404914855957">
        <ele>7.54</ele>
      </trkpt>
      <trkpt lat="40.80369472503662" lon="23.84131908416748">
        <ele>7.33</ele>
      </trkpt>
      <trkpt lat="40.80399521626532" lon="23.84129762649536">
        <ele>6.95</ele>
      </trkpt>
      <trkpt lat="40.8042951207608" lon="23.8412868976593">
        <ele>6.59</ele>
      </trkpt>
      <trkpt lat="40.804595025256276" lon="23.841276168823242">
        <ele>6.34</ele>
      </trkpt>
      <trkpt lat="40.804894929751754" lon="23.841265439987183">
        <ele>6.19</ele>
      </trkpt>
      <trkpt lat="40.80519684590399" lon="23.841254711151123">
        <ele>6.3</ele>
      </trkpt>
      <trkpt lat="40.805411422625184" lon="23.841233253479004">
        <ele>6.25</ele>
      </trkpt>
      <trkpt lat="40.80560420639813" lon="23.8411367777735">
        <ele>5.84</ele>
      </trkpt>
      <trkpt lat="40.8057975769043" lon="23.84104013442993">
        <ele>6.03</ele>
      </trkpt>
      <trkpt lat="40.80588340759277" lon="23.841125965118408">
        <ele>5.41</ele>
      </trkpt>
      <trkpt lat="40.80601215362549" lon="23.84108304977417">
        <ele>5.6</ele>
      </trkpt>
      <trkpt lat="40.80603361129761" lon="23.840911388397217">
        <ele>5.63</ele>
      </trkpt>
      <trkpt lat="40.80596923828125" lon="23.84082555770874">
        <ele>5.71</ele>
      </trkpt>
      <trkpt lat="40.80588340759277" lon="23.84080410003662">
        <ele>4.62</ele>
      </trkpt>
      <trkpt lat="40.80582959577441" lon="23.84055683389306">
        <ele>4.42</ele>
      </trkpt>
      <trkpt lat="40.80577611923218" lon="23.84031057357788">
        <ele>4.23</ele>
      </trkpt>
      <trkpt lat="40.80573320388794" lon="23.839967250823975">
        <ele>4.04</ele>
      </trkpt>
      <trkpt lat="40.80575466156006" lon="23.83979558944702">
        <ele>3.87</ele>
      </trkpt>
      <trkpt lat="40.805862033739686" lon="23.839495182037354">
        <ele>3.74</ele>
      </trkpt>
      <trkpt lat="40.80599086359143" lon="23.839194355532527">
        <ele>3.57</ele>
      </trkpt>
      <trkpt lat="40.806119441986084" lon="23.838894367218018">
        <ele>3.41</ele>
      </trkpt>
      <trkpt lat="40.80620535649359" lon="23.83859395980835">
        <ele>3.26</ele>
      </trkpt>
      <trkpt lat="40.80624827183783" lon="23.838260611519217">
        <ele>3.08</ele>
      </trkpt>
      <trkpt lat="40.80629110336304" lon="23.837928771972656">
        <ele>2.93</ele>
      </trkpt>
      <trkpt lat="40.806366289034486" lon="23.837681505829096">
        <ele>2.79</ele>
      </trkpt>
      <trkpt lat="40.80644130706787" lon="23.837435245513916">
        <ele>2.67</ele>
      </trkpt>
      <trkpt lat="40.806609531864524" lon="23.83710223250091">
        <ele>2.55</ele>
      </trkpt>
      <trkpt lat="40.80677784048021" lon="23.836769303306937">
        <ele>2.46</ele>
      </trkpt>
      <trkpt lat="40.80694606527686" lon="23.836436374112964">
        <ele>2.31</ele>
      </trkpt>
      <trkpt lat="40.807114373892546" lon="23.83610344491899">
        <ele>2.18</ele>
      </trkpt>
      <trkpt lat="40.8072825986892" lon="23.835770431905985">
        <ele>2.06</ele>
      </trkpt>
      <trkpt lat="40.80744981765747" lon="23.835439682006836">
        <ele>1.95</ele>
      </trkpt>
      <trkpt lat="40.80762860365212" lon="23.835217896848917">
        <ele>1.88</ele>
      </trkpt>
      <trkpt lat="40.8078074734658" lon="23.834996111690998">
        <ele>1.82</ele>
      </trkpt>
      <trkpt lat="40.80798625946045" lon="23.834774494171143">
        <ele>1.77</ele>
      </trkpt>
      <trkpt lat="40.80823293887079" lon="23.834520606324077">
        <ele>1.74</ele>
      </trkpt>
      <trkpt lat="40.80847970210016" lon="23.83426671847701">
        <ele>1.7</ele>
      </trkpt>
      <trkpt lat="40.808726381510496" lon="23.834012830629945">
        <ele>1.65</ele>
      </trkpt>
      <trkpt lat="40.808973144739866" lon="23.83375894278288">
        <ele>1.65</ele>
      </trkpt>
      <trkpt lat="40.809219907969236" lon="23.833505054935813">
        <ele>1.64</ele>
      </trkpt>
      <trkpt lat="40.80946683883667" lon="23.833250999450684">
        <ele>1.64</ele>
      </trkpt>
      <trkpt lat="40.809707064181566" lon="23.833036422729492">
        <ele>1.68</ele>
      </trkpt>
      <trkpt lat="40.80994728952646" lon="23.832821929827332">
        <ele>1.73</ele>
      </trkpt>
      <trkpt lat="40.81018751487136" lon="23.832607436925173">
        <ele>1.77</ele>
      </trkpt>
      <trkpt lat="40.810427740216255" lon="23.832392944023013">
        <ele>1.81</ele>
      </trkpt>
      <trkpt lat="40.81066846847534" lon="23.832178115844727">
        <ele>1.87</ele>
      </trkpt>
      <trkpt lat="40.81091506406665" lon="23.831995809450746">
        <ele>1.94</ele>
      </trkpt>
      <trkpt lat="40.81116199493408" lon="23.8318133354187">
        <ele>2.0</ele>
      </trkpt>
      <trkpt lat="40.81141001544893" lon="23.83165399543941">
        <ele>2.05</ele>
      </trkpt>
      <trkpt lat="40.811658119782805" lon="23.83149473927915">
        <ele>2.12</ele>
      </trkpt>
      <trkpt lat="40.81190622411668" lon="23.83133548311889">
        <ele>2.24</ele>
      </trkpt>
      <trkpt lat="40.81215432845056" lon="23.831176226958632">
        <ele>2.37</ele>
      </trkpt>
      <trkpt lat="40.812402348965406" lon="23.831016970798373">
        <ele>2.49</ele>
      </trkpt>
      <trkpt lat="40.812650453299284" lon="23.830857714638114">
        <ele>2.63</ele>
      </trkpt>
      <trkpt lat="40.81290006637573" lon="23.830697536468506">
        <ele>2.78</ele>
      </trkpt>
      <trkpt lat="40.813129814341664" lon="23.83051062002778">
        <ele>2.94</ele>
      </trkpt>
      <trkpt lat="40.813359562307596" lon="23.830323703587055">
        <ele>3.14</ele>
      </trkpt>
      <trkpt lat="40.81358939409256" lon="23.83013687096536">
        <ele>3.32</ele>
      </trkpt>
      <trkpt lat="40.81381914205849" lon="23.829949954524636">
        <ele>3.51</ele>
      </trkpt>
      <trkpt lat="40.814048973843455" lon="23.82976303808391">
        <ele>3.73</ele>
      </trkpt>
      <trkpt lat="40.81427872180939" lon="23.829576205462217">
        <ele>3.95</ele>
      </trkpt>
      <trkpt lat="40.81450939178467" lon="23.82938861846924">
        <ele>4.17</ele>
      </trkpt>
      <trkpt lat="40.8145094756037" lon="23.82938861846924">
        <ele>4.41</ele>
      </trkpt>
      <trkpt lat="40.81469169817865" lon="23.829227685928345">
        <ele>4.65</ele>
      </trkpt>
      <trkpt lat="40.81487417221069" lon="23.82906675338745">
        <ele>4.91</ele>
      </trkpt>
      <trkpt lat="40.815056478604674" lon="23.82886826992035">
        <ele>5.19</ele>
      </trkpt>
      <trkpt lat="40.81523886881769" lon="23.828669786453247">
        <ele>5.47</ele>
      </trkpt>
      <trkpt lat="40.8154212590307" lon="23.828471302986145">
        <ele>5.73</ele>
      </trkpt>
      <trkpt lat="40.815603733062744" lon="23.828272819519043">
        <ele>6.01</ele>
      </trkpt>
      <trkpt lat="40.81580548547208" lon="23.82799370214343">
        <ele>6.29</ele>
      </trkpt>
      <trkpt lat="40.816007321700454" lon="23.82771466858685">
        <ele>6.61</ele>
      </trkpt>
      <trkpt lat="40.81620907410979" lon="23.827435551211238">
        <ele>6.96</ele>
      </trkpt>
      <trkpt lat="40.81641091033816" lon="23.827156517654657">
        <ele>7.28</ele>
      </trkpt>
      <trkpt lat="40.816612327471375" lon="23.8268780708313">
        <ele>7.57</ele>
      </trkpt>
      <trkpt lat="40.816812654957175" lon="23.82659174501896">
        <ele>7.84</ele>
      </trkpt>
      <trkpt lat="40.817012982442975" lon="23.82630550302565">
        <ele>8.13</ele>
      </trkpt>
      <trkpt lat="40.81721305847168" lon="23.826019763946533">
        <ele>8.41</ele>
      </trkpt>
      <trkpt lat="40.817434675991535" lon="23.825801583006978">
        <ele>8.73</ele>
      </trkpt>
      <trkpt lat="40.81765637733042" lon="23.825583485886455">
        <ele>9.04</ele>
      </trkpt>
      <trkpt lat="40.81787807866931" lon="23.82536538876593">
        <ele>9.34</ele>
      </trkpt>
      <trkpt lat="40.8180997800082" lon="23.825147291645408">
        <ele>9.63</ele>
      </trkpt>
      <trkpt lat="40.81832139752805" lon="23.824929194524884">
        <ele>9.96</ele>
      </trkpt>
      <trkpt lat="40.818543434143066" lon="23.824710845947266">
        <ele>10.27</ele>
      </trkpt>
      <trkpt lat="40.818800926208496" lon="23.824517726898193">
        <ele>10.56</ele>
      </trkpt>
      <trkpt lat="40.819058418273926" lon="23.824496269226074">
        <ele>10.89</ele>
      </trkpt>
      <trkpt lat="40.819315910339355" lon="23.82462501525879">
        <ele>11.19</ele>
      </trkpt>
      <trkpt lat="40.81953752785921" lon="23.82483950816095">
        <ele>11.44</ele>
      </trkpt>
      <trkpt lat="40.8197592291981" lon="23.82505400106311">
        <ele>11.61</ele>
      </trkpt>
      <trkpt lat="40.81998109817505" lon="23.825268745422363">
        <ele>11.73</ele>
      </trkpt>
      <trkpt lat="40.820152759552" lon="23.825504779815674">
        <ele>11.89</ele>
      </trkpt>
      <trkpt lat="40.820310255512595" lon="23.825855646282434">
        <ele>12.13</ele>
      </trkpt>
      <trkpt lat="40.82046783529222" lon="23.826206596568227">
        <ele>12.3</ele>
      </trkpt>
      <trkpt lat="40.82062482833862" lon="23.82655620574951">
        <ele>12.46</ele>
      </trkpt>
      <trkpt lat="40.82076438702643" lon="23.826846219599247">
        <ele>12.52</ele>
      </trkpt>
      <trkpt lat="40.82090377807617" lon="23.82713556289673">
        <ele>12.51</ele>
      </trkpt>
      <trkpt lat="40.820903861895204" lon="23.82713556289673">
        <ele>12.56</ele>
      </trkpt>
      <trkpt lat="40.82106948830187" lon="23.827460780739784">
        <ele>12.54</ele>
      </trkpt>
      <trkpt lat="40.821235198527575" lon="23.82778608240187">
        <ele>12.54</ele>
      </trkpt>
      <trkpt lat="40.821400908753276" lon="23.828111300244927">
        <ele>12.56</ele>
      </trkpt>
      <trkpt lat="40.82156661897898" lon="23.828436601907015">
        <ele>12.58</ele>
      </trkpt>
      <trkpt lat="40.82173232920468" lon="23.828761903569102">
        <ele>12.47</ele>
      </trkpt>
      <trkpt lat="40.82189803943038" lon="23.82908720523119">
        <ele>12.39</ele>
      </trkpt>
      <trkpt lat="40.822062492370605" lon="23.829410076141357">
        <ele>12.34</ele>
      </trkpt>
      <trkpt lat="40.82223423756659" lon="23.82969992235303">
        <ele>12.23</ele>
      </trkpt>
      <trkpt lat="40.82240581512451" lon="23.829989433288574">
        <ele>12.08</ele>
      </trkpt>
      <trkpt lat="40.8226203918457" lon="23.830225467681885">
        <ele>11.91</ele>
      </trkpt>
      <trkpt lat="40.82284100353718" lon="23.83044607937336">
        <ele>11.76</ele>
      </trkpt>
      <trkpt lat="40.823061699047685" lon="23.830666774883866">
        <ele>11.63</ele>
      </trkpt>
      <trkpt lat="40.82328239455819" lon="23.83088738657534">
        <ele>11.46</ele>
      </trkpt>
      <trkpt lat="40.823503006249666" lon="23.831108082085848">
        <ele>11.31</ele>
      </trkpt>
      <trkpt lat="40.82372370176017" lon="23.831328777596354">
        <ele>11.17</ele>
      </trkpt>
      <trkpt lat="40.82394439727068" lon="23.83154938928783">
        <ele>10.96</ele>
      </trkpt>
      <trkpt lat="40.82416534423828" lon="23.831770420074463">
        <ele>10.77</ele>
      </trkpt>
      <trkpt lat="40.82432610914111" lon="23.831899082288146">
        <ele>10.58</ele>
      </trkpt>
      <trkpt lat="40.82448720932007" lon="23.832027912139893">
        <ele>10.4</ele>
      </trkpt>
      <trkpt lat="40.8247444499284" lon="23.83220175281167">
        <ele>10.22</ele>
      </trkpt>
      <trkpt lat="40.82500177435577" lon="23.83237567730248">
        <ele>10.04</ele>
      </trkpt>
      <trkpt lat="40.825259014964104" lon="23.83254960179329">
        <ele>9.85</ele>
      </trkpt>
      <trkpt lat="40.82551633939147" lon="23.8327235262841">
        <ele>9.64</ele>
      </trkpt>
      <trkpt lat="40.825773663818836" lon="23.832897366955876">
        <ele>9.42</ele>
      </trkpt>
      <trkpt lat="40.82603090442717" lon="23.833071291446686">
        <ele>9.19</ele>
      </trkpt>
      <trkpt lat="40.82628822885454" lon="23.833245215937495">
        <ele>8.93</ele>
      </trkpt>
      <trkpt lat="40.82654546946287" lon="23.833419140428305">
        <ele>8.7</ele>
      </trkpt>
      <trkpt lat="40.826804637908936" lon="23.83359432220459">
        <ele>8.56</ele>
      </trkpt>
      <trkpt lat="40.827008318156004" lon="23.83376589976251">
        <ele>8.44</ele>
      </trkpt>
      <trkpt lat="40.8272123336792" lon="23.833937644958496">
        <ele>8.24</ele>
      </trkpt>
      <trkpt lat="40.82742682658136" lon="23.834152137860656">
        <ele>8.02</ele>
      </trkpt>
      <trkpt lat="40.82764140330255" lon="23.834366714581847">
        <ele>7.79</ele>
      </trkpt>
      <trkpt lat="40.82785606384277" lon="23.83458137512207">
        <ele>7.58</ele>
      </trkpt>
      <trkpt lat="40.828049182891846" lon="23.8348388671875">
        <ele>7.39</ele>
      </trkpt>
      <trkpt lat="40.82817801274359" lon="23.83511781692505">
        <ele>7.16</ele>
      </trkpt>
      <trkpt lat="40.82824230194092" lon="23.83537530899048">
        <ele>6.9</ele>
      </trkpt>
      <trkpt lat="40.82824230194092" lon="23.835740089416504">
        <ele>6.65</ele>
      </trkpt>
      <trkpt lat="40.828206427395344" lon="23.836041083559394">
        <ele>6.43</ele>
      </trkpt>
      <trkpt lat="40.82817055284977" lon="23.836342161521316">
        <ele>6.2</ele>
      </trkpt>
      <trkpt lat="40.82813501358032" lon="23.836641311645508">
        <ele>5.97</ele>
      </trkpt>
      <trkpt lat="40.828135097399354" lon="23.837006092071533">
        <ele>5.78</ele>
      </trkpt>
      <trkpt lat="40.82819938659668" lon="23.837156295776367">
        <ele>5.6</ele>
      </trkpt>
      <trkpt lat="40.82826375961304" lon="23.837220668792725">
        <ele>5.41</ele>
      </trkpt>
      <trkpt lat="40.82837104797363" lon="23.8373064994812">
        <ele>5.21</ele>
      </trkpt>
      <trkpt lat="40.828628204762936" lon="23.837402891367674">
        <ele>4.98</ele>
      </trkpt>
      <trkpt lat="40.82888603210449" lon="23.837499618530273">
        <ele>4.78</ele>
      </trkpt>
      <trkpt lat="40.82897186279297" lon="23.83758544921875">
        <ele>4.63</ele>
      </trkpt>
      <trkpt lat="40.829079234972596" lon="23.837735652923584">
        <ele>4.51</ele>
      </trkpt>
      <trkpt lat="40.829100608825684" lon="23.837907314300537">
        <ele>4.44</ele>
      </trkpt>
      <trkpt lat="40.829089879989624" lon="23.838229849934578">
        <ele>4.43</ele>
      </trkpt>
      <trkpt lat="40.829079234972596" lon="23.83855104446411">
        <ele>4.41</ele>
      </trkpt>
      <trkpt lat="40.82907202653587" lon="23.838902246207">
        <ele>4.33</ele>
      </trkpt>
      <trkpt lat="40.82906481809914" lon="23.839253531768918">
        <ele>4.26</ele>
      </trkpt>
      <trkpt lat="40.829057693481445" lon="23.839604817330837">
        <ele>4.29</ele>
      </trkpt>
      <trkpt lat="40.82905048504472" lon="23.839956102892756">
        <ele>4.4</ele>
      </trkpt>
      <trkpt lat="40.82904327660799" lon="23.840307388454676">
        <ele>4.55</ele>
      </trkpt>
      <trkpt lat="40.829036235809326" lon="23.840653896331787">
        <ele>4.77</ele>
      </trkpt>
      <trkpt lat="40.82900572568178" lon="23.841050192713737">
        <ele>5.06</ele>
      </trkpt>
      <trkpt lat="40.82897521555424" lon="23.84144657291472">
        <ele>5.41</ele>
      </trkpt>
      <trkpt lat="40.82894470542669" lon="23.84184286929667">
        <ele>5.74</ele>
      </trkpt>
      <trkpt lat="40.82891419529915" lon="23.842239249497652">
        <ele>6.15</ele>
      </trkpt>
      <trkpt lat="40.828884188085794" lon="23.842627331614494">
        <ele>6.59</ele>
      </trkpt>
      <trkpt lat="40.828884188085794" lon="23.84262816980481">
        <ele>7.09</ele>
      </trkpt>
      <trkpt lat="40.828884188085794" lon="23.84262909181416">
        <ele>7.64</ele>
      </trkpt>
      <trkpt lat="40.828884188085794" lon="23.842629930004478">
        <ele>8.24</ele>
      </trkpt>
      <trkpt lat="40.82888410426676" lon="23.842631187289953">
        <ele>8.91</ele>
      </trkpt>
      <trkpt lat="40.82886348478496" lon="23.842898402363062">
        <ele>9.62</ele>
      </trkpt>
      <trkpt lat="40.828843116760254" lon="23.843164443969727">
        <ele>10.41</ele>
      </trkpt>
      <trkpt lat="40.828585624694824" lon="23.84305715560913">
        <ele>11.44</ele>
      </trkpt>
      <trkpt lat="40.82852125167847" lon="23.842949867248535">
        <ele>12.43</ele>
      </trkpt>
      <trkpt lat="40.82849979400635" lon="23.84282112121582">
        <ele>13.43</ele>
      </trkpt>
      <trkpt lat="40.8285282086581" lon="23.84251518175006">
        <ele>14.47</ele>
      </trkpt>
      <trkpt lat="40.82852837629616" lon="23.842514092102647">
        <ele>15.56</ele>
      </trkpt>
      <trkpt lat="40.828528543934226" lon="23.842513002455235">
        <ele>16.71</ele>
      </trkpt>
      <trkpt lat="40.82852871157229" lon="23.842511912807822">
        <ele>17.92</ele>
      </trkpt>
      <trkpt lat="40.82852887921035" lon="23.842510487884283">
        <ele>19.18</ele>
      </trkpt>
      <trkpt lat="40.828528963029385" lon="23.84251040406525">
        <ele>20.51</ele>
      </trkpt>
      <trkpt lat="40.828564167022705" lon="23.842134475708008">
        <ele>21.86</ele>
      </trkpt>
      <trkpt lat="40.828542709350586" lon="23.84181261062622">
        <ele>23.27</ele>
      </trkpt>
      <trkpt lat="40.82843542098999" lon="23.84161949157715">
        <ele>24.77</ele>
      </trkpt>
      <trkpt lat="40.828328216448426" lon="23.84157657623291">
        <ele>26.31</ele>
      </trkpt>
      <trkpt lat="40.82813501358032" lon="23.841683864593506">
        <ele>27.99</ele>
      </trkpt>
      <trkpt lat="40.827948935329914" lon="23.84191277436912">
        <ele>29.79</ele>
      </trkpt>
      <trkpt lat="40.82776294089854" lon="23.842141684144735">
        <ele>31.67</ele>
      </trkpt>
      <trkpt lat="40.827577114105225" lon="23.84237051010132">
        <ele>33.56</ele>
      </trkpt>
      <trkpt lat="40.82742691040039" lon="23.842456340789795">
        <ele>35.43</ele>
      </trkpt>
      <trkpt lat="40.82727670669556" lon="23.842391967773438">
        <ele>37.27</ele>
      </trkpt>
      <trkpt lat="40.827062129974365" lon="23.842188119888306">
        <ele>39.16</ele>
      </trkpt>
      <trkpt lat="40.826847553253174" lon="23.841984272003174">
        <ele>41.15</ele>
      </trkpt>
      <trkpt lat="40.82671872340143" lon="23.84181252680719">
        <ele>43.11</ele>
      </trkpt>
      <trkpt lat="40.826590061187744" lon="23.841640949249268">
        <ele>45.09</ele>
      </trkpt>
      <trkpt lat="40.82643985748291" lon="23.84161949157715">
        <ele>47.12</ele>
      </trkpt>
      <trkpt lat="40.826354110613465" lon="23.841662406921387">
        <ele>49.09</ele>
      </trkpt>
      <trkpt lat="40.82626819610596" lon="23.84185552597046">
        <ele>51.13</ele>
      </trkpt>
      <trkpt lat="40.82618244923651" lon="23.842198848724365">
        <ele>53.14</ele>
      </trkpt>
      <trkpt lat="40.826075077056885" lon="23.84256362915039">
        <ele>55.2</ele>
      </trkpt>
      <trkpt lat="40.82594624720514" lon="23.842756832018495">
        <ele>57.21</ele>
      </trkpt>
      <trkpt lat="40.8258187584579" lon="23.842947939410806">
        <ele>59.17</ele>
      </trkpt>
      <trkpt lat="40.82581792026758" lon="23.842949280515313">
        <ele>61.06</ele>
      </trkpt>
      <trkpt lat="40.825817584991455" lon="23.842949867248535">
        <ele>62.93</ele>
      </trkpt>
      <trkpt lat="40.82581775262952" lon="23.842950705438852">
        <ele>64.78</ele>
      </trkpt>
      <trkpt lat="40.82581825554371" lon="23.842952381819487">
        <ele>66.61</ele>
      </trkpt>
      <trkpt lat="40.82581884227693" lon="23.84295447729528">
        <ele>68.41</ele>
      </trkpt>
      <trkpt lat="40.82581884227693" lon="23.84295456111431">
        <ele>70.18</ele>
      </trkpt>
      <trkpt lat="40.82590341567993" lon="23.843271732330322">
        <ele>71.98</ele>
      </trkpt>
      <trkpt lat="40.82588195800781" lon="23.843443393707275">
        <ele>73.71</ele>
      </trkpt>
      <trkpt lat="40.825720857828856" lon="23.843754781410098">
        <ele>75.47</ele>
      </trkpt>
      <trkpt lat="40.82556017674506" lon="23.84406566619873">
        <ele>77.23</ele>
      </trkpt>
      <trkpt lat="40.82540972158313" lon="23.84438074193895">
        <ele>78.89</ele>
      </trkpt>
      <trkpt lat="40.82525935024023" lon="23.844695817679167">
        <ele>80.47</ele>
      </trkpt>
      <trkpt lat="40.825109565630555" lon="23.845009803771973">
        <ele>81.99</ele>
      </trkpt>
      <trkpt lat="40.8249484654516" lon="23.845299733802676">
        <ele>83.47</ele>
      </trkpt>
      <trkpt lat="40.82478770054877" lon="23.84558916091919">
        <ele>84.91</ele>
      </trkpt>
      <trkpt lat="40.82465157844126" lon="23.84585402905941">
        <ele>86.29</ele>
      </trkpt>
      <trkpt lat="40.82451554015279" lon="23.846118981018662">
        <ele>87.62</ele>
      </trkpt>
      <trkpt lat="40.82437992095947" lon="23.846383094787598">
        <ele>88.91</ele>
      </trkpt>
      <trkpt lat="40.82427380606532" lon="23.846577387303114">
        <ele>90.13</ele>
      </trkpt>
      <trkpt lat="40.824273051694036" lon="23.846578812226653">
        <ele>91.27</ele>
      </trkpt>
      <trkpt lat="40.82427229732275" lon="23.846580237150192">
        <ele>92.36</ele>
      </trkpt>
      <trkpt lat="40.824271626770496" lon="23.8465815782547">
        <ele>93.39</ele>
      </trkpt>
      <trkpt lat="40.82427070476115" lon="23.846583338454366">
        <ele>94.36</ele>
      </trkpt>
      <trkpt lat="40.82412242889404" lon="23.84685516357422">
        <ele>95.29</ele>
      </trkpt>
      <trkpt lat="40.82399343140423" lon="23.847166718915105">
        <ele>96.2</ele>
      </trkpt>
      <trkpt lat="40.82386493682861" lon="23.847477436065674">
        <ele>97.06</ele>
      </trkpt>
      <trkpt lat="40.823822021484375" lon="23.847692012786865">
        <ele>97.83</ele>
      </trkpt>
      <trkpt lat="40.823822021484375" lon="23.847885131835938">
        <ele>98.5</ele>
      </trkpt>
      <trkpt lat="40.82390785217285" lon="23.84805679321289">
        <ele>99.09</ele>
      </trkpt>
      <trkpt lat="40.82412242889404" lon="23.84834655560553">
        <ele>99.59</ele>
      </trkpt>
      <trkpt lat="40.824337005615234" lon="23.848636150360107">
        <ele>100.04</ele>
      </trkpt>
      <trkpt lat="40.824497854337096" lon="23.84876481257379">
        <ele>100.42</ele>
      </trkpt>
      <trkpt lat="40.82465895451605" lon="23.848893642425537">
        <ele>100.74</ele>
      </trkpt>
      <trkpt lat="40.824809074401855" lon="23.84906530380249">
        <ele>100.97</ele>
      </trkpt>
      <trkpt lat="40.82487344741821" lon="23.849215507507324">
        <ele>101.13</ele>
      </trkpt>
      <trkpt lat="40.82487344741821" lon="23.849387168884277">
        <ele>101.21</ele>
      </trkpt>
      <trkpt lat="40.824809074401855" lon="23.84958028793335">
        <ele>101.26</ele>
      </trkpt>
      <trkpt lat="40.82470220513642" lon="23.849825207144022">
        <ele>101.31</ele>
      </trkpt>
      <trkpt lat="40.82459818571806" lon="23.850063337013125">
        <ele>101.22</ele>
      </trkpt>
      <trkpt lat="40.82459759898484" lon="23.850064929574728">
        <ele>101.01</ele>
      </trkpt>
      <trkpt lat="40.824597012251616" lon="23.8500664383173">
        <ele>100.71</ele>
      </trkpt>
      <trkpt lat="40.824596509337425" lon="23.850067779421806">
        <ele>100.34</ele>
      </trkpt>
      <trkpt lat="40.82459575496614" lon="23.850069623440504">
        <ele>99.88</ele>
      </trkpt>
      <trkpt lat="40.82444429397583" lon="23.850417137145996">
        <ele>99.37</ele>
      </trkpt>
      <trkpt lat="40.82430465146899" lon="23.85066406801343">
        <ele>98.83</ele>
      </trkpt>
      <trkpt lat="40.82416534423828" lon="23.850910663604736">
        <ele>98.08</ele>
      </trkpt>
      <trkpt lat="40.82403634674847" lon="23.851232947781682">
        <ele>97.23</ele>
      </trkpt>
      <trkpt lat="40.82390743307769" lon="23.85155531577766">
        <ele>96.32</ele>
      </trkpt>
      <trkpt lat="40.823778519406915" lon="23.851877599954605">
        <ele>95.33</ele>
      </trkpt>
      <trkpt lat="40.82365036010742" lon="23.852198123931885">
        <ele>94.23</ele>
      </trkpt>
      <trkpt lat="40.82351432181895" lon="23.85242711752653">
        <ele>93.2</ele>
      </trkpt>
      <trkpt lat="40.823378283530474" lon="23.85265619494021">
        <ele>92.06</ele>
      </trkpt>
      <trkpt lat="40.82324266433716" lon="23.852884769439697">
        <ele>90.8</ele>
      </trkpt>
      <trkpt lat="40.82313537597656" lon="23.853185176849365">
        <ele>89.49</ele>
      </trkpt>
      <trkpt lat="40.82311391830444" lon="23.853399753570557">
        <ele>88.13</ele>
      </trkpt>
      <trkpt lat="40.823114002123475" lon="23.85359287261963">
        <ele>86.71</ele>
      </trkpt>
      <trkpt lat="40.82311391830444" lon="23.85359287261963">
        <ele>85.31</ele>
      </trkpt>
      <trkpt lat="40.82318214699626" lon="23.853577533736825">
        <ele>83.85</ele>
      </trkpt>
      <trkpt lat="40.823183823376894" lon="23.853577198460698">
        <ele>82.35</ele>
      </trkpt>
      <trkpt lat="40.82318558357656" lon="23.85357686318457">
        <ele>80.8</ele>
      </trkpt>
      <trkpt lat="40.82318717613816" lon="23.853576527908444">
        <ele>79.2</ele>
      </trkpt>
      <trkpt lat="40.823189187794924" lon="23.853576108813286">
        <ele>77.56</ele>
      </trkpt>
      <trkpt lat="40.82334442064166" lon="23.85354157537222">
        <ele>75.86</ele>
      </trkpt>
      <trkpt lat="40.82350015640259" lon="23.853507041931152">
        <ele>74.07</ele>
      </trkpt>
      <trkpt lat="40.82371439784765" lon="23.85347125120461">
        <ele>72.17</ele>
      </trkpt>
      <trkpt lat="40.82392863929272" lon="23.8534355442971">
        <ele>70.28</ele>
      </trkpt>
      <trkpt lat="40.82414388656616" lon="23.853399753570557">
        <ele>68.4</ele>
      </trkpt>
      <trkpt lat="40.82433675415814" lon="23.85334610939026">
        <ele>66.52</ele>
      </trkpt>
      <trkpt lat="40.82453020848334" lon="23.85329246520996">
        <ele>64.63</ele>
      </trkpt>
      <trkpt lat="40.824712263420224" lon="23.853271007537842">
        <ele>62.72</ele>
      </trkpt>
      <trkpt lat="40.82489490509033" lon="23.853249549865723">
        <ele>60.79</ele>
      </trkpt>
      <trkpt lat="40.82517335191369" lon="23.853263799101114">
        <ele>58.84</ele>
      </trkpt>
      <trkpt lat="40.82545188255608" lon="23.853278048336506">
        <ele>56.89</ele>
      </trkpt>
      <trkpt lat="40.82573175430298" lon="23.85329246520996">
        <ele>54.91</ele>
      </trkpt>
      <trkpt lat="40.825892351567745" lon="23.85329246520996">
        <ele>52.91</ele>
      </trkpt>
      <trkpt lat="40.826053619384766" lon="23.85329246520996">
        <ele>50.83</ele>
      </trkpt>
      <trkpt lat="40.826311111450195" lon="23.853206634521484">
        <ele>48.78</ele>
      </trkpt>
      <trkpt lat="40.82658972591162" lon="23.853056514635682">
        <ele>46.79</ele>
      </trkpt>
      <trkpt lat="40.82686901092529" lon="23.852906227111816">
        <ele>44.72</ele>
      </trkpt>
      <trkpt lat="40.82708342000842" lon="23.852734649553895">
        <ele>42.61</ele>
      </trkpt>
      <trkpt lat="40.82729791291058" lon="23.852563071995974">
        <ele>40.5</ele>
      </trkpt>
      <trkpt lat="40.82751240581274" lon="23.852391494438052">
        <ele>38.36</ele>
      </trkpt>
      <trkpt lat="40.82772740162909" lon="23.852219581604004">
        <ele>36.3</ele>
      </trkpt>
      <trkpt lat="40.82793108187616" lon="23.852053368464112">
        <ele>34.27</ele>
      </trkpt>
      <trkpt lat="40.82813476212323" lon="23.85188715532422">
        <ele>32.3</ele>
      </trkpt>
      <trkpt lat="40.82833852618933" lon="23.85172094218433">
        <ele>30.37</ele>
      </trkpt>
      <trkpt lat="40.828542709350586" lon="23.85155439376831">
        <ele>28.52</ele>
      </trkpt>
      <trkpt lat="40.8286820165813" lon="23.851447105407715">
        <ele>26.73</ele>
      </trkpt>
      <trkpt lat="40.828821659088135" lon="23.85133981704712">
        <ele>25.02</ele>
      </trkpt>
      <trkpt lat="40.829079151153564" lon="23.851253986358643">
        <ele>23.31</ele>
      </trkpt>
      <trkpt lat="40.82926120609045" lon="23.851200342178345">
        <ele>21.7</ele>
      </trkpt>
      <trkpt lat="40.82944393157959" lon="23.851146697998047">
        <ele>20.16</ele>
      </trkpt>
      <trkpt lat="40.82974433898926" lon="23.851125240325928">
        <ele>18.71</ele>
      </trkpt>
      <trkpt lat="40.829905020073056" lon="23.851157343015075">
        <ele>17.33</ele>
      </trkpt>
      <trkpt lat="40.830066204071045" lon="23.851189613342285">
        <ele>16.02</ele>
      </trkpt>
      <trkpt lat="40.83028044551611" lon="23.85126454755664">
        <ele>14.77</ele>
      </trkpt>
      <trkpt lat="40.83049535751343" lon="23.85133981704712">
        <ele>13.6</ele>
      </trkpt>
      <trkpt lat="40.83067758008838" lon="23.85146839544177">
        <ele>12.51</ele>
      </trkpt>
      <trkpt lat="40.83086013793945" lon="23.85159730911255">
        <ele>11.49</ele>
      </trkpt>
      <trkpt lat="40.83108376711607" lon="23.851808700710535">
        <ele>10.51</ele>
      </trkpt>
      <trkpt lat="40.83130748011172" lon="23.852020176127553">
        <ele>9.59</ele>
      </trkpt>
      <trkpt lat="40.83153119310737" lon="23.85223165154457">
        <ele>8.76</ele>
      </trkpt>
      <trkpt lat="40.831754906103015" lon="23.852443043142557">
        <ele>8.05</ele>
      </trkpt>
      <trkpt lat="40.83197861909866" lon="23.852654518559575">
        <ele>7.38</ele>
      </trkpt>
      <trkpt lat="40.83220233209431" lon="23.852865993976593">
        <ele>6.82</ele>
      </trkpt>
      <trkpt lat="40.83242654800415" lon="23.85307788848877">
        <ele>6.31</ele>
      </trkpt>
      <trkpt lat="40.83261237479746" lon="23.853235132992268">
        <ele>5.82</ele>
      </trkpt>
      <trkpt lat="40.83279828540981" lon="23.853392377495766">
        <ele>5.38</ele>
      </trkpt>
      <trkpt lat="40.83298444747925" lon="23.85354995727539">
        <ele>5.02</ele>
      </trkpt>
      <trkpt lat="40.83324193954468" lon="23.853700160980225">
        <ele>4.7</ele>
      </trkpt>
      <trkpt lat="40.83344905637205" lon="23.853793032467365">
        <ele>4.45</ele>
      </trkpt>
      <trkpt lat="40.83365625701845" lon="23.853885903954506">
        <ele>4.29</ele>
      </trkpt>
      <trkpt lat="40.83386421203613" lon="23.853979110717773">
        <ele>4.17</ele>
      </trkpt>
      <trkpt lat="40.834099827334285" lon="23.854014817625284">
        <ele>4.06</ele>
      </trkpt>
      <trkpt lat="40.83433552645147" lon="23.854050524532795">
        <ele>4.0</ele>
      </trkpt>
      <trkpt lat="40.834572315216064" lon="23.85408639907837">
        <ele>3.99</ele>
      </trkpt>
      <trkpt lat="40.8347864728421" lon="23.854072066023946">
        <ele>4.03</ele>
      </trkpt>
      <trkpt lat="40.83500071428716" lon="23.854057816788554">
        <ele>4.1</ele>
      </trkpt>
      <trkpt lat="40.83521604537964" lon="23.85404348373413">
        <ele>4.22</ele>
      </trkpt>
      <trkpt lat="40.83549457602203" lon="23.853957736864686">
        <ele>4.4</ele>
      </trkpt>
      <trkpt lat="40.835773944854736" lon="23.853871822357178">
        <ele>4.6</ele>
      </trkpt>
      <trkpt lat="40.83597754128277" lon="23.853775346651673">
        <ele>4.79</ele>
      </trkpt>
      <trkpt lat="40.83618172444403" lon="23.853678703308105">
        <ele>4.99</ele>
      </trkpt>
      <trkpt lat="40.836460338905454" lon="23.853528583422303">
        <ele>5.23</ele>
      </trkpt>
      <trkpt lat="40.83673962391913" lon="23.853378295898438">
        <ele>5.52</ele>
      </trkpt>
      <trkpt lat="40.837015053257346" lon="23.853221805766225">
        <ele>5.81</ele>
      </trkpt>
      <trkpt lat="40.83729048259556" lon="23.853065315634012">
        <ele>6.08</ele>
      </trkpt>
      <trkpt lat="40.83756599575281" lon="23.8529088255018">
        <ele>6.39</ele>
      </trkpt>
      <trkpt lat="40.83784142509103" lon="23.852752335369587">
        <ele>6.78</ele>
      </trkpt>
      <trkpt lat="40.838116854429245" lon="23.852595845237374">
        <ele>7.19</ele>
      </trkpt>
      <trkpt lat="40.83839236758649" lon="23.85243935510516">
        <ele>7.62</ele>
      </trkpt>
      <trkpt lat="40.83866779692471" lon="23.85228294879198">
        <ele>8.06</ele>
      </trkpt>
      <trkpt lat="40.83894331008196" lon="23.852126458659768">
        <ele>8.53</ele>
      </trkpt>
      <trkpt lat="40.839218739420176" lon="23.851969968527555">
        <ele>9.02</ele>
      </trkpt>
      <trkpt lat="40.83949416875839" lon="23.851813478395343">
        <ele>9.5</ele>
      </trkpt>
      <trkpt lat="40.83976968191564" lon="23.85165698826313">
        <ele>9.89</ele>
      </trkpt>
      <trkpt lat="40.84004511125386" lon="23.851500498130918">
        <ele>10.35</ele>
      </trkpt>
      <trkpt lat="40.840320624411106" lon="23.851344007998705">
        <ele>10.84</ele>
      </trkpt>
      <trkpt lat="40.84059605374932" lon="23.851187517866492">
        <ele>11.28</ele>
      </trkpt>
      <trkpt lat="40.84087148308754" lon="23.85103102773428">
        <ele>11.75</ele>
      </trkpt>
      <trkpt lat="40.84114699624479" lon="23.8508746214211">
        <ele>12.3</ele>
      </trkpt>
      <trkpt lat="40.841422425583005" lon="23.850718131288886">
        <ele>12.8</ele>
      </trkpt>
      <trkpt lat="40.84169793874025" lon="23.850561641156673">
        <ele>13.3</ele>
      </trkpt>
      <trkpt lat="40.84197336807847" lon="23.85040515102446">
        <ele>13.77</ele>
      </trkpt>
      <trkpt lat="40.84225424565375" lon="23.850245475769043">
        <ele>14.23</ele>
      </trkpt>
      <trkpt lat="40.84249849431217" lon="23.850159728899598">
        <ele>14.7</ele>
      </trkpt>
      <trkpt lat="40.842742742970586" lon="23.850073982030153">
        <ele>15.17</ele>
      </trkpt>
      <trkpt lat="40.842987075448036" lon="23.84998831897974">
        <ele>15.66</ele>
      </trkpt>
      <trkpt lat="40.843231324106455" lon="23.849902572110295">
        <ele>16.17</ele>
      </trkpt>
      <trkpt lat="40.84347724914551" lon="23.84981632232666">
        <ele>16.7</ele>
      </trkpt>
      <trkpt lat="40.84374857135117" lon="23.84979486465454">
        <ele>17.18</ele>
      </trkpt>
      <trkpt lat="40.844019977375865" lon="23.849773406982422">
        <ele>17.67</ele>
      </trkpt>
      <trkpt lat="40.844292640686035" lon="23.849751949310303">
        <ele>18.11</ele>
      </trkpt>
      <trkpt lat="40.84457821212709" lon="23.84977332316339">
        <ele>18.58</ele>
      </trkpt>
      <trkpt lat="40.844863867387176" lon="23.84979478083551">
        <ele>19.09</ele>
      </trkpt>
      <trkpt lat="40.8451509475708" lon="23.84981632232666">
        <ele>19.66</ele>
      </trkpt>
      <trkpt lat="40.84542947821319" lon="23.849923443049192">
        <ele>20.18</ele>
      </trkpt>
      <trkpt lat="40.8457088470459" lon="23.85003089904785">
        <ele>20.61</ele>
      </trkpt>
      <trkpt lat="40.84589106962085" lon="23.850148748606443">
        <ele>21.05</ele>
      </trkpt>
      <trkpt lat="40.846073711290956" lon="23.850266933441162">
        <ele>21.45</ele>
      </trkpt>
      <trkpt lat="40.846073627471924" lon="23.850266933441162">
        <ele>21.83</ele>
      </trkpt>
      <trkpt lat="40.84628803655505" lon="23.850416969507933">
        <ele>22.2</ele>
      </trkpt>
      <trkpt lat="40.84650278091431" lon="23.85056734085083">
        <ele>22.53</ele>
      </trkpt>
      <trkpt lat="40.846728002652526" lon="23.85077110491693">
        <ele>22.85</ele>
      </trkpt>
      <trkpt lat="40.84695347584784" lon="23.850975036621094">
        <ele>23.16</ele>
      </trkpt>
      <trkpt lat="40.84695339202881" lon="23.850975036621094">
        <ele>23.46</ele>
      </trkpt>
      <trkpt lat="40.84716805256903" lon="23.851211071014404">
        <ele>23.74</ele>
      </trkpt>
      <trkpt lat="40.84733963012695" lon="23.851393377408385">
        <ele>24.03</ele>
      </trkpt>
      <trkpt lat="40.847511291503906" lon="23.85157585144043">
        <ele>24.29</ele>
      </trkpt>
      <trkpt lat="40.84770441055298" lon="23.85179579257965">
        <ele>24.52</ele>
      </trkpt>
      <trkpt lat="40.84789752960205" lon="23.852015733718872">
        <ele>24.72</ele>
      </trkpt>
      <trkpt lat="40.848090732470155" lon="23.852235674858093">
        <ele>24.98</ele>
      </trkpt>
      <trkpt lat="40.84828385151923" lon="23.852455615997314">
        <ele>25.21</ele>
      </trkpt>
      <trkpt lat="40.8484769705683" lon="23.852648735046387">
        <ele>25.41</ele>
      </trkpt>
      <trkpt lat="40.848562801256776" lon="23.852734565734863">
        <ele>25.6</ele>
      </trkpt>
      <trkpt lat="40.848755752667785" lon="23.852884601801634">
        <ele>25.77</ele>
      </trkpt>
      <trkpt lat="40.84894895553589" lon="23.85303497314453">
        <ele>25.92</ele>
      </trkpt>
      <trkpt lat="40.84922790527344" lon="23.853185176849365">
        <ele>26.09</ele>
      </trkpt>
      <trkpt lat="40.849399315193295" lon="23.853228008374572">
        <ele>26.21</ele>
      </trkpt>
      <trkpt lat="40.849571228027344" lon="23.853271007537842">
        <ele>26.32</ele>
      </trkpt>
      <trkpt lat="40.84987113252282" lon="23.853345941752195">
        <ele>26.44</ele>
      </trkpt>
      <trkpt lat="40.85017204284668" lon="23.853421211242676">
        <ele>26.59</ele>
      </trkpt>
      <trkpt lat="40.85041847079992" lon="23.85349614545703">
        <ele>26.73</ele>
      </trkpt>
      <trkpt lat="40.850664898753166" lon="23.853571163490415">
        <ele>26.82</ele>
      </trkpt>
      <trkpt lat="40.85091132670641" lon="23.8536461815238">
        <ele>26.9</ele>
      </trkpt>
      <trkpt lat="40.85115917958319" lon="23.853721618652344">
        <ele>26.99</ele>
      </trkpt>
      <trkpt lat="40.85115909576416" lon="23.853721618652344">
        <ele>27.11</ele>
      </trkpt>
      <trkpt lat="40.8513952139765" lon="23.8537859916687">
        <ele>27.25</ele>
      </trkpt>
      <trkpt lat="40.85139513015747" lon="23.8537859916687">
        <ele>27.38</ele>
      </trkpt>
      <trkpt lat="40.85155581124127" lon="23.853839552029967">
        <ele>27.53</ele>
      </trkpt>
      <trkpt lat="40.85171699523926" lon="23.853893280029297">
        <ele>27.68</ele>
      </trkpt>
      <trkpt lat="40.85195302963257" lon="23.85402202606201">
        <ele>27.83</ele>
      </trkpt>
      <trkpt lat="40.85218872874975" lon="23.85410056449473">
        <ele>27.97</ele>
      </trkpt>
      <trkpt lat="40.85242451168597" lon="23.854179102927446">
        <ele>28.14</ele>
      </trkpt>
      <trkpt lat="40.85266121663153" lon="23.854258060455322">
        <ele>28.35</ele>
      </trkpt>
      <trkpt lat="40.85282189771533" lon="23.85430089198053">
        <ele>28.58</ele>
      </trkpt>
      <trkpt lat="40.85298308171332" lon="23.8543438911438">
        <ele>28.81</ele>
      </trkpt>
      <trkpt lat="40.85319765843451" lon="23.854408264160156">
        <ele>29.04</ele>
      </trkpt>
      <trkpt lat="40.853347862139344" lon="23.854451179504395">
        <ele>29.34</ele>
      </trkpt>
      <trkpt lat="40.853626392781734" lon="23.854536842554808">
        <ele>29.66</ele>
      </trkpt>
      <trkpt lat="40.85390576161444" lon="23.854622840881348">
        <ele>30.02</ele>
      </trkpt>
      <trkpt lat="40.85406644269824" lon="23.8546977750957">
        <ele>30.41</ele>
      </trkpt>
      <trkpt lat="40.8542275428772" lon="23.85477304458618">
        <ele>30.86</ele>
      </trkpt>
      <trkpt lat="40.854420494288206" lon="23.854901622980833">
        <ele>31.3</ele>
      </trkpt>
      <trkpt lat="40.854613445699215" lon="23.855030285194516">
        <ele>31.75</ele>
      </trkpt>
      <trkpt lat="40.854806900024414" lon="23.855159282684326">
        <ele>32.25</ele>
      </trkpt>
      <trkpt lat="40.85504276677966" lon="23.855352234095335">
        <ele>32.81</ele>
      </trkpt>
      <trkpt lat="40.85527871735394" lon="23.855545269325376">
        <ele>33.35</ele>
      </trkpt>
      <trkpt lat="40.85551508702338" lon="23.855738639831543">
        <ele>33.93</ele>
      </trkpt>
      <trkpt lat="40.85570820607245" lon="23.855888843536377">
        <ele>34.53</ele>
      </trkpt>
      <trkpt lat="40.85589403286576" lon="23.85603896342218">
        <ele>35.16</ele>
      </trkpt>
      <trkpt lat="40.856079859659076" lon="23.85618908330798">
        <ele>35.79</ele>
      </trkpt>
      <trkpt lat="40.85626610554755" lon="23.85633945465088">
        <ele>36.45</ele>
      </trkpt>
      <trkpt lat="40.856266021728516" lon="23.85633945465088">
        <ele>37.13</ele>
      </trkpt>
      <trkpt lat="40.85653935559094" lon="23.85651094838977">
        <ele>37.88</ele>
      </trkpt>
      <trkpt lat="40.85681268945336" lon="23.85668244212866">
        <ele>38.63</ele>
      </trkpt>
      <trkpt lat="40.85708602331579" lon="23.856853935867548">
        <ele>39.39</ele>
      </trkpt>
      <trkpt lat="40.85736036300659" lon="23.85702610015869">
        <ele>40.18</ele>
      </trkpt>
      <trkpt lat="40.85762673988938" lon="23.857176136225462">
        <ele>41.01</ele>
      </trkpt>
      <trkpt lat="40.85789320059121" lon="23.857326172292233">
        <ele>41.8</ele>
      </trkpt>
      <trkpt lat="40.85815966129303" lon="23.857476208359003">
        <ele>42.58</ele>
      </trkpt>
      <trkpt lat="40.85842603817582" lon="23.857626244425774">
        <ele>43.44</ele>
      </trkpt>
      <trkpt lat="40.858692498877645" lon="23.857776364311576">
        <ele>44.27</ele>
      </trkpt>
      <trkpt lat="40.85895895957947" lon="23.857926400378346">
        <ele>45.08</ele>
      </trkpt>
      <trkpt lat="40.85922726429999" lon="23.85807752609253">
        <ele>45.86</ele>
      </trkpt>
      <trkpt lat="40.859457682818174" lon="23.85823829099536">
        <ele>46.67</ele>
      </trkpt>
      <trkpt lat="40.85968818515539" lon="23.85839913971722">
        <ele>47.5</ele>
      </trkpt>
      <trkpt lat="40.85991868749261" lon="23.85855990462005">
        <ele>48.36</ele>
      </trkpt>
      <trkpt lat="40.86014986038208" lon="23.858721256256104">
        <ele>49.21</ele>
      </trkpt>
      <trkpt lat="40.86040014401078" lon="23.858971539884806">
        <ele>50.01</ele>
      </trkpt>
      <trkpt lat="40.860650427639484" lon="23.859221823513508">
        <ele>50.87</ele>
      </trkpt>
      <trkpt lat="40.86090087890625" lon="23.859472274780273">
        <ele>51.75</ele>
      </trkpt>
      <trkpt lat="40.8610796649009" lon="23.859686851501465">
        <ele>52.57</ele>
      </trkpt>
      <trkpt lat="40.86125853471458" lon="23.859901428222656">
        <ele>53.36</ele>
      </trkpt>
      <trkpt lat="40.86143732070923" lon="23.860116004943848">
        <ele>54.14</ele>
      </trkpt>
      <trkpt lat="40.86164343170822" lon="23.860425129532814">
        <ele>54.93</ele>
      </trkpt>
      <trkpt lat="40.861849542707205" lon="23.860734337940812">
        <ele>55.7</ele>
      </trkpt>
      <trkpt lat="40.86205565370619" lon="23.86104346252978">
        <ele>56.39</ele>
      </trkpt>
      <trkpt lat="40.86226184852421" lon="23.861352670937777">
        <ele>57.07</ele>
      </trkpt>
      <trkpt lat="40.86246737278998" lon="23.861660957336426">
        <ele>57.78</ele>
      </trkpt>
      <trkpt lat="40.86261757649481" lon="23.861896991729736">
        <ele>58.45</ele>
      </trkpt>
      <trkpt lat="40.862810695543885" lon="23.862197399139404">
        <ele>59.08</ele>
      </trkpt>
      <trkpt lat="40.86301462724805" lon="23.862497890368104">
        <ele>59.67</ele>
      </trkpt>
      <trkpt lat="40.86321839131415" lon="23.86279821395874">
        <ele>60.23</ele>
      </trkpt>
      <trkpt lat="40.86341159418225" lon="23.86307724751532">
        <ele>60.78</ele>
      </trkpt>
      <trkpt lat="40.86360462941229" lon="23.863356113433838">
        <ele>61.33</ele>
      </trkpt>
      <trkpt lat="40.86377629078925" lon="23.863635063171387">
        <ele>61.85</ele>
      </trkpt>
      <trkpt lat="40.8639479521662" lon="23.863892555236816">
        <ele>62.29</ele>
      </trkpt>
      <trkpt lat="40.86415188387036" lon="23.864193046465516">
        <ele>62.68</ele>
      </trkpt>
      <trkpt lat="40.86435581557453" lon="23.864493621513247">
        <ele>63.06</ele>
      </trkpt>
      <trkpt lat="40.86455983109772" lon="23.86479419656098">
        <ele>63.44</ele>
      </trkpt>
      <trkpt lat="40.86476334370673" lon="23.86509418487549">
        <ele>63.78</ele>
      </trkpt>
      <trkpt lat="40.86495654657483" lon="23.865380426868796">
        <ele>64.18</ele>
      </trkpt>
      <trkpt lat="40.865149749442935" lon="23.865666668862104">
        <ele>64.59</ele>
      </trkpt>
      <trkpt lat="40.86534295231104" lon="23.865952910855412">
        <ele>64.87</ele>
      </trkpt>
      <trkpt lat="40.865536238998175" lon="23.86623915284872">
        <ele>65.14</ele>
      </trkpt>
      <trkpt lat="40.86572944186628" lon="23.86652547866106">
        <ele>65.39</ele>
      </trkpt>
      <trkpt lat="40.86592205800116" lon="23.86681079864502">
        <ele>65.59</ele>
      </trkpt>
      <trkpt lat="40.866029346361756" lon="23.867004085332155">
        <ele>65.78</ele>
      </trkpt>
      <trkpt lat="40.86613655090332" lon="23.867197036743164">
        <ele>65.99</ele>
      </trkpt>
      <trkpt lat="40.866272589191794" lon="23.867469113320112">
        <ele>66.23</ele>
      </trkpt>
      <trkpt lat="40.86640862748027" lon="23.86774118989706">
        <ele>66.46</ele>
      </trkpt>
      <trkpt lat="40.866544246673584" lon="23.86801242828369">
        <ele>66.65</ele>
      </trkpt>
      <trkpt lat="40.86665170267224" lon="23.868323983624578">
        <ele>66.8</ele>
      </trkpt>
      <trkpt lat="40.8667591586709" lon="23.868635622784495">
        <ele>66.87</ele>
      </trkpt>
      <trkpt lat="40.86686661466956" lon="23.868947261944413">
        <ele>66.88</ele>
      </trkpt>
      <trkpt lat="40.866973483935" lon="23.8692569732666">
        <ele>66.9</ele>
      </trkpt>
      <trkpt lat="40.867080772295594" lon="23.86953592300415">
        <ele>67.01</ele>
      </trkpt>
      <trkpt lat="40.86718797683716" lon="23.869879245758057">
        <ele>67.12</ele>
      </trkpt>
      <trkpt lat="40.867295349016786" lon="23.869943618774414">
        <ele>67.11</ele>
      </trkpt>
      <trkpt lat="40.86750992573798" lon="23.869922161102295">
        <ele>67.02</ele>
      </trkpt>
      <trkpt lat="40.86766004562378" lon="23.869879245758057">
        <ele>66.97</ele>
      </trkpt>
      <trkpt lat="40.867934972047806" lon="23.869886370375752">
        <ele>66.93</ele>
      </trkpt>
      <trkpt lat="40.86820989847183" lon="23.86989349499345">
        <ele>66.97</ele>
      </trkpt>
      <trkpt lat="40.86848482489586" lon="23.869900619611144">
        <ele>67.06</ele>
      </trkpt>
      <trkpt lat="40.868759751319885" lon="23.86990774422884">
        <ele>67.09</ele>
      </trkpt>
      <trkpt lat="40.86903467774391" lon="23.869914868846536">
        <ele>67.08</ele>
      </trkpt>
      <trkpt lat="40.86931228637695" lon="23.869922161102295">
        <ele>67.04</ele>
      </trkpt>
      <trkpt lat="40.869312370195985" lon="23.869922161102295">
        <ele>67.04</ele>
      </trkpt>
      <trkpt lat="40.86961939930916" lon="23.869925681501627">
        <ele>67.0</ele>
      </trkpt>
      <trkpt lat="40.86992651224136" lon="23.86992928571999">
        <ele>67.02</ele>
      </trkpt>
      <trkpt lat="40.87023354135454" lon="23.869932806119323">
        <ele>67.09</ele>
      </trkpt>
      <trkpt lat="40.87054065428674" lon="23.869936410337687">
        <ele>67.16</ele>
      </trkpt>
      <trkpt lat="40.870847683399916" lon="23.86993993073702">
        <ele>67.18</ele>
      </trkpt>
      <trkpt lat="40.87115479633212" lon="23.869943534955382">
        <ele>67.13</ele>
      </trkpt>
      <trkpt lat="40.871461825445294" lon="23.869947139173746">
        <ele>67.13</ele>
      </trkpt>
      <trkpt lat="40.8717689383775" lon="23.869950659573078">
        <ele>67.12</ele>
      </trkpt>
      <trkpt lat="40.872076051309705" lon="23.869954263791442">
        <ele>67.14</ele>
      </trkpt>
      <trkpt lat="40.87238308042288" lon="23.869957784190774">
        <ele>67.19</ele>
      </trkpt>
      <trkpt lat="40.87269019335508" lon="23.869961388409138">
        <ele>67.35</ele>
      </trkpt>
      <trkpt lat="40.87300308980048" lon="23.869965076446533">
        <ele>67.53</ele>
      </trkpt>
      <trkpt lat="40.87327726185322" lon="23.869977900758386">
        <ele>67.69</ele>
      </trkpt>
      <trkpt lat="40.87355143390596" lon="23.869990725070238">
        <ele>67.82</ele>
      </trkpt>
      <trkpt lat="40.87382568977773" lon="23.870003633201122">
        <ele>67.94</ele>
      </trkpt>
      <trkpt lat="40.87409986183047" lon="23.870016457512975">
        <ele>68.07</ele>
      </trkpt>
      <trkpt lat="40.87437629699707" lon="23.87002944946289">
        <ele>68.23</ele>
      </trkpt>
      <trkpt lat="40.87466547265649" lon="23.870083009824157">
        <ele>68.41</ele>
      </trkpt>
      <trkpt lat="40.87495565414429" lon="23.870136737823486">
        <ele>68.56</ele>
      </trkpt>
      <trkpt lat="40.87495573796332" lon="23.870136737823486">
        <ele>68.72</ele>
      </trkpt>
      <trkpt lat="40.87521633133292" lon="23.870190298184752">
        <ele>68.85</ele>
      </trkpt>
      <trkpt lat="40.87547700852156" lon="23.87024385854602">
        <ele>68.97</ele>
      </trkpt>
      <trkpt lat="40.87573768571019" lon="23.870297418907285">
        <ele>69.11</ele>
      </trkpt>
      <trkpt lat="40.87599836289883" lon="23.87035097926855">
        <ele>69.27</ele>
      </trkpt>
      <trkpt lat="40.87625904008746" lon="23.870404539629817">
        <ele>69.49</ele>
      </trkpt>
      <trkpt lat="40.876522064208984" lon="23.870458602905273">
        <ele>69.76</ele>
      </trkpt>
      <trkpt lat="40.876779137179255" lon="23.87050143443048">
        <ele>70.01</ele>
      </trkpt>
      <trkpt lat="40.877037048339844" lon="23.87054443359375">
        <ele>70.26</ele>
      </trkpt>
      <trkpt lat="40.87722983211279" lon="23.870555078610778">
        <ele>70.49</ele>
      </trkpt>
      <trkpt lat="40.87742328643799" lon="23.87056589126587">
        <ele>70.69</ele>
      </trkpt>
      <trkpt lat="40.87773475795984" lon="23.870542757213116">
        <ele>70.89</ele>
      </trkpt>
      <trkpt lat="40.8780462294817" lon="23.870519706979394">
        <ele>71.12</ele>
      </trkpt>
      <trkpt lat="40.87835770100355" lon="23.870496656745672">
        <ele>71.36</ele>
      </trkpt>
      <trkpt lat="40.878669172525406" lon="23.87047360651195">
        <ele>71.6</ele>
      </trkpt>
      <trkpt lat="40.87898064404726" lon="23.870450472459197">
        <ele>71.8</ele>
      </trkpt>
      <trkpt lat="40.879292115569115" lon="23.870427422225475">
        <ele>71.99</ele>
      </trkpt>
      <trkpt lat="40.87960358709097" lon="23.870404371991754">
        <ele>72.12</ele>
      </trkpt>
      <trkpt lat="40.87991505861282" lon="23.870381237939">
        <ele>72.23</ele>
      </trkpt>
      <trkpt lat="40.88022661395371" lon="23.87035818770528">
        <ele>72.29</ele>
      </trkpt>
      <trkpt lat="40.880538085475564" lon="23.870335137471557">
        <ele>72.35</ele>
      </trkpt>
      <trkpt lat="40.88084955699742" lon="23.870312087237835">
        <ele>72.44</ele>
      </trkpt>
      <trkpt lat="40.88116102851927" lon="23.87028895318508">
        <ele>72.56</ele>
      </trkpt>
      <trkpt lat="40.88147887028754" lon="23.8702654838562">
        <ele>72.66</ele>
      </trkpt>
      <trkpt lat="40.88175991550088" lon="23.870243607088923">
        <ele>72.74</ele>
      </trkpt>
      <trkpt lat="40.88204104453325" lon="23.870221730321646">
        <ele>72.79</ele>
      </trkpt>
      <trkpt lat="40.882322173565626" lon="23.8701999373734">
        <ele>72.77</ele>
      </trkpt>
      <trkpt lat="40.88259651325643" lon="23.87017839588225">
        <ele>72.68</ele>
      </trkpt>
      <trkpt lat="40.88259860873222" lon="23.870178312063217">
        <ele>72.62</ele>
      </trkpt>
      <trkpt lat="40.882600704208016" lon="23.870178228244185">
        <ele>72.54</ele>
      </trkpt>
      <trkpt lat="40.88260271586478" lon="23.870178144425154">
        <ele>72.44</ele>
      </trkpt>
      <trkpt lat="40.882605062797666" lon="23.87017797678709">
        <ele>72.33</ele>
      </trkpt>
      <trkpt lat="40.88287554681301" lon="23.87015693821013">
        <ele>72.15</ele>
      </trkpt>
      <trkpt lat="40.88314611464739" lon="23.87013589963317">
        <ele>71.96</ele>
      </trkpt>
      <trkpt lat="40.883416682481766" lon="23.87011494487524">
        <ele>71.75</ele>
      </trkpt>
      <trkpt lat="40.88368901051581" lon="23.870093822479248">
        <ele>71.57</ele>
      </trkpt>
      <trkpt lat="40.88399478234351" lon="23.8700704369694">
        <ele>71.42</ele>
      </trkpt>
      <trkpt lat="40.884300554171205" lon="23.87004705145955">
        <ele>71.3</ele>
      </trkpt>
      <trkpt lat="40.8846063259989" lon="23.870023665949702">
        <ele>71.11</ele>
      </trkpt>
      <trkpt lat="40.8849120978266" lon="23.870000280439854">
        <ele>70.96</ele>
      </trkpt>
      <trkpt lat="40.8852178696543" lon="23.869976894930005">
        <ele>70.84</ele>
      </trkpt>
      <trkpt lat="40.885523641481996" lon="23.869953593239188">
        <ele>70.69</ele>
      </trkpt>
      <trkpt lat="40.88582941330969" lon="23.86993020772934">
        <ele>70.57</ele>
      </trkpt>
      <trkpt lat="40.88613518513739" lon="23.86990682221949">
        <ele>70.4</ele>
      </trkpt>
      <trkpt lat="40.88644095696509" lon="23.869883436709642">
        <ele>70.25</ele>
      </trkpt>
      <trkpt lat="40.88674672879279" lon="23.869860051199794">
        <ele>70.13</ele>
      </trkpt>
      <trkpt lat="40.88705778121948" lon="23.86983633041382">
        <ele>70.11</ele>
      </trkpt>
      <trkpt lat="40.88735768571496" lon="23.86979341506958">
        <ele>70.21</ele>
      </trkpt>
      <trkpt lat="40.88765859603882" lon="23.869750499725342">
        <ele>70.41</ele>
      </trkpt>
      <trkpt lat="40.887958500534296" lon="23.869675481691957">
        <ele>70.59</ele>
      </trkpt>
      <trkpt lat="40.888259410858154" lon="23.869600296020508">
        <ele>70.8</ele>
      </trkpt>
      <trkpt lat="40.88851656764746" lon="23.869503820315003">
        <ele>71.04</ele>
      </trkpt>
      <trkpt lat="40.888774394989014" lon="23.869407176971436">
        <ele>71.29</ele>
      </trkpt>
      <trkpt lat="40.88902082294226" lon="23.86929997242987">
        <ele>71.5</ele>
      </trkpt>
      <trkpt lat="40.889267921447754" lon="23.869192600250244">
        <ele>71.74</ele>
      </trkpt>
      <trkpt lat="40.88952516205609" lon="23.869031751528382">
        <ele>72.05</ele>
      </trkpt>
      <trkpt lat="40.88978290557861" lon="23.868870735168457">
        <ele>72.43</ele>
      </trkpt>
      <trkpt lat="40.889782989397645" lon="23.868870735168457">
        <ele>72.78</ele>
      </trkpt>
      <trkpt lat="40.89005741290748" lon="23.868691697716713">
        <ele>73.22</ele>
      </trkpt>
      <trkpt lat="40.89033183641732" lon="23.86851266026497">
        <ele>73.68</ele>
      </trkpt>
      <trkpt lat="40.890606259927154" lon="23.868333622813225">
        <ele>74.11</ele>
      </trkpt>
      <trkpt lat="40.89088068343699" lon="23.868154669180512">
        <ele>74.59</ele>
      </trkpt>
      <trkpt lat="40.891155106946826" lon="23.86797563172877">
        <ele>75.1</ele>
      </trkpt>
      <trkpt lat="40.89142953045666" lon="23.867796594277024">
        <ele>75.57</ele>
      </trkpt>
      <trkpt lat="40.8917039539665" lon="23.867617640644312">
        <ele>76.03</ele>
      </trkpt>
      <trkpt lat="40.891978377476335" lon="23.867438603192568">
        <ele>76.55</ele>
      </trkpt>
      <trkpt lat="40.89225280098617" lon="23.867259565740824">
        <ele>77.08</ele>
      </trkpt>
      <trkpt lat="40.89252722449601" lon="23.86708052828908">
        <ele>77.56</ele>
      </trkpt>
      <trkpt lat="40.89280164800584" lon="23.866901574656367">
        <ele>77.95</ele>
      </trkpt>
      <trkpt lat="40.89307615533471" lon="23.866722537204623">
        <ele>78.28</ele>
      </trkpt>
      <trkpt lat="40.89335057884455" lon="23.86654349975288">
        <ele>78.63</ele>
      </trkpt>
      <trkpt lat="40.89362500235438" lon="23.866364462301135">
        <ele>79.03</ele>
      </trkpt>
      <trkpt lat="40.89389942586422" lon="23.86618542484939">
        <ele>79.43</ele>
      </trkpt>
      <trkpt lat="40.894173849374056" lon="23.86600647121668">
        <ele>79.81</ele>
      </trkpt>
      <trkpt lat="40.89444827288389" lon="23.865827433764935">
        <ele>80.14</ele>
      </trkpt>
      <trkpt lat="40.89472269639373" lon="23.86564839631319">
        <ele>80.42</ele>
      </trkpt>
      <trkpt lat="40.894997119903564" lon="23.865469358861446">
        <ele>80.62</ele>
      </trkpt>
      <trkpt lat="40.89527606964111" lon="23.86528730392456">
        <ele>80.72</ele>
      </trkpt>
      <trkpt lat="40.8955461345613" lon="23.865117905661464">
        <ele>80.76</ele>
      </trkpt>
      <trkpt lat="40.89581628330052" lon="23.864948507398367">
        <ele>80.79</ele>
      </trkpt>
      <trkpt lat="40.89608643203974" lon="23.864779192954302">
        <ele>80.8</ele>
      </trkpt>
      <trkpt lat="40.896356580778956" lon="23.864609794691205">
        <ele>80.83</ele>
      </trkpt>
      <trkpt lat="40.896626729518175" lon="23.86444048024714">
        <ele>80.82</ele>
      </trkpt>
      <trkpt lat="40.89689679443836" lon="23.864271081984043">
        <ele>80.74</ele>
      </trkpt>
      <trkpt lat="40.89716694317758" lon="23.864101683720946">
        <ele>80.62</ele>
      </trkpt>
      <trkpt lat="40.8974370919168" lon="23.86393236927688">
        <ele>80.48</ele>
      </trkpt>
      <trkpt lat="40.89770724065602" lon="23.863762971013784">
        <ele>80.3</ele>
      </trkpt>
      <trkpt lat="40.897979736328125" lon="23.86359214782715">
        <ele>80.09</ele>
      </trkpt>
      <trkpt lat="40.89797982014716" lon="23.86359214782715">
        <ele>79.77</ele>
      </trkpt>
      <trkpt lat="40.898264553397894" lon="23.863426772877574">
        <ele>79.51</ele>
      </trkpt>
      <trkpt lat="40.89854937046766" lon="23.863261397928">
        <ele>79.16</ele>
      </trkpt>
      <trkpt lat="40.89883418753743" lon="23.863096022978425">
        <ele>78.7</ele>
      </trkpt>
      <trkpt lat="40.8991190046072" lon="23.86293064802885">
        <ele>78.19</ele>
      </trkpt>
      <trkpt lat="40.89940382167697" lon="23.862765273079276">
        <ele>77.64</ele>
      </trkpt>
      <trkpt lat="40.89968863874674" lon="23.8625998981297">
        <ele>77.02</ele>
      </trkpt>
      <trkpt lat="40.89997538365424" lon="23.862433433532715">
        <ele>76.35</ele>
      </trkpt>
      <trkpt lat="40.90017898008227" lon="23.86231550015509">
        <ele>75.67</ele>
      </trkpt>
      <trkpt lat="40.9003830794245" lon="23.862197399139404">
        <ele>74.98</ele>
      </trkpt>
      <trkpt lat="40.900661777704954" lon="23.862025821581483">
        <ele>74.23</ele>
      </trkpt>
      <trkpt lat="40.9009409788996" lon="23.861854076385498">
        <ele>73.47</ele>
      </trkpt>
      <trkpt lat="40.90117701329291" lon="23.861725330352783">
        <ele>72.72</ele>
      </trkpt>
      <trkpt lat="40.90144481509924" lon="23.8615966681391">
        <ele>71.9</ele>
      </trkpt>
      <trkpt lat="40.901713371276855" lon="23.861467838287354">
        <ele>71.1</ele>
      </trkpt>
      <trkpt lat="40.901970863342285" lon="23.861382007598877">
        <ele>70.35</ele>
      </trkpt>
      <trkpt lat="40.902249813079834" lon="23.861489295959473">
        <ele>69.64</ele>
      </trkpt>
      <trkpt lat="40.90240001678467" lon="23.86157512664795">
        <ele>68.94</ele>
      </trkpt>
      <trkpt lat="40.902507305145264" lon="23.861682415008545">
        <ele>68.27</ele>
      </trkpt>
      <trkpt lat="40.90268936008215" lon="23.861693060025573">
        <ele>67.64</ele>
      </trkpt>
      <trkpt lat="40.90287208557129" lon="23.861703872680664">
        <ele>67.05</ele>
      </trkpt>
      <trkpt lat="40.90317559428513" lon="23.86178241111338">
        <ele>66.49</ele>
      </trkpt>
      <trkpt lat="40.903479186818004" lon="23.8618609495461">
        <ele>65.98</ele>
      </trkpt>
      <trkpt lat="40.903782695531845" lon="23.861939487978816">
        <ele>65.53</ele>
      </trkpt>
      <trkpt lat="40.90408628806472" lon="23.862018110230565">
        <ele>65.18</ele>
      </trkpt>
      <trkpt lat="40.90438988059759" lon="23.862096648663282">
        <ele>64.84</ele>
      </trkpt>
      <trkpt lat="40.90469607152045" lon="23.862175941467285">
        <ele>64.54</ele>
      </trkpt>
      <trkpt lat="40.904781902208924" lon="23.862197399139404">
        <ele>64.32</ele>
      </trkpt>
      <trkpt lat="40.90482481755316" lon="23.862218856811523">
        <ele>64.18</ele>
      </trkpt>
      <trkpt lat="40.90495356358588" lon="23.86226177215576">
        <ele>64.09</ele>
      </trkpt>
      <trkpt lat="40.90508230961859" lon="23.8623046875">
        <ele>64.07</ele>
      </trkpt>
      <trkpt lat="40.90531809255481" lon="23.862463273108006">
        <ele>64.17</ele>
      </trkpt>
      <trkpt lat="40.905553959310055" lon="23.862621942535043">
        <ele>64.32</ele>
      </trkpt>
      <trkpt lat="40.9057898260653" lon="23.86278061196208">
        <ele>64.52</ele>
      </trkpt>
      <trkpt lat="40.90602569282055" lon="23.862939281389117">
        <ele>64.78</ele>
      </trkpt>
      <trkpt lat="40.906262481585145" lon="23.863098621368408">
        <ele>65.12</ele>
      </trkpt>
      <trkpt lat="40.90652408078313" lon="23.863291572779417">
        <ele>65.5</ele>
      </trkpt>
      <trkpt lat="40.90678567998111" lon="23.863484524190426">
        <ele>65.98</ele>
      </trkpt>
      <trkpt lat="40.907047279179096" lon="23.863677559420466">
        <ele>66.51</ele>
      </trkpt>
      <trkpt lat="40.90730887837708" lon="23.863870510831475">
        <ele>67.1</ele>
      </trkpt>
      <trkpt lat="40.90757139958441" lon="23.86406421661377">
        <ele>67.76</ele>
      </trkpt>
      <trkpt lat="40.90783576481044" lon="23.86425716802478">
        <ele>68.49</ele>
      </trkpt>
      <trkpt lat="40.908100213855505" lon="23.864450119435787">
        <ele>69.3</ele>
      </trkpt>
      <trkpt lat="40.90836524963379" lon="23.864643573760986">
        <ele>70.14</ele>
      </trkpt>
      <trkpt lat="40.90853665955365" lon="23.86473996564746">
        <ele>70.98</ele>
      </trkpt>
      <trkpt lat="40.908708572387695" lon="23.86483669281006">
        <ele>71.84</ele>
      </trkpt>
      <trkpt lat="40.908965729177" lon="23.864930905401707">
        <ele>72.78</ele>
      </trkpt>
      <trkpt lat="40.9092228859663" lon="23.865025201812387">
        <ele>73.75</ele>
      </trkpt>
      <trkpt lat="40.909480042755604" lon="23.865119498223066">
        <ele>74.73</ele>
      </trkpt>
      <trkpt lat="40.90973719954491" lon="23.865213794633746">
        <ele>75.7</ele>
      </trkpt>
      <trkpt lat="40.909996032714844" lon="23.86530876159668">
        <ele>76.65</ele>
      </trkpt>
      <trkpt lat="40.91029065661132" lon="23.86542661115527">
        <ele>77.6</ele>
      </trkpt>
      <trkpt lat="40.910585364326835" lon="23.865544460713863">
        <ele>78.59</ele>
      </trkpt>
      <trkpt lat="40.910879988223314" lon="23.865662310272455">
        <ele>79.6</ele>
      </trkpt>
      <trkpt lat="40.9111762046814" lon="23.8657808303833">
        <ele>80.56</ele>
      </trkpt>
      <trkpt lat="40.9113834053278" lon="23.865880826488137">
        <ele>81.5</ele>
      </trkpt>
      <trkpt lat="40.9115906059742" lon="23.865980822592974">
        <ele>82.44</ele>
      </trkpt>
      <trkpt lat="40.91179856099188" lon="23.86608123779297">
        <ele>83.36</ele>
      </trkpt>
      <trkpt lat="40.91179847717285" lon="23.86608123779297">
        <ele>84.22</ele>
      </trkpt>
      <trkpt lat="40.91199142858386" lon="23.86622054502368">
        <ele>85.09</ele>
      </trkpt>
      <trkpt lat="40.91218479909003" lon="23.866360187530518">
        <ele>85.94</ele>
      </trkpt>
      <trkpt lat="40.912431478500366" lon="23.866585409268737">
        <ele>86.77</ele>
      </trkpt>
      <trkpt lat="40.91267832554877" lon="23.86681079864502">
        <ele>87.52</ele>
      </trkpt>
      <trkpt lat="40.912742698565125" lon="23.866896629333496">
        <ele>88.22</ele>
      </trkpt>
      <trkpt lat="40.91296431608498" lon="23.867111122235656">
        <ele>88.84</ele>
      </trkpt>
      <trkpt lat="40.91318601742387" lon="23.867325615137815">
        <ele>89.4</ele>
      </trkpt>
      <trkpt lat="40.91340788640082" lon="23.86754035949707">
        <ele>90.01</ele>
      </trkpt>
      <trkpt lat="40.91357946395874" lon="23.867669105529785">
        <ele>90.6</ele>
      </trkpt>
      <trkpt lat="40.913708209991455" lon="23.867690563201904">
        <ele>91.14</ele>
      </trkpt>
      <trkpt lat="40.91379404067993" lon="23.867669105529785">
        <ele>91.64</ele>
      </trkpt>
      <trkpt lat="40.91407307423651" lon="23.86754035949707">
        <ele>92.1</ele>
      </trkpt>
      <trkpt lat="40.91426585800946" lon="23.867454612627625">
        <ele>92.54</ele>
      </trkpt>
      <trkpt lat="40.914459228515625" lon="23.867368698120117">
        <ele>92.94</ele>
      </trkpt>
      <trkpt lat="40.914695262908936" lon="23.86730432510376">
        <ele>93.32</ele>
      </trkpt>
      <trkpt lat="40.9148455504328" lon="23.86730432510376">
        <ele>93.67</ele>
      </trkpt>
      <trkpt lat="40.91509181074798" lon="23.8672935962677">
        <ele>93.95</ele>
      </trkpt>
      <trkpt lat="40.91533899307251" lon="23.86728286743164">
        <ele>94.22</ele>
      </trkpt>
      <trkpt lat="40.91557511128485" lon="23.867239952087402">
        <ele>94.47</ele>
      </trkpt>
      <trkpt lat="40.91581114567816" lon="23.867132663726807">
        <ele>94.67</ele>
      </trkpt>
      <trkpt lat="40.91597182676196" lon="23.86706829071045">
        <ele>94.87</ele>
      </trkpt>
      <trkpt lat="40.91613292694092" lon="23.867003917694092">
        <ele>95.01</ele>
      </trkpt>
      <trkpt lat="40.91643341816962" lon="23.867003917694092">
        <ele>95.14</ele>
      </trkpt>
      <trkpt lat="40.91662645339966" lon="23.86704683303833">
        <ele>95.22</ele>
      </trkpt>
      <trkpt lat="40.91677665710449" lon="23.867154121398926">
        <ele>95.26</ele>
      </trkpt>
      <trkpt lat="40.91690540313721" lon="23.86732578277588">
        <ele>95.25</ele>
      </trkpt>
      <trkpt lat="40.916991317644715" lon="23.867508340626955">
        <ele>95.22</ele>
      </trkpt>
      <trkpt lat="40.91707706451416" lon="23.867690563201904">
        <ele>95.15</ele>
      </trkpt>
      <trkpt lat="40.91709852218628" lon="23.867862224578857">
        <ele>95.06</ele>
      </trkpt>
      <trkpt lat="40.91707706451416" lon="23.86807680130005">
        <ele>94.99</ele>
      </trkpt>
      <trkpt lat="40.9170232526958" lon="23.86846379376948">
        <ele>94.91</ele>
      </trkpt>
      <trkpt lat="40.916969776153564" lon="23.868849277496338">
        <ele>94.77</ele>
      </trkpt>
      <trkpt lat="40.91694840230048" lon="23.869235515594482">
        <ele>94.57</ele>
      </trkpt>
      <trkpt lat="40.916948318481445" lon="23.869235515594482">
        <ele>94.48</ele>
      </trkpt>
      <trkpt lat="40.91703414916992" lon="23.86955738067627">
        <ele>94.26</ele>
      </trkpt>
      <trkpt lat="40.91716289520264" lon="23.8698148727417">
        <ele>94.09</ele>
      </trkpt>
      <trkpt lat="40.91729164123535" lon="23.869965076446533">
        <ele>93.97</ele>
      </trkpt>
      <trkpt lat="40.917420387268066" lon="23.870115280151367">
        <ele>93.87</ele>
      </trkpt>
      <trkpt lat="40.917708138003945" lon="23.870249977335334">
        <ele>93.75</ele>
      </trkpt>
      <trkpt lat="40.917995972558856" lon="23.8703846745193">
        <ele>93.68</ele>
      </trkpt>
      <trkpt lat="40.91828380711377" lon="23.870519371703267">
        <ele>93.71</ele>
      </trkpt>
      <trkpt lat="40.91857164166868" lon="23.870654152706265">
        <ele>93.82</ele>
      </trkpt>
      <trkpt lat="40.91885947622359" lon="23.870788849890232">
        <ele>93.95</ele>
      </trkpt>
      <trkpt lat="40.91914722695947" lon="23.8709235470742">
        <ele>94.04</ele>
      </trkpt>
      <trkpt lat="40.919437408447266" lon="23.87105941772461">
        <ele>94.13</ele>
      </trkpt>
      <trkpt lat="40.919598173350096" lon="23.87116653844714">
        <ele>94.2</ele>
      </trkpt>
      <trkpt lat="40.91975927352905" lon="23.8712739944458">
        <ele>94.24</ele>
      </trkpt>
      <trkpt lat="40.91993797570467" lon="23.871438447386026">
        <ele>94.25</ele>
      </trkpt>
      <trkpt lat="40.92011676169932" lon="23.871602900326252">
        <ele>94.28</ele>
      </trkpt>
      <trkpt lat="40.92029571533203" lon="23.87176752090454">
        <ele>94.35</ele>
      </trkpt>
      <trkpt lat="40.92044583521783" lon="23.871863996610045">
        <ele>94.42</ele>
      </trkpt>
      <trkpt lat="40.92059620656073" lon="23.871960639953613">
        <ele>94.51</ele>
      </trkpt>
      <trkpt lat="40.92068203724921" lon="23.871960639953613">
        <ele>94.57</ele>
      </trkpt>
      <trkpt lat="40.92089627869427" lon="23.871949911117554">
        <ele>94.66</ele>
      </trkpt>
      <trkpt lat="40.92111119069159" lon="23.871939182281494">
        <ele>94.77</ele>
      </trkpt>
      <trkpt lat="40.921325432136655" lon="23.871928453445435">
        <ele>94.87</ele>
      </trkpt>
      <trkpt lat="40.92154034413397" lon="23.871917724609375">
        <ele>94.97</ele>
      </trkpt>
      <trkpt lat="40.92162617482245" lon="23.871939182281494">
        <ele>95.04</ele>
      </trkpt>
      <trkpt lat="40.92162609100342" lon="23.871939182281494">
        <ele>95.1</ele>
      </trkpt>
      <trkpt lat="40.92190462164581" lon="23.87196055613458">
        <ele>95.16</ele>
      </trkpt>
      <trkpt lat="40.9221831522882" lon="23.8719820138067">
        <ele>95.2</ele>
      </trkpt>
      <trkpt lat="40.922463024035096" lon="23.87200355529785">
        <ele>95.22</ele>
      </trkpt>
      <trkpt lat="40.922462940216064" lon="23.87200355529785">
        <ele>95.25</ele>
      </trkpt>
      <trkpt lat="40.922763431444764" lon="23.871896266937256">
        <ele>95.25</ele>
      </trkpt>
      <trkpt lat="40.92293484136462" lon="23.871842622756958">
        <ele>95.25</ele>
      </trkpt>
      <trkpt lat="40.92310675419867" lon="23.87178897857666">
        <ele>95.22</ele>
      </trkpt>
      <trkpt lat="40.92327841557562" lon="23.87176752090454">
        <ele>95.18</ele>
      </trkpt>
      <trkpt lat="40.923471450805664" lon="23.8718318939209">
        <ele>95.14</ele>
      </trkpt>
      <trkpt lat="40.92355728149414" lon="23.871917724609375">
        <ele>95.11</ele>
      </trkpt>
      <trkpt lat="40.92370740137994" lon="23.872046386823058">
        <ele>95.06</ele>
      </trkpt>
      <trkpt lat="40.92385768890381" lon="23.872175216674805">
        <ele>95.02</ele>
      </trkpt>
      <trkpt lat="40.923965061083436" lon="23.872218132019043">
        <ele>94.97</ele>
      </trkpt>
      <trkpt lat="40.92413638718426" lon="23.872185945510864">
        <ele>94.92</ele>
      </trkpt>
      <trkpt lat="40.92430830001831" lon="23.872153759002686">
        <ele>94.89</ele>
      </trkpt>
      <trkpt lat="40.92454433441162" lon="23.871896266937256">
        <ele>94.82</ele>
      </trkpt>
      <trkpt lat="40.924577694386244" lon="23.871845891699195">
        <ele>94.78</ele>
      </trkpt>
      <trkpt lat="40.924578784033656" lon="23.871844299137592">
        <ele>94.73</ele>
      </trkpt>
      <trkpt lat="40.92457987368107" lon="23.87184270657599">
        <ele>94.68</ele>
      </trkpt>
      <trkpt lat="40.92458096332848" lon="23.87184119783342">
        <ele>94.62</ele>
      </trkpt>
      <trkpt lat="40.92458222061396" lon="23.871839437633753">
        <ele>94.55</ele>
      </trkpt>
      <trkpt lat="40.92467316426337" lon="23.871703147888184">
        <ele>94.47</ele>
      </trkpt>
      <trkpt lat="40.924812722951174" lon="23.871434591710567">
        <ele>94.4</ele>
      </trkpt>
      <trkpt lat="40.92495211400092" lon="23.871166706085205">
        <ele>94.32</ele>
      </trkpt>
      <trkpt lat="40.92505940236151" lon="23.87080192565918">
        <ele>94.23</ele>
      </trkpt>
      <trkpt lat="40.92505940236151" lon="23.870694637298584">
        <ele>94.1</ele>
      </trkpt>
      <trkpt lat="40.92515604570508" lon="23.870382914319634">
        <ele>93.98</ele>
      </trkpt>
      <trkpt lat="40.925252521410584" lon="23.87007236480713">
        <ele>93.78</ele>
      </trkpt>
      <trkpt lat="40.92534916475415" lon="23.869900535792112">
        <ele>93.58</ele>
      </trkpt>
      <trkpt lat="40.92544564045966" lon="23.869729042053223">
        <ele>93.35</ele>
      </trkpt>
      <trkpt lat="40.92558494769037" lon="23.869611024856567">
        <ele>93.15</ele>
      </trkpt>
      <trkpt lat="40.925724506378174" lon="23.869493007659912">
        <ele>92.93</ele>
      </trkpt>
      <trkpt lat="40.925982082262635" lon="23.869364261627197">
        <ele>92.77</ele>
      </trkpt>
      <trkpt lat="40.926218116655946" lon="23.86932134628296">
        <ele>92.6</ele>
      </trkpt>
      <trkpt lat="40.92640017159283" lon="23.86927843093872">
        <ele>92.34</ele>
      </trkpt>
      <trkpt lat="40.92658289708197" lon="23.869235515594482">
        <ele>92.06</ele>
      </trkpt>
      <trkpt lat="40.92658281326294" lon="23.869235515594482">
        <ele>91.72</ele>
      </trkpt>
      <trkpt lat="40.92681893147528" lon="23.869214057922363">
        <ele>91.41</ele>
      </trkpt>
      <trkpt lat="40.92703342437744" lon="23.86929988861084">
        <ele>91.12</ele>
      </trkpt>
      <trkpt lat="40.92717298306525" lon="23.869514549151063">
        <ele>90.73</ele>
      </trkpt>
      <trkpt lat="40.92731245793402" lon="23.869729042053223">
        <ele>90.29</ele>
      </trkpt>
      <trkpt lat="40.92750549316406" lon="23.87000799179077">
        <ele>89.79</ele>
      </trkpt>
      <trkpt lat="40.92763432301581" lon="23.870115280151367">
        <ele>89.26</ele>
      </trkpt>
      <trkpt lat="40.92780590057373" lon="23.870115280151367">
        <ele>88.7</ele>
      </trkpt>
      <trkpt lat="40.92807018198073" lon="23.870008075609803">
        <ele>88.08</ele>
      </trkpt>
      <trkpt lat="40.92833454720676" lon="23.86990095488727">
        <ele>87.39</ele>
      </trkpt>
      <trkpt lat="40.92859991826117" lon="23.86979341506958">
        <ele>86.65</ele>
      </trkpt>
      <trkpt lat="40.928728664293885" lon="23.869750499725342">
        <ele>85.93</ele>
      </trkpt>
      <trkpt lat="40.92877157963812" lon="23.869729042053223">
        <ele>85.21</ele>
      </trkpt>
      <trkpt lat="40.92877149581909" lon="23.869729042053223">
        <ele>84.49</ele>
      </trkpt>
      <trkpt lat="40.92895355075598" lon="23.869707584381104">
        <ele>83.67</ele>
      </trkpt>
      <trkpt lat="40.92913627624512" lon="23.869686126708984">
        <ele>82.86</ele>
      </trkpt>
      <trkpt lat="40.92940617352724" lon="23.869707500562072">
        <ele>82.02</ele>
      </trkpt>
      <trkpt lat="40.929676154628396" lon="23.86972895823419">
        <ele>81.19</ele>
      </trkpt>
      <trkpt lat="40.92994605191052" lon="23.86975033208728">
        <ele>80.36</ele>
      </trkpt>
      <trkpt lat="40.930216033011675" lon="23.869771789759398">
        <ele>79.51</ele>
      </trkpt>
      <trkpt lat="40.93048810958862" lon="23.86979341506958">
        <ele>78.7</ele>
      </trkpt>
      <trkpt lat="40.93071660026908" lon="23.869779082015157">
        <ele>77.92</ele>
      </trkpt>
      <trkpt lat="40.93094517476857" lon="23.869764832779765">
        <ele>77.16</ele>
      </trkpt>
      <trkpt lat="40.93117483891547" lon="23.869750499725342">
        <ele>76.39</ele>
      </trkpt>
      <trkpt lat="40.93138933181763" lon="23.869750499725342">
        <ele>75.62</ele>
      </trkpt>
      <trkpt lat="40.93158253468573" lon="23.8698148727417">
        <ele>74.89</ele>
      </trkpt>
      <trkpt lat="40.931805074214935" lon="23.870064318180084">
        <ele>74.26</ele>
      </trkpt>
      <trkpt lat="40.93202769756317" lon="23.87031376361847">
        <ele>73.63</ele>
      </trkpt>
      <trkpt lat="40.93225032091141" lon="23.870563209056854">
        <ele>72.96</ele>
      </trkpt>
      <trkpt lat="40.932472944259644" lon="23.87081265449524">
        <ele>72.35</ele>
      </trkpt>
      <trkpt lat="40.93269556760788" lon="23.871062099933624">
        <ele>71.79</ele>
      </trkpt>
      <trkpt lat="40.932918190956116" lon="23.87131154537201">
        <ele>71.26</ele>
      </trkpt>
      <trkpt lat="40.93314081430435" lon="23.871560990810394">
        <ele>70.78</ele>
      </trkpt>
      <trkpt lat="40.93336343765259" lon="23.87181043624878">
        <ele>70.36</ele>
      </trkpt>
      <trkpt lat="40.9334921836853" lon="23.871949827298522">
        <ele>69.97</ele>
      </trkpt>
      <trkpt lat="40.93362101353705" lon="23.872089385986328">
        <ele>69.62</ele>
      </trkpt>
      <trkpt lat="40.93370692804456" lon="23.872375963255763">
        <ele>69.34</ele>
      </trkpt>
      <trkpt lat="40.9337929263711" lon="23.872662540525198">
        <ele>69.17</ele>
      </trkpt>
      <trkpt lat="40.93387850560248" lon="23.872947692871094">
        <ele>69.11</ele>
      </trkpt>
      <trkpt lat="40.93402870930731" lon="23.873291015625">
        <ele>69.15</ele>
      </trkpt>
      <trkpt lat="40.93415753915906" lon="23.873548759147525">
        <ele>69.22</ele>
      </trkpt>
      <trkpt lat="40.93428620137274" lon="23.87380599975586">
        <ele>69.33</ele>
      </trkpt>
      <trkpt lat="40.93443640507758" lon="23.874084949493408">
        <ele>69.46</ele>
      </trkpt>
      <trkpt lat="40.93458132818341" lon="23.8743426091969">
        <ele>69.67</ele>
      </trkpt>
      <trkpt lat="40.93472625128925" lon="23.874600352719426">
        <ele>69.97</ele>
      </trkpt>
      <trkpt lat="40.934871174395084" lon="23.87485809624195">
        <ele>70.34</ele>
      </trkpt>
      <trkpt lat="40.93501567840576" lon="23.875114917755127">
        <ele>70.76</ele>
      </trkpt>
      <trkpt lat="40.935208881273866" lon="23.875372409820557">
        <ele>71.26</ele>
      </trkpt>
      <trkpt lat="40.93538045883179" lon="23.875536862760782">
        <ele>71.78</ele>
      </trkpt>
      <trkpt lat="40.93555203638971" lon="23.875701315701008">
        <ele>72.36</ele>
      </trkpt>
      <trkpt lat="40.93572378158569" lon="23.875865936279297">
        <ele>72.99</ele>
      </trkpt>
      <trkpt lat="40.93590600416064" lon="23.87598378583789">
        <ele>73.66</ele>
      </trkpt>
      <trkpt lat="40.93608856201172" lon="23.876101970672607">
        <ele>74.38</ele>
      </trkpt>
      <trkpt lat="40.93634571880102" lon="23.87619836255908">
        <ele>75.17</ele>
      </trkpt>
      <trkpt lat="40.93660354614258" lon="23.87629508972168">
        <ele>76.04</ele>
      </trkpt>
      <trkpt lat="40.93687134794891" lon="23.876327192410827">
        <ele>76.92</ele>
      </trkpt>
      <trkpt lat="40.93714007176459" lon="23.876359462738037">
        <ele>77.83</ele>
      </trkpt>
      <trkpt lat="40.93743075616658" lon="23.876359462738037">
        <ele>78.76</ele>
      </trkpt>
      <trkpt lat="40.9377215243876" lon="23.876359462738037">
        <ele>79.67</ele>
      </trkpt>
      <trkpt lat="40.93801229260862" lon="23.876359462738037">
        <ele>80.59</ele>
      </trkpt>
      <trkpt lat="40.93830297701061" lon="23.876359462738037">
        <ele>81.51</ele>
      </trkpt>
      <trkpt lat="40.93859374523163" lon="23.876359462738037">
        <ele>82.37</ele>
      </trkpt>
      <trkpt lat="40.93888451345265" lon="23.876359462738037">
        <ele>83.2</ele>
      </trkpt>
      <trkpt lat="40.939178466796875" lon="23.876359462738037">
        <ele>84.04</ele>
      </trkpt>
      <trkpt lat="40.93946764245629" lon="23.87642366811633">
        <ele>84.83</ele>
      </trkpt>
      <trkpt lat="40.93975782394409" lon="23.876488208770752">
        <ele>85.53</ele>
      </trkpt>
      <trkpt lat="40.93998287804425" lon="23.876616787165403">
        <ele>86.19</ele>
      </trkpt>
      <trkpt lat="40.940208518877625" lon="23.87674570083618">
        <ele>86.79</ele>
      </trkpt>
      <trkpt lat="40.94042292796075" lon="23.87694946490228">
        <ele>87.37</ele>
      </trkpt>
      <trkpt lat="40.94063758850098" lon="23.877153396606445">
        <ele>87.9</ele>
      </trkpt>
      <trkpt lat="40.94082006253302" lon="23.877453971654177">
        <ele>88.38</ele>
      </trkpt>
      <trkpt lat="40.941002368927" lon="23.87775421142578">
        <ele>88.82</ele>
      </trkpt>
      <trkpt lat="40.9411839209497" lon="23.878062665462494">
        <ele>89.25</ele>
      </trkpt>
      <trkpt lat="40.94136547297239" lon="23.878371119499207">
        <ele>89.67</ele>
      </trkpt>
      <trkpt lat="40.94154702499509" lon="23.87867957353592">
        <ele>90.02</ele>
      </trkpt>
      <trkpt lat="40.941728577017784" lon="23.878988027572632">
        <ele>90.31</ele>
      </trkpt>
      <trkpt lat="40.94191012904048" lon="23.879296481609344">
        <ele>90.6</ele>
      </trkpt>
      <trkpt lat="40.94209176488221" lon="23.879604935646057">
        <ele>90.81</ele>
      </trkpt>
      <trkpt lat="40.9422733169049" lon="23.87991338968277">
        <ele>91.0</ele>
      </trkpt>
      <trkpt lat="40.9424548689276" lon="23.880221843719482">
        <ele>91.08</ele>
      </trkpt>
      <trkpt lat="40.94263642095029" lon="23.880530297756195">
        <ele>91.07</ele>
      </trkpt>
      <trkpt lat="40.94281797297299" lon="23.880838751792908">
        <ele>91.03</ele>
      </trkpt>
      <trkpt lat="40.94299793243408" lon="23.881144523620605">
        <ele>90.95</ele>
      </trkpt>
      <trkpt lat="40.9431266784668" lon="23.88132699765265">
        <ele>90.82</ele>
      </trkpt>
      <trkpt lat="40.94325542449951" lon="23.88150930404663">
        <ele>90.66</ele>
      </trkpt>
      <trkpt lat="40.943405628204346" lon="23.881680965423584">
        <ele>90.47</ele>
      </trkpt>
      <trkpt lat="40.94355583190918" lon="23.881852626800537">
        <ele>90.23</ele>
      </trkpt>
      <trkpt lat="40.9437274094671" lon="23.88200274668634">
        <ele>89.93</ele>
      </trkpt>
      <trkpt lat="40.943899154663086" lon="23.882153034210205">
        <ele>89.57</ele>
      </trkpt>
      <trkpt lat="40.944150276482105" lon="23.882315307855606">
        <ele>89.14</ele>
      </trkpt>
      <trkpt lat="40.944401398301125" lon="23.88247766532004">
        <ele>88.68</ele>
      </trkpt>
      <trkpt lat="40.944652603939176" lon="23.88263993896544">
        <ele>88.16</ele>
      </trkpt>
      <trkpt lat="40.944903725758195" lon="23.882802296429873">
        <ele>87.62</ele>
      </trkpt>
      <trkpt lat="40.945154847577214" lon="23.882964653894305">
        <ele>87.05</ele>
      </trkpt>
      <trkpt lat="40.945406053215265" lon="23.883126927539706">
        <ele>86.42</ele>
      </trkpt>
      <trkpt lat="40.945658683776855" lon="23.88329029083252">
        <ele>85.73</ele>
      </trkpt>
      <trkpt lat="40.94587300904095" lon="23.8834242336452">
        <ele>85.06</ele>
      </trkpt>
      <trkpt lat="40.94608741812408" lon="23.883558260276914">
        <ele>84.35</ele>
      </trkpt>
      <trkpt lat="40.94630182720721" lon="23.883692203089595">
        <ele>83.59</ele>
      </trkpt>
      <trkpt lat="40.94651699066162" lon="23.883826732635498">
        <ele>82.76</ele>
      </trkpt>
      <trkpt lat="40.946774147450924" lon="23.88395531103015">
        <ele>81.88</ele>
      </trkpt>
      <trkpt lat="40.94703138805926" lon="23.8840838894248">
        <ele>81.03</ele>
      </trkpt>
      <trkpt lat="40.94728862866759" lon="23.884212467819452">
        <ele>80.11</ele>
      </trkpt>
      <trkpt lat="40.94754695892334" lon="23.884341716766357">
        <ele>79.13</ele>
      </trkpt>
      <trkpt lat="40.94778802245855" lon="23.88441665098071">
        <ele>78.14</ele>
      </trkpt>
      <trkpt lat="40.94802908599377" lon="23.884491669014096">
        <ele>77.15</ele>
      </trkpt>
      <trkpt lat="40.94827014952898" lon="23.88456668704748">
        <ele>76.14</ele>
      </trkpt>
      <trkpt lat="40.9485125541687" lon="23.884642124176025">
        <ele>75.09</ele>
      </trkpt>
      <trkpt lat="40.948819667100906" lon="23.884713537991047">
        <ele>74.01</ele>
      </trkpt>
      <trkpt lat="40.94912678003311" lon="23.88478495180607">
        <ele>72.94</ele>
      </trkpt>
      <trkpt lat="40.949435234069824" lon="23.884856700897217">
        <ele>71.78</ele>
      </trkpt>
      <trkpt lat="40.94973564147949" lon="23.884856700897217">
        <ele>70.56</ele>
      </trkpt>
      <trkpt lat="40.95004627481103" lon="23.88479241169989">
        <ele>69.35</ele>
      </trkpt>
      <trkpt lat="40.95035791397095" lon="23.884727954864502">
        <ele>68.12</ele>
      </trkpt>
      <trkpt lat="40.950550781562924" lon="23.884631479158998">
        <ele>66.85</ele>
      </trkpt>
      <trkpt lat="40.95074415206909" lon="23.88453483581543">
        <ele>65.56</ele>
      </trkpt>
      <trkpt lat="40.95094783231616" lon="23.884384715929627">
        <ele>64.24</ele>
      </trkpt>
      <trkpt lat="40.951151847839355" lon="23.88423442840576">
        <ele>62.97</ele>
      </trkpt>
      <trkpt lat="40.95128059387207" lon="23.884094953536987">
        <ele>61.66</ele>
      </trkpt>
      <trkpt lat="40.95140942372382" lon="23.883955478668213">
        <ele>60.32</ele>
      </trkpt>
      <trkpt lat="40.95149525441229" lon="23.883891105651855">
        <ele>58.96</ele>
      </trkpt>
      <trkpt lat="40.951666831970215" lon="23.883612155914307">
        <ele>57.53</ele>
      </trkpt>
      <trkpt lat="40.9517849329859" lon="23.88338659889996">
        <ele>56.09</ele>
      </trkpt>
      <trkpt lat="40.951902866363525" lon="23.883161544799805">
        <ele>54.64</ele>
      </trkpt>
      <trkpt lat="40.95203714445233" lon="23.882839176803827">
        <ele>53.12</ele>
      </trkpt>
      <trkpt lat="40.95217142254114" lon="23.88251689262688">
        <ele>51.61</ele>
      </trkpt>
      <trkpt lat="40.95230570062995" lon="23.882194608449936">
        <ele>50.12</ele>
      </trkpt>
      <trkpt lat="40.952439308166504" lon="23.881874084472656">
        <ele>48.6</ele>
      </trkpt>
      <trkpt lat="40.95257886685431" lon="23.88162706978619">
        <ele>47.06</ele>
      </trkpt>
      <trkpt lat="40.95271825790405" lon="23.881380558013916">
        <ele>45.52</ele>
      </trkpt>
      <trkpt lat="40.95294004306197" lon="23.881101524457335">
        <ele>44.03</ele>
      </trkpt>
      <trkpt lat="40.95316182821989" lon="23.880822490900755">
        <ele>42.57</ele>
      </trkpt>
      <trkpt lat="40.953383445739746" lon="23.88054370880127">
        <ele>41.07</ele>
      </trkpt>
      <trkpt lat="40.95353364944458" lon="23.880372047424316">
        <ele>39.58</ele>
      </trkpt>
      <trkpt lat="40.95378384925425" lon="23.880164679139853">
        <ele>38.05</ele>
      </trkpt>
      <trkpt lat="40.95403404906392" lon="23.87995739467442">
        <ele>36.54</ele>
      </trkpt>
      <trkpt lat="40.95428424887359" lon="23.879750026389956">
        <ele>35.05</ele>
      </trkpt>
      <trkpt lat="40.95453444868326" lon="23.879542741924524">
        <ele>33.6</ele>
      </trkpt>
      <trkpt lat="40.954784732311964" lon="23.87933537364006">
        <ele>32.17</ele>
      </trkpt>
      <trkpt lat="40.95503568649292" lon="23.879127502441406">
        <ele>30.78</ele>
      </trkpt>
      <trkpt lat="40.955292927101254" lon="23.878955924883485">
        <ele>29.39</ele>
      </trkpt>
      <trkpt lat="40.95555067062378" lon="23.8787841796875">
        <ele>28.06</ele>
      </trkpt>
      <trkpt lat="40.95580782741308" lon="23.878684099763632">
        <ele>26.74</ele>
      </trkpt>
      <trkpt lat="40.956064984202385" lon="23.878584103658795">
        <ele>25.45</ele>
      </trkpt>
      <trkpt lat="40.95632314682007" lon="23.878483772277832">
        <ele>24.15</ele>
      </trkpt>
      <trkpt lat="40.95656957477331" lon="23.878387296572328">
        <ele>22.92</ele>
      </trkpt>
      <trkpt lat="40.956816002726555" lon="23.878290820866823">
        <ele>21.75</ele>
      </trkpt>
      <trkpt lat="40.9570624306798" lon="23.87819442898035">
        <ele>20.63</ele>
      </trkpt>
      <trkpt lat="40.95731019973755" lon="23.878097534179688">
        <ele>19.55</ele>
      </trkpt>
      <trkpt lat="40.95750331878662" lon="23.877990245819092">
        <ele>18.5</ele>
      </trkpt>
      <trkpt lat="40.95769643783569" lon="23.877840042114258">
        <ele>17.5</ele>
      </trkpt>
      <trkpt lat="40.95790011808276" lon="23.877668380737305">
        <ele>16.55</ele>
      </trkpt>
      <trkpt lat="40.95810388214886" lon="23.877496803179383">
        <ele>15.61</ele>
      </trkpt>
      <trkpt lat="40.95830764621496" lon="23.877325225621462">
        <ele>14.69</ele>
      </trkpt>
      <trkpt lat="40.95851182937622" lon="23.877153396606445">
        <ele>13.82</ele>
      </trkpt>
      <trkpt lat="40.958733363077044" lon="23.876996068283916">
        <ele>13.0</ele>
      </trkpt>
      <trkpt lat="40.9589549805969" lon="23.876838823780417">
        <ele>12.18</ele>
      </trkpt>
      <trkpt lat="40.959177101030946" lon="23.876681327819824">
        <ele>11.38</ele>
      </trkpt>
      <trkpt lat="40.959455631673336" lon="23.8765633944422">
        <ele>10.59</ele>
      </trkpt>
      <trkpt lat="40.95973491668701" lon="23.876445293426514">
        <ele>9.91</ele>
      </trkpt>
      <trkpt lat="40.95990632660687" lon="23.876391649246216">
        <ele>9.3</ele>
      </trkpt>
      <trkpt lat="40.96007832325995" lon="23.876338005065918">
        <ele>8.73</ele>
      </trkpt>
      <trkpt lat="40.96030320972204" lon="23.87630581855774">
        <ele>8.23</ele>
      </trkpt>
      <trkpt lat="40.96052885055542" lon="23.87627363204956">
        <ele>7.75</ele>
      </trkpt>
      <trkpt lat="40.96078592352569" lon="23.87628427706659">
        <ele>7.28</ele>
      </trkpt>
      <trkpt lat="40.96104383468628" lon="23.87629508972168">
        <ele>6.83</ele>
      </trkpt>
      <trkpt lat="40.961308032274246" lon="23.876327192410827">
        <ele>6.42</ele>
      </trkpt>
      <trkpt lat="40.961572313681245" lon="23.876359295099974">
        <ele>6.01</ele>
      </trkpt>
      <trkpt lat="40.96183651126921" lon="23.876391481608152">
        <ele>5.6</ele>
      </trkpt>
      <trkpt lat="40.96210079267621" lon="23.8764235842973">
        <ele>5.24</ele>
      </trkpt>
      <trkpt lat="40.96236499026418" lon="23.876455770805478">
        <ele>4.91</ele>
      </trkpt>
      <trkpt lat="40.962631702423096" lon="23.876488208770752">
        <ele>4.65</ele>
      </trkpt>
      <trkpt lat="40.962945856153965" lon="23.87650958262384">
        <ele>4.38</ele>
      </trkpt>
      <trkpt lat="40.963260093703866" lon="23.87653104029596">
        <ele>4.14</ele>
      </trkpt>
      <trkpt lat="40.96357583999634" lon="23.87655258178711">
        <ele>3.92</ele>
      </trkpt>
      <trkpt lat="40.96387884579599" lon="23.876538751646876">
        <ele>3.72</ele>
      </trkpt>
      <trkpt lat="40.96418185159564" lon="23.876525005325675">
        <ele>3.56</ele>
      </trkpt>
      <trkpt lat="40.96448485739529" lon="23.876511259004474">
        <ele>3.42</ele>
      </trkpt>
      <trkpt lat="40.96478786319494" lon="23.87649742886424">
        <ele>3.32</ele>
      </trkpt>
      <trkpt lat="40.965090868994594" lon="23.87648368254304">
        <ele>3.19</ele>
      </trkpt>
      <trkpt lat="40.965393874794245" lon="23.876469936221838">
        <ele>3.1</ele>
      </trkpt>
      <trkpt lat="40.965696880593896" lon="23.876456106081605">
        <ele>3.07</ele>
      </trkpt>
      <trkpt lat="40.96599988639355" lon="23.876442359760404">
        <ele>3.03</ele>
      </trkpt>
      <trkpt lat="40.9663028921932" lon="23.876428613439202">
        <ele>2.98</ele>
      </trkpt>
      <trkpt lat="40.96660589799285" lon="23.87641478329897">
        <ele>2.97</ele>
      </trkpt>
      <trkpt lat="40.9669089037925" lon="23.876401036977768">
        <ele>3.01</ele>
      </trkpt>
      <trkpt lat="40.96721190959215" lon="23.876387290656567">
        <ele>3.09</ele>
      </trkpt>
      <trkpt lat="40.9675149153918" lon="23.876373460516334">
        <ele>3.21</ele>
      </trkpt>
      <trkpt lat="40.96782454289496" lon="23.876359462738037">
        <ele>3.31</ele>
      </trkpt>
      <trkpt lat="40.968038784340024" lon="23.876348733901978">
        <ele>3.48</ele>
      </trkpt>
      <trkpt lat="40.96825369633734" lon="23.876338005065918">
        <ele>3.66</ele>
      </trkpt>
      <trkpt lat="40.9684821870178" lon="23.876309422776103">
        <ele>3.89</ele>
      </trkpt>
      <trkpt lat="40.968710677698255" lon="23.876280840486288">
        <ele>4.18</ele>
      </trkpt>
      <trkpt lat="40.96894025802612" lon="23.87625217437744">
        <ele>4.54</ele>
      </trkpt>
      <trkpt lat="40.96916522830725" lon="23.876187885180116">
        <ele>4.92</ele>
      </trkpt>
      <trkpt lat="40.969390869140625" lon="23.876123428344727">
        <ele>5.34</ele>
      </trkpt>
      <trkpt lat="40.969540905207396" lon="23.87604832649231">
        <ele>5.79</ele>
      </trkpt>
      <trkpt lat="40.96969127655029" lon="23.875973224639893">
        <ele>6.3</ele>
      </trkpt>
      <trkpt lat="40.96987341530621" lon="23.87586602009833">
        <ele>6.87</ele>
      </trkpt>
      <trkpt lat="40.97005605697632" lon="23.8757586479187">
        <ele>7.5</ele>
      </trkpt>
      <trkpt lat="40.97033500671387" lon="23.87556552886963">
        <ele>8.17</ele>
      </trkpt>
      <trkpt lat="40.970560144633055" lon="23.875377858057618">
        <ele>8.87</ele>
      </trkpt>
      <trkpt lat="40.970785366371274" lon="23.875190187245607">
        <ele>9.62</ele>
      </trkpt>
      <trkpt lat="40.97101058810949" lon="23.875002516433597">
        <ele>10.47</ele>
      </trkpt>
      <trkpt lat="40.97122994251549" lon="23.874819539487362">
        <ele>11.38</ele>
      </trkpt>
      <trkpt lat="40.971231535077095" lon="23.874818282201886">
        <ele>12.35</ele>
      </trkpt>
      <trkpt lat="40.9712331276387" lon="23.87481702491641">
        <ele>13.39</ele>
      </trkpt>
      <trkpt lat="40.97123463638127" lon="23.874815851449966">
        <ele>14.5</ele>
      </trkpt>
      <trkpt lat="40.9712363127619" lon="23.87481451034546">
        <ele>15.67</ele>
      </trkpt>
      <trkpt lat="40.97123622894287" lon="23.87481451034546">
        <ele>16.9</ele>
      </trkpt>
      <trkpt lat="40.9712363127619" lon="23.87481451034546">
        <ele>15.67</ele>
      </trkpt>
      <trkpt lat="40.971443597227335" lon="23.874621391296387">
        <ele>19.62</ele>
      </trkpt>
      <trkpt lat="40.9716509655118" lon="23.874428356066346">
        <ele>21.09</ele>
      </trkpt>
      <trkpt lat="40.97185858525336" lon="23.874235153198242">
        <ele>22.61</ele>
      </trkpt>
      <trkpt lat="40.972098810598254" lon="23.8740249350667">
        <ele>24.26</ele>
      </trkpt>
      <trkpt lat="40.97233903594315" lon="23.873814716935158">
        <ele>25.95</ele>
      </trkpt>
      <trkpt lat="40.97257926128805" lon="23.873604498803616">
        <ele>27.67</ele>
      </trkpt>
      <trkpt lat="40.97281948663294" lon="23.873394280672073">
        <ele>29.47</ele>
      </trkpt>
      <trkpt lat="40.97306021489203" lon="23.873183727264404">
        <ele>31.39</ele>
      </trkpt>
      <trkpt lat="40.973317539319396" lon="23.872947692871094">
        <ele>33.33</ele>
      </trkpt>
      <trkpt lat="40.97357511520386" lon="23.872711658477783">
        <ele>35.27</ele>
      </trkpt>
      <trkpt lat="40.97375742159784" lon="23.87251853942871">
        <ele>37.18</ele>
      </trkpt>
      <trkpt lat="40.97393989562988" lon="23.87232542037964">
        <ele>39.15</ele>
      </trkpt>
      <trkpt lat="40.974133014678955" lon="23.872067760676146">
        <ele>41.09</ele>
      </trkpt>
      <trkpt lat="40.97432621754706" lon="23.871810184791684">
        <ele>43.06</ele>
      </trkpt>
      <trkpt lat="40.97451942041516" lon="23.871552608907223">
        <ele>45.15</ele>
      </trkpt>
      <trkpt lat="40.97471262328327" lon="23.87129503302276">
        <ele>47.24</ele>
      </trkpt>
      <trkpt lat="40.97490582615137" lon="23.8710374571383">
        <ele>49.26</ele>
      </trkpt>
      <trkpt lat="40.975099029019475" lon="23.87077988125384">
        <ele>51.28</ele>
      </trkpt>
      <trkpt lat="40.97529172897339" lon="23.87052297592163">
        <ele>53.3</ele>
      </trkpt>
      <trkpt lat="40.97546339035034" lon="23.870244026184082">
        <ele>55.27</ele>
      </trkpt>
      <trkpt lat="40.975635051727295" lon="23.869922161102295">
        <ele>57.22</ele>
      </trkpt>
      <trkpt lat="40.975710237398744" lon="23.869696436449885">
        <ele>59.14</ele>
      </trkpt>
      <trkpt lat="40.97578525543213" lon="23.869471549987793">
        <ele>61.08</ele>
      </trkpt>
      <trkpt lat="40.97588198259473" lon="23.869095286354423">
        <ele>62.99</ele>
      </trkpt>
      <trkpt lat="40.97597870975733" lon="23.868719106540084">
        <ele>64.94</ele>
      </trkpt>
      <trkpt lat="40.97607543691993" lon="23.868342842906713">
        <ele>66.94</ele>
      </trkpt>
      <trkpt lat="40.97617216408253" lon="23.867966663092375">
        <ele>68.92</ele>
      </trkpt>
      <trkpt lat="40.97626897506416" lon="23.867590483278036">
        <ele>70.77</ele>
      </trkpt>
      <trkpt lat="40.976364612579346" lon="23.867218494415283">
        <ele>72.53</ele>
      </trkpt>
      <trkpt lat="40.97650785930455" lon="23.86686746031046">
        <ele>74.19</ele>
      </trkpt>
      <trkpt lat="40.97665110602975" lon="23.866516510024667">
        <ele>75.75</ele>
      </trkpt>
      <trkpt lat="40.97679376602173" lon="23.866167068481445">
        <ele>77.22</ele>
      </trkpt>
      <trkpt lat="40.97705125808716" lon="23.866145610809326">
        <ele>78.77</ele>
      </trkpt>
      <trkpt lat="40.977137088775635" lon="23.866209983825684">
        <ele>80.17</ele>
      </trkpt>
      <trkpt lat="40.97726583480835" lon="23.86631727218628">
        <ele>81.5</ele>
      </trkpt>
      <trkpt lat="40.977394664660096" lon="23.8665821403265">
        <ele>82.78</ele>
      </trkpt>
      <trkpt lat="40.977523578330874" lon="23.866847092285752">
        <ele>83.97</ele>
      </trkpt>
      <trkpt lat="40.977652072906494" lon="23.867111206054688">
        <ele>85.06</ele>
      </trkpt>
      <trkpt lat="40.97775936126709" lon="23.867239952087402">
        <ele>86.05</ele>
      </trkpt>
      <trkpt lat="40.97803805954754" lon="23.867411445826292">
        <ele>86.95</ele>
      </trkpt>
      <trkpt lat="40.97831734456122" lon="23.86758327484131">
        <ele>87.72</ele>
      </trkpt>
      <trkpt lat="40.97851046361029" lon="23.867733478546143">
        <ele>88.4</ele>
      </trkpt>
      <trkpt lat="40.97876795567572" lon="23.867969512939453">
        <ele>89.01</ele>
      </trkpt>
      <trkpt lat="40.97893953323364" lon="23.868205547332764">
        <ele>89.58</ele>
      </trkpt>
      <trkpt lat="40.97902544774115" lon="23.868484497070312">
        <ele>90.07</ele>
      </trkpt>
      <trkpt lat="40.97902536392212" lon="23.868570998311043">
        <ele>90.46</ele>
      </trkpt>
      <trkpt lat="40.97902536392212" lon="23.868573177605867">
        <ele>90.77</ele>
      </trkpt>
      <trkpt lat="40.97902536392212" lon="23.868575356900692">
        <ele>91.01</ele>
      </trkpt>
      <trkpt lat="40.97902536392212" lon="23.868577452376485">
        <ele>91.17</ele>
      </trkpt>
      <trkpt lat="40.97902536392212" lon="23.868579883128405">
        <ele>91.27</ele>
      </trkpt>
      <trkpt lat="40.97902536392212" lon="23.86882781982422">
        <ele>91.31</ele>
      </trkpt>
      <trkpt lat="40.97908973693848" lon="23.868892192840576">
        <ele>91.29</ele>
      </trkpt>
      <trkpt lat="40.97917556762695" lon="23.868913650512695">
        <ele>91.21</ele>
      </trkpt>
      <trkpt lat="40.97937908023596" lon="23.868892192840576">
        <ele>91.1</ele>
      </trkpt>
      <trkpt lat="40.97958326339722" lon="23.868870735168457">
        <ele>90.91</ele>
      </trkpt>
      <trkpt lat="40.97962626256049" lon="23.869074918329716">
        <ele>90.63</ele>
      </trkpt>
      <trkpt lat="40.97966909408569" lon="23.86927843093872">
        <ele>90.31</ele>
      </trkpt>
      <trkpt lat="40.97995617426932" lon="23.869252698495984">
        <ele>89.92</ele>
      </trkpt>
      <trkpt lat="40.980243254452944" lon="23.869226966053247">
        <ele>89.52</ele>
      </trkpt>
      <trkpt lat="40.98053033463657" lon="23.86920123361051">
        <ele>89.14</ele>
      </trkpt>
      <trkpt lat="40.980817414820194" lon="23.869175584986806">
        <ele>88.77</ele>
      </trkpt>
      <trkpt lat="40.981106758117676" lon="23.869149684906006">
        <ele>88.33</ele>
      </trkpt>
      <trkpt lat="40.98127841949463" lon="23.86908531188965">
        <ele>87.92</ele>
      </trkpt>
      <trkpt lat="40.9814715385437" lon="23.869171142578125">
        <ele>87.42</ele>
      </trkpt>
      <trkpt lat="40.98155736923218" lon="23.869171142578125">
        <ele>86.96</ele>
      </trkpt>
      <trkpt lat="40.98179298453033" lon="23.869117498397827">
        <ele>86.47</ele>
      </trkpt>
      <trkpt lat="40.9820294380188" lon="23.86906385421753">
        <ele>86.03</ele>
      </trkpt>
      <trkpt lat="40.98218441940844" lon="23.868999062106013">
        <ele>85.59</ele>
      </trkpt>
      <trkpt lat="40.98218634724617" lon="23.868998307734728">
        <ele>85.18</ele>
      </trkpt>
      <trkpt lat="40.9821882750839" lon="23.868997553363442">
        <ele>84.79</ele>
      </trkpt>
      <trkpt lat="40.98219020292163" lon="23.868996798992157">
        <ele>84.41</ele>
      </trkpt>
      <trkpt lat="40.98219238221645" lon="23.86899596080184">
        <ele>84.07</ele>
      </trkpt>
      <trkpt lat="40.98228701390326" lon="23.868956565856934">
        <ele>83.74</ele>
      </trkpt>
      <trkpt lat="40.98241567611694" lon="23.868849277496338">
        <ele>83.45</ele>
      </trkpt>
      <trkpt lat="40.982608711346984" lon="23.868666887283325">
        <ele>83.19</ele>
      </trkpt>
      <trkpt lat="40.98280191421509" lon="23.868484497070312">
        <ele>82.98</ele>
      </trkpt>
      <trkpt lat="40.982909286394715" lon="23.868227005004883">
        <ele>82.84</ele>
      </trkpt>
      <trkpt lat="40.98313434049487" lon="23.86805542744696">
        <ele>82.71</ele>
      </trkpt>
      <trkpt lat="40.983359813690186" lon="23.867883682250977">
        <ele>82.62</ele>
      </trkpt>
      <trkpt lat="40.98342418670654" lon="23.867862224578857">
        <ele>82.55</ele>
      </trkpt>
      <trkpt lat="40.98353147506714" lon="23.867926597595215">
        <ele>82.53</ele>
      </trkpt>
      <trkpt lat="40.98372467793524" lon="23.867626190185547">
        <ele>82.61</ele>
      </trkpt>
      <trkpt lat="40.98386415280402" lon="23.86743290349841">
        <ele>82.73</ele>
      </trkpt>
      <trkpt lat="40.98400354385376" lon="23.867239952087402">
        <ele>82.88</ele>
      </trkpt>
      <trkpt lat="40.98418585024774" lon="23.86708974838257">
        <ele>83.07</ele>
      </trkpt>
      <trkpt lat="40.98436840809882" lon="23.866939544677734">
        <ele>83.32</ele>
      </trkpt>
      <trkpt lat="40.984604358673096" lon="23.866714239120483">
        <ele>83.62</ele>
      </trkpt>
      <trkpt lat="40.984840309247375" lon="23.866489017382264">
        <ele>83.98</ele>
      </trkpt>
      <trkpt lat="40.98507625982165" lon="23.866263795644045">
        <ele>84.39</ele>
      </trkpt>
      <trkpt lat="40.98531254567206" lon="23.86603832244873">
        <ele>84.87</ele>
      </trkpt>
      <trkpt lat="40.985419834032655" lon="23.865995407104492">
        <ele>85.37</ele>
      </trkpt>
      <trkpt lat="40.98564497195184" lon="23.8657808303833">
        <ele>85.92</ele>
      </trkpt>
      <trkpt lat="40.985870361328125" lon="23.86556625366211">
        <ele>86.52</ele>
      </trkpt>
      <trkpt lat="40.98610622808337" lon="23.86538394726813">
        <ele>87.17</ele>
      </trkpt>
      <trkpt lat="40.986342430114746" lon="23.865201473236084">
        <ele>87.88</ele>
      </trkpt>
      <trkpt lat="40.986513840034604" lon="23.86511572636664">
        <ele>88.63</ele>
      </trkpt>
      <trkpt lat="40.98668575286865" lon="23.86502981185913">
        <ele>89.36</ele>
      </trkpt>
      <trkpt lat="40.98697040230036" lon="23.864928726106882">
        <ele>90.11</ele>
      </trkpt>
      <trkpt lat="40.987255135551095" lon="23.864827724173665">
        <ele>90.97</ele>
      </trkpt>
      <trkpt lat="40.98753986880183" lon="23.864726722240448">
        <ele>91.86</ele>
      </trkpt>
      <trkpt lat="40.98782451823354" lon="23.8646256364882">
        <ele>92.75</ele>
      </trkpt>
      <trkpt lat="40.988109251484275" lon="23.864524634554982">
        <ele>93.67</ele>
      </trkpt>
      <trkpt lat="40.98839398473501" lon="23.864423632621765">
        <ele>94.63</ele>
      </trkpt>
      <trkpt lat="40.98868131637573" lon="23.8643217086792">
        <ele>95.62</ele>
      </trkpt>
      <trkpt lat="40.98892414011061" lon="23.86422162875533">
        <ele>96.66</ele>
      </trkpt>
      <trkpt lat="40.98916704766452" lon="23.864121632650495">
        <ele>97.68</ele>
      </trkpt>
      <trkpt lat="40.98941087722778" lon="23.86402130126953">
        <ele>98.75</ele>
      </trkpt>
      <trkpt lat="40.98970013670623" lon="23.863935554400086">
        <ele>99.85</ele>
      </trkpt>
      <trkpt lat="40.98998939618468" lon="23.86384980753064">
        <ele>100.96</ele>
      </trkpt>
      <trkpt lat="40.99027865566313" lon="23.86376414448023">
        <ele>102.05</ele>
      </trkpt>
      <trkpt lat="40.99056959152222" lon="23.863677978515625">
        <ele>103.16</ele>
      </trkpt>
      <trkpt lat="40.99081601947546" lon="23.86357077397406">
        <ele>104.31</ele>
      </trkpt>
      <trkpt lat="40.99106311798096" lon="23.863463401794434">
        <ele>105.45</ele>
      </trkpt>
      <trkpt lat="40.991313150152564" lon="23.863320406526327">
        <ele>106.59</ele>
      </trkpt>
      <trkpt lat="40.9915632661432" lon="23.863177495077252">
        <ele>107.74</ele>
      </trkpt>
      <trkpt lat="40.99181413650513" lon="23.86303424835205">
        <ele>108.9</ele>
      </trkpt>
      <trkpt lat="40.99202142097056" lon="23.862848337739706">
        <ele>110.04</ele>
      </trkpt>
      <trkpt lat="40.99222878925502" lon="23.86266242712736">
        <ele>111.16</ele>
      </trkpt>
      <trkpt lat="40.99243640899658" lon="23.862476348876953">
        <ele>112.32</ele>
      </trkpt>
      <trkpt lat="40.99259717389941" lon="23.862369060516357">
        <ele>113.49</ele>
      </trkpt>
      <trkpt lat="40.99275827407837" lon="23.86226177215576">
        <ele>114.65</ele>
      </trkpt>
      <trkpt lat="40.99298316054046" lon="23.862251043319702">
        <ele>115.79</ele>
      </trkpt>
      <trkpt lat="40.99320888519287" lon="23.862240314483643">
        <ele>116.89</ele>
      </trkpt>
      <trkpt lat="40.99340175278485" lon="23.862315248697996">
        <ele>118.01</ele>
      </trkpt>
      <trkpt lat="40.993595123291016" lon="23.862390518188477">
        <ele>119.12</ele>
      </trkpt>
      <trkpt lat="40.993755804374814" lon="23.862411892041564">
        <ele>120.22</ele>
      </trkpt>
      <trkpt lat="40.9939169883728" lon="23.862433433532715">
        <ele>121.31</ele>
      </trkpt>
      <trkpt lat="40.99408839829266" lon="23.862369060516357">
        <ele>122.37</ele>
      </trkpt>
      <trkpt lat="40.99426031112671" lon="23.8623046875">
        <ele>123.46</ele>
      </trkpt>
      <trkpt lat="40.99454948678613" lon="23.862251043319702">
        <ele>124.49</ele>
      </trkpt>
      <trkpt lat="40.994839668273926" lon="23.862197399139404">
        <ele>125.51</ele>
      </trkpt>
      <trkpt lat="40.99509682506323" lon="23.86207301169634">
        <ele>126.52</ele>
      </trkpt>
      <trkpt lat="40.99535406567156" lon="23.861948708072305">
        <ele>127.53</ele>
      </trkpt>
      <trkpt lat="40.995611222460866" lon="23.86182440444827">
        <ele>128.5</ele>
      </trkpt>
      <trkpt lat="40.9958684630692" lon="23.861700100824237">
        <ele>129.51</ele>
      </trkpt>
      <trkpt lat="40.996127128601074" lon="23.86157512664795">
        <ele>130.51</ele>
      </trkpt>
      <trkpt lat="40.996341621503234" lon="23.861382007598877">
        <ele>131.5</ele>
      </trkpt>
      <trkpt lat="40.996556114405394" lon="23.861188972368836">
        <ele>132.46</ele>
      </trkpt>
      <trkpt lat="40.99677085876465" lon="23.860995769500732">
        <ele>133.39</ele>
      </trkpt>
      <trkpt lat="40.996963726356626" lon="23.86088856495917">
        <ele>134.29</ele>
      </trkpt>
      <trkpt lat="40.99715709686279" lon="23.86078119277954">
        <ele>135.15</ele>
      </trkpt>
      <trkpt lat="40.99737863056362" lon="23.86060961522162">
        <ele>135.99</ele>
      </trkpt>
      <trkpt lat="40.99760024808347" lon="23.860438037663698">
        <ele>136.86</ele>
      </trkpt>
      <trkpt lat="40.997822284698486" lon="23.86026620864868">
        <ele>137.73</ele>
      </trkpt>
      <trkpt lat="40.99801515229046" lon="23.860191190615296">
        <ele>138.55</ele>
      </trkpt>
      <trkpt lat="40.99820852279663" lon="23.860116004943848">
        <ele>139.32</ele>
      </trkpt>
      <trkpt lat="40.99847280420363" lon="23.859987342730165">
        <ele>140.03</ele>
      </trkpt>
      <trkpt lat="40.99873716942966" lon="23.859858764335513">
        <ele>140.69</ele>
      </trkpt>
      <trkpt lat="40.99900245666504" lon="23.859729766845703">
        <ele>141.36</ele>
      </trkpt>
      <trkpt lat="40.99923849105835" lon="23.859665393829346">
        <ele>142.0</ele>
      </trkpt>
      <trkpt lat="40.99950268864632" lon="23.859658185392618">
        <ele>142.61</ele>
      </trkpt>
      <trkpt lat="40.999766970053315" lon="23.859651060774922">
        <ele>143.2</ele>
      </trkpt>
      <trkpt lat="41.00003250874579" lon="23.859643936157227">
        <ele>143.79</ele>
      </trkpt>
      <trkpt lat="41.00003242492676" lon="23.859643936157227">
        <ele>144.34</ele>
      </trkpt>
      <trkpt lat="41.00024666637182" lon="23.859622478485107">
        <ele>144.9</ele>
      </trkpt>
      <trkpt lat="41.00046090781689" lon="23.85960102081299">
        <ele>145.41</ele>
      </trkpt>
      <trkpt lat="41.00067615509033" lon="23.85957956314087">
        <ele>145.92</ele>
      </trkpt>
      <trkpt lat="41.000826358795166" lon="23.859622478485107">
        <ele>146.42</ele>
      </trkpt>
      <trkpt lat="41.00093364715576" lon="23.859708309173584">
        <ele>146.9</ele>
      </trkpt>
      <trkpt lat="41.00114822387695" lon="23.859879970550537">
        <ele>147.35</ele>
      </trkpt>
      <trkpt lat="41.001362800598145" lon="23.859922885894775">
        <ele>147.83</ele>
      </trkpt>
      <trkpt lat="41.00142222829163" lon="23.85989723727107">
        <ele>148.32</ele>
      </trkpt>
      <trkpt lat="41.00142407231033" lon="23.859896482899785">
        <ele>148.79</ele>
      </trkpt>
      <trkpt lat="41.001425916329026" lon="23.8598957285285">
        <ele>149.26</ele>
      </trkpt>
      <trkpt lat="41.001427760347724" lon="23.859894974157214">
        <ele>149.73</ele>
      </trkpt>
      <trkpt lat="41.00142985582352" lon="23.859894135966897">
        <ele>150.2</ele>
      </trkpt>
      <trkpt lat="41.00151300430298" lon="23.859858512878418">
        <ele>150.71</ele>
      </trkpt>
      <trkpt lat="41.00165239535272" lon="23.859751224517822">
        <ele>151.25</ele>
      </trkpt>
      <trkpt lat="41.00179195404053" lon="23.859643936157227">
        <ele>151.78</ele>
      </trkpt>
      <trkpt lat="41.00196369923651" lon="23.859386444091797">
        <ele>152.33</ele>
      </trkpt>
      <trkpt lat="41.00204944610596" lon="23.859236240386963">
        <ele>152.84</ele>
      </trkpt>
      <trkpt lat="41.002253126353025" lon="23.85906457901001">
        <ele>153.38</ele>
      </trkpt>
      <trkpt lat="41.00245714187622" lon="23.858892917633057">
        <ele>153.93</ele>
      </trkpt>
      <trkpt lat="41.00263928063214" lon="23.858957206830382">
        <ele>154.47</ele>
      </trkpt>
      <trkpt lat="41.00282200612128" lon="23.85902166366577">
        <ele>155.03</ele>
      </trkpt>
      <trkpt lat="41.00306851789355" lon="23.85919315740466">
        <ele>155.62</ele>
      </trkpt>
      <trkpt lat="41.003315448760986" lon="23.859364986419678">
        <ele>156.22</ele>
      </trkpt>
      <trkpt lat="41.003476129844785" lon="23.8593327999115">
        <ele>156.82</ele>
      </trkpt>
      <trkpt lat="41.00363731384277" lon="23.85930061340332">
        <ele>157.44</ele>
      </trkpt>
      <trkpt lat="41.00370168685913" lon="23.85930061340332">
        <ele>158.05</ele>
      </trkpt>
      <trkpt lat="41.00387318059802" lon="23.859204137697816">
        <ele>158.68</ele>
      </trkpt>
      <trkpt lat="41.00404500961304" lon="23.859107494354248">
        <ele>159.33</ele>
      </trkpt>
      <trkpt lat="41.0040816385299" lon="23.85907874442637">
        <ele>159.98</ele>
      </trkpt>
      <trkpt lat="41.00408331491053" lon="23.859077487140894">
        <ele>160.64</ele>
      </trkpt>
      <trkpt lat="41.004084991291165" lon="23.859076229855418">
        <ele>161.31</ele>
      </trkpt>
      <trkpt lat="41.0040866676718" lon="23.859075056388974">
        <ele>161.99</ele>
      </trkpt>
      <trkpt lat="41.00408859550953" lon="23.859073631465435">
        <ele>162.69</ele>
      </trkpt>
      <trkpt lat="41.00423812866211" lon="23.858957290649414">
        <ele>163.42</ele>
      </trkpt>
      <trkpt lat="41.00432404316962" lon="23.859225930646062">
        <ele>164.12</ele>
      </trkpt>
      <trkpt lat="41.00440979003906" lon="23.859493732452393">
        <ele>164.83</ele>
      </trkpt>
      <trkpt lat="41.00445278920233" lon="23.85955810546875">
        <ele>165.57</ele>
      </trkpt>
      <trkpt lat="41.00453853607178" lon="23.859901428222656">
        <ele>166.37</ele>
      </trkpt>
      <trkpt lat="41.00449562072754" lon="23.860201835632324">
        <ele>167.16</ele>
      </trkpt>
      <trkpt lat="41.00431188941002" lon="23.86048506014049">
        <ele>167.96</ele>
      </trkpt>
      <trkpt lat="41.00413293577731" lon="23.86076057329774">
        <ele>168.78</ele>
      </trkpt>
      <trkpt lat="41.004131846129894" lon="23.860762333497405">
        <ele>169.52</ele>
      </trkpt>
      <trkpt lat="41.00413075648248" lon="23.860764177516103">
        <ele>170.27</ele>
      </trkpt>
      <trkpt lat="41.00412966683507" lon="23.86076593771577">
        <ele>171.0</ele>
      </trkpt>
      <trkpt lat="41.004128409549594" lon="23.86076794937253">
        <ele>171.73</ele>
      </trkpt>
      <trkpt lat="41.00398072041571" lon="23.860995769500732">
        <ele>172.49</ele>
      </trkpt>
      <trkpt lat="41.00380897521973" lon="23.86131763458252">
        <ele>173.28</ele>
      </trkpt>
      <trkpt lat="41.00376614369452" lon="23.861510753631592">
        <ele>174.0</ele>
      </trkpt>
      <trkpt lat="41.00376614369452" lon="23.861854076385498">
        <ele>174.74</ele>
      </trkpt>
      <trkpt lat="41.00372314453125" lon="23.86209011077881">
        <ele>175.39</ele>
      </trkpt>
      <trkpt lat="41.00369330495596" lon="23.862096145749092">
        <ele>176.0</ele>
      </trkpt>
      <trkpt lat="41.0036912932992" lon="23.862096648663282">
        <ele>176.59</ele>
      </trkpt>
      <trkpt lat="41.00368928164244" lon="23.862097151577473">
        <ele>177.15</ele>
      </trkpt>
      <trkpt lat="41.00368735380471" lon="23.86209757067263">
        <ele>177.68</ele>
      </trkpt>
      <trkpt lat="41.00368517450988" lon="23.86209807358682">
        <ele>178.17</ele>
      </trkpt>
      <trkpt lat="41.00372322835028" lon="23.86209011077881">
        <ele>178.64</ele>
      </trkpt>
      <trkpt lat="41.00362105295062" lon="23.862396385520697">
        <ele>179.04</ele>
      </trkpt>
      <trkpt lat="41.00351896136999" lon="23.862702660262585">
        <ele>179.43</ele>
      </trkpt>
      <trkpt lat="41.00341686978936" lon="23.863008935004473">
        <ele>179.79</ele>
      </trkpt>
      <trkpt lat="41.003315448760986" lon="23.8633131980896">
        <ele>180.14</ele>
      </trkpt>
      <trkpt lat="41.00322869606316" lon="23.863515201956034">
        <ele>180.44</ele>
      </trkpt>
      <trkpt lat="41.003227857872844" lon="23.863517297431827">
        <ele>180.62</ele>
      </trkpt>
      <trkpt lat="41.00322701968253" lon="23.863519309088588">
        <ele>180.75</ele>
      </trkpt>
      <trkpt lat="41.00322618149221" lon="23.86352132074535">
        <ele>180.82</ele>
      </trkpt>
      <trkpt lat="41.00322525948286" lon="23.863523667678237">
        <ele>180.83</ele>
      </trkpt>
      <trkpt lat="41.003122329711914" lon="23.8637638092041">
        <ele>180.85</ele>
      </trkpt>
      <trkpt lat="41.00292921066284" lon="23.86406421661377">
        <ele>180.78</ele>
      </trkpt>
      <trkpt lat="41.0028432123363" lon="23.86438666842878">
        <ele>180.63</ele>
      </trkpt>
      <trkpt lat="41.00275754928589" lon="23.864707946777344">
        <ele>180.34</ele>
      </trkpt>
      <trkpt lat="41.00267708301544" lon="23.864911375567317">
        <ele>180.0</ele>
      </trkpt>
      <trkpt lat="41.00260022096336" lon="23.865105416625738">
        <ele>179.58</ele>
      </trkpt>
      <trkpt lat="41.00259938277304" lon="23.865107595920563">
        <ele>179.16</ele>
      </trkpt>
      <trkpt lat="41.002598628401756" lon="23.865109691396356">
        <ele>178.67</ele>
      </trkpt>
      <trkpt lat="41.00259787403047" lon="23.86511178687215">
        <ele>178.12</ele>
      </trkpt>
      <trkpt lat="41.00259695202112" lon="23.86511421762407">
        <ele>177.51</ele>
      </trkpt>
      <trkpt lat="41.00249469280243" lon="23.86537279933691">
        <ele>176.76</ele>
      </trkpt>
      <trkpt lat="41.00239276885986" lon="23.865630626678467">
        <ele>175.95</ele>
      </trkpt>
      <trkpt lat="41.00234968587756" lon="23.865845622494817">
        <ele>175.11</ele>
      </trkpt>
      <trkpt lat="41.00230693817139" lon="23.86605978012085">
        <ele>174.22</ele>
      </trkpt>
      <trkpt lat="41.00230693817139" lon="23.866381645202637">
        <ele>173.23</ele>
      </trkpt>
      <trkpt lat="41.00229545496404" lon="23.866410898044705">
        <ele>172.28</ele>
      </trkpt>
      <trkpt lat="41.00229453295469" lon="23.866413412615657">
        <ele>171.29</ele>
      </trkpt>
      <trkpt lat="41.002293610945344" lon="23.866415843367577">
        <ele>170.25</ele>
      </trkpt>
      <trkpt lat="41.00229277275503" lon="23.866418190300465">
        <ele>169.17</ele>
      </trkpt>
      <trkpt lat="41.002291766926646" lon="23.86642095632851">
        <ele>168.05</ele>
      </trkpt>
      <trkpt lat="41.002150531858206" lon="23.866787161678076">
        <ele>166.77</ele>
      </trkpt>
      <trkpt lat="41.002009296789765" lon="23.86715336702764">
        <ele>165.48</ele>
      </trkpt>
      <trkpt lat="41.001868061721325" lon="23.867519572377205">
        <ele>164.19</ele>
      </trkpt>
      <trkpt lat="41.0017276648432" lon="23.867883682250977">
        <ele>162.87</ele>
      </trkpt>
      <trkpt lat="41.00159891881049" lon="23.868205547332764">
        <ele>161.51</ele>
      </trkpt>
      <trkpt lat="41.00146279670298" lon="23.868520623072982">
        <ele>160.1</ele>
      </trkpt>
      <trkpt lat="41.00132675841451" lon="23.86883578263223">
        <ele>158.72</ele>
      </trkpt>
      <trkpt lat="41.00119122304022" lon="23.869149684906006">
        <ele>157.34</ele>
      </trkpt>
      <trkpt lat="41.00103582255542" lon="23.86950172483921">
        <ele>155.89</ele>
      </trkpt>
      <trkpt lat="41.00088042207062" lon="23.869853764772415">
        <ele>154.42</ele>
      </trkpt>
      <trkpt lat="41.000725105404854" lon="23.87020580470562">
        <ele>152.97</ele>
      </trkpt>
      <trkpt lat="41.00056970492005" lon="23.870557844638824">
        <ele>151.49</ele>
      </trkpt>
      <trkpt lat="41.000414388254285" lon="23.87090988457203">
        <ele>150.0</ele>
      </trkpt>
      <trkpt lat="41.000258987769485" lon="23.871261924505234">
        <ele>148.52</ele>
      </trkpt>
      <trkpt lat="41.000103671103716" lon="23.87161396443844">
        <ele>146.98</ele>
      </trkpt>
      <trkpt lat="40.999948270618916" lon="23.871966004371643">
        <ele>145.53</ele>
      </trkpt>
      <trkpt lat="40.99979295395315" lon="23.872318044304848">
        <ele>144.1</ele>
      </trkpt>
      <trkpt lat="40.99963755346835" lon="23.872670084238052">
        <ele>142.66</ele>
      </trkpt>
      <trkpt lat="40.99948223680258" lon="23.873022124171257">
        <ele>141.26</ele>
      </trkpt>
      <trkpt lat="40.99932683631778" lon="23.87337416410446">
        <ele>139.86</ele>
      </trkpt>
      <trkpt lat="40.99917411804199" lon="23.873720169067383">
        <ele>138.46</ele>
      </trkpt>
      <trkpt lat="40.99907730706036" lon="23.87404253706336">
        <ele>137.04</ele>
      </trkpt>
      <trkpt lat="40.99898099899292" lon="23.874363899230957">
        <ele>135.57</ele>
      </trkpt>
      <trkpt lat="40.99891662597656" lon="23.874707221984863">
        <ele>134.06</ele>
      </trkpt>
      <trkpt lat="40.99889508448541" lon="23.87503696605563">
        <ele>132.49</ele>
      </trkpt>
      <trkpt lat="40.99887354299426" lon="23.8753667101264">
        <ele>130.91</ele>
      </trkpt>
      <trkpt lat="40.998852252960205" lon="23.875694274902344">
        <ele>129.33</ele>
      </trkpt>
      <trkpt lat="40.998873710632324" lon="23.876016810536385">
        <ele>127.8</ele>
      </trkpt>
      <trkpt lat="40.99889516830444" lon="23.876338005065918">
        <ele>126.24</ele>
      </trkpt>
      <trkpt lat="40.99893816746771" lon="23.876638999208808">
        <ele>124.7</ele>
      </trkpt>
      <trkpt lat="40.99898099899292" lon="23.876938819885254">
        <ele>123.17</ele>
      </trkpt>
      <trkpt lat="40.99908845499158" lon="23.87729345820844">
        <ele>121.73</ele>
      </trkpt>
      <trkpt lat="40.99919557571411" lon="23.877646923065186">
        <ele>120.29</ele>
      </trkpt>
      <trkpt lat="40.999337397515774" lon="23.878003573045135">
        <ele>118.83</ele>
      </trkpt>
      <trkpt lat="40.999479219317436" lon="23.878360306844115">
        <ele>117.38</ele>
      </trkpt>
      <trkpt lat="40.9996210411191" lon="23.878717040643096">
        <ele>115.98</ele>
      </trkpt>
      <trkpt lat="40.99976286292076" lon="23.879073690623045">
        <ele>114.59</ele>
      </trkpt>
      <trkpt lat="40.99990367889404" lon="23.879427909851074">
        <ele>113.23</ele>
      </trkpt>
      <trkpt lat="41.000036615878344" lon="23.8797770999372">
        <ele>111.86</ele>
      </trkpt>
      <trkpt lat="41.000169552862644" lon="23.880126290023327">
        <ele>110.52</ele>
      </trkpt>
      <trkpt lat="41.00030257366598" lon="23.880475480109453">
        <ele>109.21</ele>
      </trkpt>
      <trkpt lat="41.00043551065028" lon="23.88082467019558">
        <ele>107.92</ele>
      </trkpt>
      <trkpt lat="41.00056853145361" lon="23.881173860281706">
        <ele>106.71</ele>
      </trkpt>
      <trkpt lat="41.00070146843791" lon="23.881523050367832">
        <ele>105.55</ele>
      </trkpt>
      <trkpt lat="41.00083448924124" lon="23.88187224045396">
        <ele>104.42</ele>
      </trkpt>
      <trkpt lat="41.00096742622554" lon="23.882221430540085">
        <ele>103.4</ele>
      </trkpt>
      <trkpt lat="41.001100447028875" lon="23.882570704445243">
        <ele>102.43</ele>
      </trkpt>
      <trkpt lat="41.001233384013176" lon="23.88291989453137">
        <ele>101.53</ele>
      </trkpt>
      <trkpt lat="41.00136640481651" lon="23.883269084617496">
        <ele>100.58</ele>
      </trkpt>
      <trkpt lat="41.00149934180081" lon="23.883618274703622">
        <ele>99.62</ele>
      </trkpt>
      <trkpt lat="41.00163227878511" lon="23.883967464789748">
        <ele>98.66</ele>
      </trkpt>
      <trkpt lat="41.00176529958844" lon="23.884316654875875">
        <ele>97.73</ele>
      </trkpt>
      <trkpt lat="41.00189823657274" lon="23.884665928781033">
        <ele>96.8</ele>
      </trkpt>
      <trkpt lat="41.00202798843384" lon="23.88500690460205">
        <ele>95.85</ele>
      </trkpt>
      <trkpt lat="41.00212823599577" lon="23.885307731106877">
        <ele>94.92</ele>
      </trkpt>
      <trkpt lat="41.00222856737673" lon="23.885608641430736">
        <ele>94.0</ele>
      </trkpt>
      <trkpt lat="41.002328395843506" lon="23.885908126831055">
        <ele>93.13</ele>
      </trkpt>
      <trkpt lat="41.0023857280612" lon="23.88619478791952">
        <ele>92.25</ele>
      </trkpt>
      <trkpt lat="41.00244306027889" lon="23.886481449007988">
        <ele>91.38</ele>
      </trkpt>
      <trkpt lat="41.00250005722046" lon="23.88676643371582">
        <ele>90.56</ele>
      </trkpt>
      <trkpt lat="41.00255839526653" lon="23.88715040870011">
        <ele>89.8</ele>
      </trkpt>
      <trkpt lat="41.00261673331261" lon="23.887534383684397">
        <ele>89.05</ele>
      </trkpt>
      <trkpt lat="41.00267515517771" lon="23.887918358668685">
        <ele>88.29</ele>
      </trkpt>
      <trkpt lat="41.002733493223786" lon="23.888302333652973">
        <ele>87.53</ele>
      </trkpt>
      <trkpt lat="41.00279183126986" lon="23.88868630863726">
        <ele>86.74</ele>
      </trkpt>
      <trkpt lat="41.002850253134966" lon="23.88907028362155">
        <ele>85.85</ele>
      </trkpt>
      <trkpt lat="41.00290775299072" lon="23.889448642730713">
        <ele>84.99</ele>
      </trkpt>
      <trkpt lat="41.00295075215399" lon="23.88982138596475">
        <ele>84.11</ele>
      </trkpt>
      <trkpt lat="41.00299375131726" lon="23.89019412919879">
        <ele>83.12</ele>
      </trkpt>
      <trkpt lat="41.00303649902344" lon="23.890564441680908">
        <ele>82.15</ele>
      </trkpt>
      <trkpt lat="41.00305795669556" lon="23.890958642587066">
        <ele>81.16</ele>
      </trkpt>
      <trkpt lat="41.00307949818671" lon="23.891352927312255">
        <ele>80.17</ele>
      </trkpt>
      <trkpt lat="41.003100872039795" lon="23.89174461364746">
        <ele>79.28</ele>
      </trkpt>
      <trkpt lat="41.00308645516634" lon="23.89203135855496">
        <ele>78.29</ele>
      </trkpt>
      <trkpt lat="41.00307212211192" lon="23.892318103462458">
        <ele>77.3</ele>
      </trkpt>
      <trkpt lat="41.00305795669556" lon="23.892602920532227">
        <ele>76.29</ele>
      </trkpt>
      <trkpt lat="41.0029935836792" lon="23.892967700958252">
        <ele>75.2</ele>
      </trkpt>
      <trkpt lat="41.00291043519974" lon="23.893354693427682">
        <ele>74.05</ele>
      </trkpt>
      <trkpt lat="41.002827286720276" lon="23.893741685897112">
        <ele>72.85</ele>
      </trkpt>
      <trkpt lat="41.002744138240814" lon="23.894128678366542">
        <ele>71.64</ele>
      </trkpt>
      <trkpt lat="41.002661073580384" lon="23.894515754655004">
        <ele>70.38</ele>
      </trkpt>
      <trkpt lat="41.00257792510092" lon="23.894902747124434">
        <ele>69.09</ele>
      </trkpt>
      <trkpt lat="41.00249477662146" lon="23.895289739593863">
        <ele>67.76</ele>
      </trkpt>
      <trkpt lat="41.002411628142" lon="23.895676815882325">
        <ele>66.43</ele>
      </trkpt>
      <trkpt lat="41.00232856348157" lon="23.896063808351755">
        <ele>65.1</ele>
      </trkpt>
      <trkpt lat="41.00224541500211" lon="23.896450800821185">
        <ele>63.74</ele>
      </trkpt>
      <trkpt lat="41.002162266522646" lon="23.896837793290615">
        <ele>62.34</ele>
      </trkpt>
      <trkpt lat="41.002079118043184" lon="23.897224869579077">
        <ele>60.96</ele>
      </trkpt>
      <trkpt lat="41.001996053382754" lon="23.897611862048507">
        <ele>59.58</ele>
      </trkpt>
      <trkpt lat="41.00191290490329" lon="23.897998854517937">
        <ele>58.22</ele>
      </trkpt>
      <trkpt lat="41.00182975642383" lon="23.898385846987367">
        <ele>56.78</ele>
      </trkpt>
      <trkpt lat="41.00174903869629" lon="23.89876127243042">
        <ele>55.36</ele>
      </trkpt>
      <trkpt lat="41.00166119635105" lon="23.899155389517546">
        <ele>53.98</ele>
      </trkpt>
      <trkpt lat="41.001573437824845" lon="23.899549590423703">
        <ele>52.65</ele>
      </trkpt>
      <trkpt lat="41.00148567929864" lon="23.89994379132986">
        <ele>51.31</ele>
      </trkpt>
      <trkpt lat="41.0013978369534" lon="23.900337908416986">
        <ele>49.93</ele>
      </trkpt>
      <trkpt lat="41.001310078427196" lon="23.900732109323144">
        <ele>48.63</ele>
      </trkpt>
      <trkpt lat="41.00122231990099" lon="23.9011263102293">
        <ele>47.35</ele>
      </trkpt>
      <trkpt lat="41.00113447755575" lon="23.901520427316427">
        <ele>46.07</ele>
      </trkpt>
      <trkpt lat="41.001046719029546" lon="23.901914628222585">
        <ele>44.79</ele>
      </trkpt>
      <trkpt lat="41.00095896050334" lon="23.902308829128742">
        <ele>43.56</ele>
      </trkpt>
      <trkpt lat="41.0008711181581" lon="23.902702946215868">
        <ele>42.36</ele>
      </trkpt>
      <trkpt lat="41.000783359631896" lon="23.903097147122025">
        <ele>41.12</ele>
      </trkpt>
      <trkpt lat="41.00069761276245" lon="23.90348196029663">
        <ele>39.97</ele>
      </trkpt>
      <trkpt lat="41.000647405162454" lon="23.90384749509394">
        <ele>38.82</ele>
      </trkpt>
      <trkpt lat="41.000597197562456" lon="23.904213029891253">
        <ele>37.63</ele>
      </trkpt>
      <trkpt lat="41.00054740905762" lon="23.904576301574707">
        <ele>36.52</ele>
      </trkpt>
      <trkpt lat="41.00050449371338" lon="23.90498399734497">
        <ele>35.54</ele>
      </trkpt>
      <trkpt lat="41.00050449371338" lon="23.90527074225247">
        <ele>34.58</ele>
      </trkpt>
      <trkpt lat="41.00050449371338" lon="23.905557487159967">
        <ele>33.6</ele>
      </trkpt>
      <trkpt lat="41.00050449371338" lon="23.905842304229736">
        <ele>32.62</ele>
      </trkpt>
      <trkpt lat="41.0005259513855" lon="23.906068028882146">
        <ele>31.74</ele>
      </trkpt>
      <trkpt lat="41.00054740905762" lon="23.90629291534424">
        <ele>30.88</ele>
      </trkpt>
      <trkpt lat="41.00059753283858" lon="23.90656524337828">
        <ele>30.05</ele>
      </trkpt>
      <trkpt lat="41.00064774043858" lon="23.906837571412325">
        <ele>29.26</ele>
      </trkpt>
      <trkpt lat="41.00069761276245" lon="23.907108306884766">
        <ele>28.51</ele>
      </trkpt>
      <trkpt lat="41.00078352726996" lon="23.9073948841542">
        <ele>27.81</ele>
      </trkpt>
      <trkpt lat="41.0008695255965" lon="23.907681461423635">
        <ele>27.17</ele>
      </trkpt>
      <trkpt lat="41.00095510482788" lon="23.90796661376953">
        <ele>26.57</ele>
      </trkpt>
      <trkpt lat="41.00108401849866" lon="23.90830121934414">
        <ele>26.01</ele>
      </trkpt>
      <trkpt lat="41.00121293216944" lon="23.908635824918747">
        <ele>25.5</ele>
      </trkpt>
      <trkpt lat="41.00134192965925" lon="23.908970430493355">
        <ele>25.05</ele>
      </trkpt>
      <trkpt lat="41.001470843330026" lon="23.909305036067963">
        <ele>24.67</ele>
      </trkpt>
      <trkpt lat="41.001599840819836" lon="23.90963964164257">
        <ele>24.3</ele>
      </trkpt>
      <trkpt lat="41.001728754490614" lon="23.90997433103621">
        <ele>23.96</ele>
      </trkpt>
      <trkpt lat="41.00185641087592" lon="23.910305500030518">
        <ele>23.73</ele>
      </trkpt>
      <trkpt lat="41.001856327056885" lon="23.910305500030518">
        <ele>23.53</ele>
      </trkpt>
      <trkpt lat="41.00198524072766" lon="23.910646894946694">
        <ele>23.41</ele>
      </trkpt>
      <trkpt lat="41.00211415439844" lon="23.910988373681903">
        <ele>23.31</ele>
      </trkpt>
      <trkpt lat="41.00224315188825" lon="23.91132976859808">
        <ele>23.31</ele>
      </trkpt>
      <trkpt lat="41.00237206555903" lon="23.911671247333288">
        <ele>23.34</ele>
      </trkpt>
      <trkpt lat="41.00250097922981" lon="23.912012726068497">
        <ele>23.35</ele>
      </trkpt>
      <trkpt lat="41.00262997671962" lon="23.912354120984674">
        <ele>23.26</ele>
      </trkpt>
      <trkpt lat="41.002758890390396" lon="23.912695599719882">
        <ele>23.24</ele>
      </trkpt>
      <trkpt lat="41.002887804061174" lon="23.91303707845509">
        <ele>23.35</ele>
      </trkpt>
      <trkpt lat="41.00301504135132" lon="23.913373947143555">
        <ele>23.52</ele>
      </trkpt>
      <trkpt lat="41.0031439550221" lon="23.91368550248444">
        <ele>23.75</ele>
      </trkpt>
      <trkpt lat="41.003272868692875" lon="23.913997057825327">
        <ele>23.91</ele>
      </trkpt>
      <trkpt lat="41.00340178236365" lon="23.914308613166213">
        <ele>24.06</ele>
      </trkpt>
      <trkpt lat="41.00353002548218" lon="23.914618492126465">
        <ele>24.23</ele>
      </trkpt>
      <trkpt lat="41.00368752144277" lon="23.91489769332111">
        <ele>24.48</ele>
      </trkpt>
      <trkpt lat="41.003845017403364" lon="23.915176894515753">
        <ele>24.69</ele>
      </trkpt>
      <trkpt lat="41.0040020942688" lon="23.91545534133911">
        <ele>24.9</ele>
      </trkpt>
      <trkpt lat="41.004173839464784" lon="23.915705792605877">
        <ele>25.1</ele>
      </trkpt>
      <trkpt lat="41.00434558466077" lon="23.915956243872643">
        <ele>25.29</ele>
      </trkpt>
      <trkpt lat="41.00451707839966" lon="23.91620635986328">
        <ele>25.48</ele>
      </trkpt>
      <trkpt lat="41.00474598817527" lon="23.916470976546407">
        <ele>25.69</ele>
      </trkpt>
      <trkpt lat="41.00497489795089" lon="23.916735677048564">
        <ele>25.92</ele>
      </trkpt>
      <trkpt lat="41.0052038077265" lon="23.91700029373169">
        <ele>26.15</ele>
      </trkpt>
      <trkpt lat="41.005343198776245" lon="23.917139684781432">
        <ele>26.37</ele>
      </trkpt>
      <trkpt lat="41.00548267364502" lon="23.91727924346924">
        <ele>26.6</ele>
      </trkpt>
      <trkpt lat="41.00569171831012" lon="23.917450737208128">
        <ele>26.88</ele>
      </trkpt>
      <trkpt lat="41.00590084679425" lon="23.91762231476605">
        <ele>27.13</ele>
      </trkpt>
      <trkpt lat="41.00610997527838" lon="23.91779389232397">
        <ele>27.38</ele>
      </trkpt>
      <trkpt lat="41.006319522857666" lon="23.91796588897705">
        <ele>27.65</ele>
      </trkpt>
      <trkpt lat="41.006568716838956" lon="23.91814274713397">
        <ele>27.94</ele>
      </trkpt>
      <trkpt lat="41.00681799463928" lon="23.91831960529089">
        <ele>28.16</ele>
      </trkpt>
      <trkpt lat="41.0070672724396" lon="23.91849654726684">
        <ele>28.44</ele>
      </trkpt>
      <trkpt lat="41.00731655023992" lon="23.91867340542376">
        <ele>28.79</ele>
      </trkpt>
      <trkpt lat="41.00756582804024" lon="23.91885034739971">
        <ele>29.12</ele>
      </trkpt>
      <trkpt lat="41.007815105840564" lon="23.91902720555663">
        <ele>29.36</ele>
      </trkpt>
      <trkpt lat="41.008064383640885" lon="23.919204147532582">
        <ele>29.52</ele>
      </trkpt>
      <trkpt lat="41.008315086364746" lon="23.919382095336914">
        <ele>29.68</ele>
      </trkpt>
      <trkpt lat="41.008493872359395" lon="23.919575130566955">
        <ele>29.84</ele>
      </trkpt>
      <trkpt lat="41.008672658354044" lon="23.919768249616027">
        <ele>30.05</ele>
      </trkpt>
      <trkpt lat="41.008851528167725" lon="23.91996145248413">
        <ele>30.27</ele>
      </trkpt>
      <trkpt lat="41.00895881652832" lon="23.920133197680116">
        <ele>30.45</ele>
      </trkpt>
      <trkpt lat="41.009066104888916" lon="23.920304775238037">
        <ele>30.62</ele>
      </trkpt>
      <trkpt lat="41.00917339324951" lon="23.920583724975586">
        <ele>30.78</ele>
      </trkpt>
      <trkpt lat="41.00922712124884" lon="23.920906260609627">
        <ele>30.97</ele>
      </trkpt>
      <trkpt lat="41.00928068161011" lon="23.92122745513916">
        <ele>31.11</ele>
      </trkpt>
      <trkpt lat="41.009361231699586" lon="23.92154454253614">
        <ele>31.25</ele>
      </trkpt>
      <trkpt lat="41.009441865608096" lon="23.92186162993312">
        <ele>31.41</ele>
      </trkpt>
      <trkpt lat="41.009522499516606" lon="23.922178717330098">
        <ele>31.48</ele>
      </trkpt>
      <trkpt lat="41.009602546691895" lon="23.92249345779419">
        <ele>31.53</ele>
      </trkpt>
      <trkpt lat="41.00980111397803" lon="23.922807443886995">
        <ele>31.7</ele>
      </trkpt>
      <trkpt lat="41.009999765083194" lon="23.923121513798833">
        <ele>31.79</ele>
      </trkpt>
      <trkpt lat="41.01019841618836" lon="23.92343549989164">
        <ele>31.81</ele>
      </trkpt>
      <trkpt lat="41.01039698347449" lon="23.923749569803476">
        <ele>31.97</ele>
      </trkpt>
      <trkpt lat="41.01059563457966" lon="23.924063555896282">
        <ele>32.1</ele>
      </trkpt>
      <trkpt lat="41.010794285684824" lon="23.92437762580812">
        <ele>32.25</ele>
      </trkpt>
      <trkpt lat="41.01099285297096" lon="23.924691611900926">
        <ele>32.37</ele>
      </trkpt>
      <trkpt lat="41.01119041442871" lon="23.92500400543213">
        <ele>32.46</ele>
      </trkpt>
      <trkpt lat="41.011319076642394" lon="23.925132667645812">
        <ele>32.53</ele>
      </trkpt>
      <trkpt lat="41.01144790649414" lon="23.92526149749756">
        <ele>32.56</ele>
      </trkpt>
      <trkpt lat="41.01164102554321" lon="23.925304412841797">
        <ele>32.58</ele>
      </trkpt>
      <trkpt lat="41.011948054656386" lon="23.925304412841797">
        <ele>32.54</ele>
      </trkpt>
      <trkpt lat="41.01225516758859" lon="23.925304412841797">
        <ele>32.61</ele>
      </trkpt>
      <trkpt lat="41.012563705444336" lon="23.925304412841797">
        <ele>32.73</ele>
      </trkpt>
      <trkpt lat="41.01270309649408" lon="23.92541161738336">
        <ele>32.82</ele>
      </trkpt>
      <trkpt lat="41.01284273900092" lon="23.92551898956299">
        <ele>32.9</ele>
      </trkpt>
      <trkpt lat="41.013057231903076" lon="23.925819396972656">
        <ele>32.99</ele>
      </trkpt>
      <trkpt lat="41.013100147247314" lon="23.925926685333252">
        <ele>33.08</ele>
      </trkpt>
      <trkpt lat="41.013143146410584" lon="23.92615240998566">
        <ele>33.22</ele>
      </trkpt>
      <trkpt lat="41.01318606175482" lon="23.926377296447754">
        <ele>33.33</ele>
      </trkpt>
      <trkpt lat="41.01320751942694" lon="23.926656832918525">
        <ele>33.45</ele>
      </trkpt>
      <trkpt lat="41.01322889328003" lon="23.92693519592285">
        <ele>33.58</ele>
      </trkpt>
      <trkpt lat="41.01326116360724" lon="23.927247002720833">
        <ele>33.7</ele>
      </trkpt>
      <trkpt lat="41.01329335011542" lon="23.927557468414307">
        <ele>33.8</ele>
      </trkpt>
      <trkpt lat="41.01333199068904" lon="23.9279359113425">
        <ele>33.87</ele>
      </trkpt>
      <trkpt lat="41.01337071508169" lon="23.92831443808973">
        <ele>33.99</ele>
      </trkpt>
      <trkpt lat="41.013409439474344" lon="23.928692881017923">
        <ele>34.12</ele>
      </trkpt>
      <trkpt lat="41.013448163867" lon="23.92907140776515">
        <ele>34.27</ele>
      </trkpt>
      <trkpt lat="41.01348646916449" lon="23.92944574356079">
        <ele>34.41</ele>
      </trkpt>
      <trkpt lat="41.01352410390973" lon="23.92981664277613">
        <ele>34.53</ele>
      </trkpt>
      <trkpt lat="41.01356173865497" lon="23.930187625810504">
        <ele>34.65</ele>
      </trkpt>
      <trkpt lat="41.01359937340021" lon="23.930558608844876">
        <ele>34.76</ele>
      </trkpt>
      <trkpt lat="41.013636672869325" lon="23.93092632293701">
        <ele>34.9</ele>
      </trkpt>
      <trkpt lat="41.013658130541444" lon="23.93118381500244">
        <ele>35.04</ele>
      </trkpt>
      <trkpt lat="41.013693921267986" lon="23.931563682854176">
        <ele>35.19</ele>
      </trkpt>
      <trkpt lat="41.01372979581356" lon="23.93194363452494">
        <ele>35.34</ele>
      </trkpt>
      <trkpt lat="41.01376541890204" lon="23.932321071624756">
        <ele>35.46</ele>
      </trkpt>
      <trkpt lat="41.01380120962858" lon="23.932708147913218">
        <ele>35.62</ele>
      </trkpt>
      <trkpt lat="41.013837084174156" lon="23.93309522420168">
        <ele>35.81</ele>
      </trkpt>
      <trkpt lat="41.013872707262635" lon="23.93347978591919">
        <ele>35.97</ele>
      </trkpt>
      <trkpt lat="41.01391562260687" lon="23.933801651000977">
        <ele>36.19</ele>
      </trkpt>
      <trkpt lat="41.013894164934754" lon="23.93420934677124">
        <ele>36.39</ele>
      </trkpt>
      <trkpt lat="41.0138726234436" lon="23.934381008148193">
        <ele>36.56</ele>
      </trkpt>
      <trkpt lat="41.013765167444944" lon="23.934696167707443">
        <ele>36.69</ele>
      </trkpt>
      <trkpt lat="41.013657711446285" lon="23.935011411085725">
        <ele>36.79</ele>
      </trkpt>
      <trkpt lat="41.01355084218085" lon="23.935325145721436">
        <ele>36.96</ele>
      </trkpt>
      <trkpt lat="41.0135293006897" lon="23.93549680709839">
        <ele>37.16</ele>
      </trkpt>
      <trkpt lat="41.013550758361816" lon="23.935840129852295">
        <ele>37.38</ele>
      </trkpt>
      <trkpt lat="41.013550758361816" lon="23.935901736840606">
        <ele>37.6</ele>
      </trkpt>
      <trkpt lat="41.013572216033936" lon="23.93594741821289">
        <ele>37.83</ele>
      </trkpt>
      <trkpt lat="41.013658130541444" lon="23.936194516718388">
        <ele>38.06</ele>
      </trkpt>
      <trkpt lat="41.01374387741089" lon="23.93644094467163">
        <ele>38.34</ele>
      </trkpt>
      <trkpt lat="41.01381906308234" lon="23.93667731434107">
        <ele>38.64</ele>
      </trkpt>
      <trkpt lat="41.01389408111572" lon="23.936913013458252">
        <ele>38.94</ele>
      </trkpt>
      <trkpt lat="41.01393699645996" lon="23.937084674835205">
        <ele>39.19</ele>
      </trkpt>
      <trkpt lat="41.01391553878784" lon="23.937406539916992">
        <ele>39.42</ele>
      </trkpt>
      <trkpt lat="41.01382417604327" lon="23.93773435615003">
        <ele>39.61</ele>
      </trkpt>
      <trkpt lat="41.0137328132987" lon="23.93806217238307">
        <ele>39.87</ele>
      </trkpt>
      <trkpt lat="41.01364145055413" lon="23.93838998861611">
        <ele>40.18</ele>
      </trkpt>
      <trkpt lat="41.013550758361816" lon="23.93871545791626">
        <ele>40.34</ele>
      </trkpt>
      <trkpt lat="41.013550758361816" lon="23.939058780670166">
        <ele>40.48</ele>
      </trkpt>
      <trkpt lat="41.01365804672241" lon="23.93923044204712">
        <ele>40.71</ele>
      </trkpt>
      <trkpt lat="41.0138726234436" lon="23.939359188079834">
        <ele>41.01</ele>
      </trkpt>
      <trkpt lat="41.01395845413208" lon="23.939509391784668">
        <ele>41.17</ele>
      </trkpt>
      <trkpt lat="41.01409809663892" lon="23.939842404797673">
        <ele>41.3</ele>
      </trkpt>
      <trkpt lat="41.01423740386963" lon="23.94017457962036">
        <ele>41.53</ele>
      </trkpt>
      <trkpt lat="41.014344692230225" lon="23.940389156341553">
        <ele>41.67</ele>
      </trkpt>
      <trkpt lat="41.0145378112793" lon="23.940582275390625">
        <ele>41.82</ele>
      </trkpt>
      <trkpt lat="41.01479530334473" lon="23.940775394439697">
        <ele>41.95</ele>
      </trkpt>
      <trkpt lat="41.014838218688965" lon="23.94092559814453">
        <ele>41.95</ele>
      </trkpt>
      <trkpt lat="41.014827406033874" lon="23.941258946433663">
        <ele>41.94</ele>
      </trkpt>
      <trkpt lat="41.014816761016846" lon="23.941590785980225">
        <ele>41.88</ele>
      </trkpt>
      <trkpt lat="41.014859676361084" lon="23.941805362701416">
        <ele>41.79</ele>
      </trkpt>
      <trkpt lat="41.01496696472168" lon="23.94197702407837">
        <ele>41.67</ele>
      </trkpt>
      <trkpt lat="41.0151385422796" lon="23.94214860163629">
        <ele>41.52</ele>
      </trkpt>
      <trkpt lat="41.015310287475586" lon="23.942320346832275">
        <ele>41.34</ele>
      </trkpt>
      <trkpt lat="41.01546049118042" lon="23.94252427853644">
        <ele>41.12</ele>
      </trkpt>
      <trkpt lat="41.015610694885254" lon="23.94272804260254">
        <ele>40.9</ele>
      </trkpt>
      <trkpt lat="41.015773890540004" lon="23.94307605922222">
        <ele>40.61</ele>
      </trkpt>
      <trkpt lat="41.015937170013785" lon="23.943424075841904">
        <ele>40.37</ele>
      </trkpt>
      <trkpt lat="41.01610044948757" lon="23.943772092461586">
        <ele>40.12</ele>
      </trkpt>
      <trkpt lat="41.01626372896135" lon="23.94412010908127">
        <ele>39.91</ele>
      </trkpt>
      <trkpt lat="41.01642608642578" lon="23.94446611404419">
        <ele>39.72</ele>
      </trkpt>
      <trkpt lat="41.01657645776868" lon="23.944788314402103">
        <ele>39.56</ele>
      </trkpt>
      <trkpt lat="41.016726829111576" lon="23.94511059857905">
        <ele>39.42</ele>
      </trkpt>
      <trkpt lat="41.01687669754028" lon="23.94543170928955">
        <ele>39.38</ele>
      </trkpt>
      <trkpt lat="41.01701625622809" lon="23.945678640156984">
        <ele>39.37</ele>
      </trkpt>
      <trkpt lat="41.01715564727783" lon="23.94592523574829">
        <ele>39.36</ele>
      </trkpt>
      <trkpt lat="41.017316495999694" lon="23.946064626798034">
        <ele>39.34</ele>
      </trkpt>
      <trkpt lat="41.01747751235962" lon="23.94620418548584">
        <ele>39.33</ele>
      </trkpt>
      <trkpt lat="41.01770265027881" lon="23.94634349271655">
        <ele>39.34</ele>
      </trkpt>
      <trkpt lat="41.01792820729315" lon="23.94648313522339">
        <ele>39.39</ele>
      </trkpt>
      <trkpt lat="41.01814789697528" lon="23.94663317129016">
        <ele>39.46</ele>
      </trkpt>
      <trkpt lat="41.01836767047644" lon="23.94678329117596">
        <ele>39.54</ele>
      </trkpt>
      <trkpt lat="41.018587443977594" lon="23.946933327242732">
        <ele>39.67</ele>
      </trkpt>
      <trkpt lat="41.018807888031006" lon="23.947083950042725">
        <ele>39.84</ele>
      </trkpt>
      <trkpt lat="41.01895809173584" lon="23.9471697807312">
        <ele>40.02</ele>
      </trkpt>
      <trkpt lat="41.019199239090085" lon="23.947314452379942">
        <ele>40.28</ele>
      </trkpt>
      <trkpt lat="41.01944038644433" lon="23.947459124028683">
        <ele>40.52</ele>
      </trkpt>
      <trkpt lat="41.01968161761761" lon="23.947603879496455">
        <ele>40.75</ele>
      </trkpt>
      <trkpt lat="41.0199236869812" lon="23.947749137878418">
        <ele>40.98</ele>
      </trkpt>
      <trkpt lat="41.02018117904663" lon="23.947792053222656">
        <ele>41.24</ele>
      </trkpt>
      <trkpt lat="41.020395420491695" lon="23.94770630635321">
        <ele>41.55</ele>
      </trkpt>
      <trkpt lat="41.02060974575579" lon="23.947620559483767">
        <ele>41.85</ele>
      </trkpt>
      <trkpt lat="41.020824909210205" lon="23.947534561157227">
        <ele>42.17</ele>
      </trkpt>
      <trkpt lat="41.02108743041754" lon="23.947405898943543">
        <ele>42.54</ele>
      </trkpt>
      <trkpt lat="41.0213500354439" lon="23.947277320548892">
        <ele>42.95</ele>
      </trkpt>
      <trkpt lat="41.021612556651235" lon="23.94714874215424">
        <ele>43.4</ele>
      </trkpt>
      <trkpt lat="41.02187633514404" lon="23.947019577026367">
        <ele>43.89</ele>
      </trkpt>
      <trkpt lat="41.022090911865234" lon="23.94697666168213">
        <ele>44.37</ele>
      </trkpt>
      <trkpt lat="41.02236986160278" lon="23.947019577026367">
        <ele>44.84</ele>
      </trkpt>
      <trkpt lat="41.02252006530762" lon="23.947105407714844">
        <ele>45.38</ele>
      </trkpt>
      <trkpt lat="41.02264881134033" lon="23.947341442108154">
        <ele>45.97</ele>
      </trkpt>
      <trkpt lat="41.0226918105036" lon="23.947545625269413">
        <ele>46.62</ele>
      </trkpt>
      <trkpt lat="41.02273464202881" lon="23.947749137878418">
        <ele>47.31</ele>
      </trkpt>
      <trkpt lat="41.02273464202881" lon="23.94800721667707">
        <ele>48.03</ele>
      </trkpt>
      <trkpt lat="41.02273472584784" lon="23.948264122009277">
        <ele>48.81</ele>
      </trkpt>
      <trkpt lat="41.02273464202881" lon="23.948264122009277">
        <ele>49.58</ele>
      </trkpt>
      <trkpt lat="41.02276682853699" lon="23.94864046946168">
        <ele>50.49</ele>
      </trkpt>
      <trkpt lat="41.022799015045166" lon="23.949015140533447">
        <ele>51.4</ele>
      </trkpt>
      <trkpt lat="41.02288484573364" lon="23.949294090270996">
        <ele>52.34</ele>
      </trkpt>
      <trkpt lat="41.0230028629303" lon="23.94943356513977">
        <ele>53.29</ele>
      </trkpt>
      <trkpt lat="41.023120963945985" lon="23.949573040008545">
        <ele>54.27</ele>
      </trkpt>
      <trkpt lat="41.02312088012695" lon="23.949573040008545">
        <ele>55.24</ele>
      </trkpt>
      <trkpt lat="41.023281728848815" lon="23.949744617566466">
        <ele>56.27</ele>
      </trkpt>
      <trkpt lat="41.02344274520874" lon="23.94991636276245">
        <ele>57.33</ele>
      </trkpt>
      <trkpt lat="41.023571491241455" lon="23.95015239715576">
        <ele>58.43</ele>
      </trkpt>
      <trkpt lat="41.023592948913574" lon="23.950366973876953">
        <ele>59.55</ele>
      </trkpt>
      <trkpt lat="41.023571491241455" lon="23.950603008270264">
        <ele>60.71</ele>
      </trkpt>
      <trkpt lat="41.023506950587034" lon="23.95082864910364">
        <ele>61.89</ele>
      </trkpt>
      <trkpt lat="41.02344274520874" lon="23.951053619384766">
        <ele>63.12</ele>
      </trkpt>
      <trkpt lat="41.02344274520874" lon="23.9512038230896">
        <ele>64.37</ele>
      </trkpt>
      <trkpt lat="41.02352857589722" lon="23.951525688171387">
        <ele>65.68</ele>
      </trkpt>
      <trkpt lat="41.02363586425781" lon="23.951632976531982">
        <ele>66.96</ele>
      </trkpt>
      <trkpt lat="41.02376461029053" lon="23.95167589187622">
        <ele>68.27</ele>
      </trkpt>
      <trkpt lat="41.02391481399536" lon="23.95167589187622">
        <ele>69.61</ele>
      </trkpt>
      <trkpt lat="41.024107933044434" lon="23.951590061187744">
        <ele>71.0</ele>
      </trkpt>
      <trkpt lat="41.024386547505856" lon="23.951443042606115">
        <ele>72.39</ele>
      </trkpt>
      <trkpt lat="41.02466524578631" lon="23.951296024024487">
        <ele>73.83</ele>
      </trkpt>
      <trkpt lat="41.02494394406676" lon="23.95114908926189">
        <ele>75.3</ele>
      </trkpt>
      <trkpt lat="41.025222558528185" lon="23.95100207068026">
        <ele>76.8</ele>
      </trkpt>
      <trkpt lat="41.02550125680864" lon="23.950855135917664">
        <ele>78.26</ele>
      </trkpt>
      <trkpt lat="41.02577995508909" lon="23.950708117336035">
        <ele>79.75</ele>
      </trkpt>
      <trkpt lat="41.026058569550514" lon="23.950561182573438">
        <ele>81.25</ele>
      </trkpt>
      <trkpt lat="41.02633726783097" lon="23.95041416399181">
        <ele>82.82</ele>
      </trkpt>
      <trkpt lat="41.02661596611142" lon="23.95026714541018">
        <ele>84.44</ele>
      </trkpt>
      <trkpt lat="41.02689458057284" lon="23.950120210647583">
        <ele>86.03</ele>
      </trkpt>
      <trkpt lat="41.0271732788533" lon="23.949973192065954">
        <ele>87.66</ele>
      </trkpt>
      <trkpt lat="41.02745197713375" lon="23.949826257303357">
        <ele>89.25</ele>
      </trkpt>
      <trkpt lat="41.02773059159517" lon="23.94967923872173">
        <ele>90.81</ele>
      </trkpt>
      <trkpt lat="41.02801331318915" lon="23.949530124664307">
        <ele>92.36</ele>
      </trkpt>
      <trkpt lat="41.02801322937012" lon="23.949530124664307">
        <ele>93.9</ele>
      </trkpt>
      <trkpt lat="41.02824901230633" lon="23.949401462450624">
        <ele>95.49</ele>
      </trkpt>
      <trkpt lat="41.02848538197577" lon="23.949272632598877">
        <ele>97.09</ele>
      </trkpt>
      <trkpt lat="41.02848529815674" lon="23.949272632598877">
        <ele>98.63</ele>
      </trkpt>
      <trkpt lat="41.02876382879913" lon="23.94919761456549">
        <ele>100.22</ele>
      </trkpt>
      <trkpt lat="41.029043197631836" lon="23.949122428894043">
        <ele>101.85</ele>
      </trkpt>
      <trkpt lat="41.02923598140478" lon="23.94913307391107">
        <ele>103.45</ele>
      </trkpt>
      <trkpt lat="41.02942943572998" lon="23.949143886566162">
        <ele>105.02</ele>
      </trkpt>
      <trkpt lat="41.029632948338985" lon="23.94918671809137">
        <ele>106.61</ele>
      </trkpt>
      <trkpt lat="41.029837131500244" lon="23.94922971725464">
        <ele>108.19</ele>
      </trkpt>
      <trkpt lat="41.03005145676434" lon="23.94933683797717">
        <ele>109.74</ele>
      </trkpt>
      <trkpt lat="41.03026628494263" lon="23.94944429397583">
        <ele>111.31</ele>
      </trkpt>
      <trkpt lat="41.03048086166382" lon="23.949594497680664">
        <ele>112.86</ele>
      </trkpt>
      <trkpt lat="41.030738186091185" lon="23.94979457370937">
        <ele>114.4</ele>
      </trkpt>
      <trkpt lat="41.03099551051855" lon="23.949994733557105">
        <ele>115.92</ele>
      </trkpt>
      <trkpt lat="41.03125291876495" lon="23.95019489340484">
        <ele>117.47</ele>
      </trkpt>
      <trkpt lat="41.031510243192315" lon="23.950395053252578">
        <ele>119.03</ele>
      </trkpt>
      <trkpt lat="41.03176765143871" lon="23.950595213100314">
        <ele>120.6</ele>
      </trkpt>
      <trkpt lat="41.03202589787543" lon="23.950796127319336">
        <ele>122.12</ele>
      </trkpt>
      <trkpt lat="41.0320258140564" lon="23.950796127319336">
        <ele>123.55</ele>
      </trkpt>
      <trkpt lat="41.03224039077759" lon="23.951010704040527">
        <ele>125.02</ele>
      </trkpt>
      <trkpt lat="41.03246569633484" lon="23.951289653778076">
        <ele>126.46</ele>
      </trkpt>
      <trkpt lat="41.03269100189209" lon="23.951568603515625">
        <ele>127.89</ele>
      </trkpt>
      <trkpt lat="41.032841205596924" lon="23.95171880722046">
        <ele>129.33</ele>
      </trkpt>
      <trkpt lat="41.03296995162964" lon="23.951783180236816">
        <ele>130.74</ele>
      </trkpt>
      <trkpt lat="41.03313063271344" lon="23.951772451400757">
        <ele>132.13</ele>
      </trkpt>
      <trkpt lat="41.033291816711426" lon="23.951761722564697">
        <ele>133.49</ele>
      </trkpt>
      <trkpt lat="41.033570347353816" lon="23.951670611277223">
        <ele>134.85</ele>
      </trkpt>
      <trkpt lat="41.03384896181524" lon="23.951579499989748">
        <ele>136.24</ele>
      </trkpt>
      <trkpt lat="41.03412757627666" lon="23.951488472521305">
        <ele>137.64</ele>
      </trkpt>
      <trkpt lat="41.03440769948065" lon="23.951396942138672">
        <ele>139.01</ele>
      </trkpt>
      <trkpt lat="41.03440761566162" lon="23.951396942138672">
        <ele>140.33</ele>
      </trkpt>
      <trkpt lat="41.03470802307129" lon="23.951375484466553">
        <ele>141.76</ele>
      </trkpt>
      <trkpt lat="41.03487951681018" lon="23.951461147516966">
        <ele>143.13</ele>
      </trkpt>
      <trkpt lat="41.03505142964423" lon="23.951547145843506">
        <ele>144.45</ele>
      </trkpt>
      <trkpt lat="41.035051345825195" lon="23.951547145843506">
        <ele>145.74</ele>
      </trkpt>
      <trkpt lat="41.035244297236204" lon="23.951686453074217">
        <ele>147.08</ele>
      </trkpt>
      <trkpt lat="41.03543758392334" lon="23.951826095581055">
        <ele>148.46</ele>
      </trkpt>
      <trkpt lat="41.03560924530029" lon="23.952083587646484">
        <ele>149.8</ele>
      </trkpt>
      <trkpt lat="41.035730950534344" lon="23.952348539605737">
        <ele>151.14</ele>
      </trkpt>
      <trkpt lat="41.035852655768394" lon="23.95261349156499">
        <ele>152.47</ele>
      </trkpt>
      <trkpt lat="41.03597402572632" lon="23.952877521514893">
        <ele>153.79</ele>
      </trkpt>
      <trkpt lat="41.03612422943115" lon="23.953049182891846">
        <ele>155.09</ele>
      </trkpt>
      <trkpt lat="41.036295890808105" lon="23.95315647125244">
        <ele>156.41</ele>
      </trkpt>
      <trkpt lat="41.03646755218506" lon="23.9532208442688">
        <ele>157.69</ele>
      </trkpt>
      <trkpt lat="41.03676795959473" lon="23.95319938659668">
        <ele>159.0</ele>
      </trkpt>
      <trkpt lat="41.03701966814697" lon="23.953135097399354">
        <ele>160.39</ele>
      </trkpt>
      <trkpt lat="41.03727146051824" lon="23.95307080820203">
        <ele>161.78</ele>
      </trkpt>
      <trkpt lat="41.037523252889514" lon="23.953006519004703">
        <ele>163.17</ele>
      </trkpt>
      <trkpt lat="41.037776470184326" lon="23.95294189453125">
        <ele>164.5</ele>
      </trkpt>
      <trkpt lat="41.038055419921875" lon="23.953006267547607">
        <ele>165.87</ele>
      </trkpt>
      <trkpt lat="41.038334453478456" lon="23.95317792892456">
        <ele>167.28</ele>
      </trkpt>
      <trkpt lat="41.038548946380615" lon="23.953328132629395">
        <ele>168.67</ele>
      </trkpt>
      <trkpt lat="41.03876352310181" lon="23.953349590301514">
        <ele>170.12</ele>
      </trkpt>
      <trkpt lat="41.038934933021665" lon="23.953295946121216">
        <ele>171.5</ele>
      </trkpt>
      <trkpt lat="41.03910684585571" lon="23.953242301940918">
        <ele>172.88</ele>
      </trkpt>
      <trkpt lat="41.039328295737505" lon="23.953127972781658">
        <ele>174.27</ele>
      </trkpt>
      <trkpt lat="41.03954982943833" lon="23.9530136436224">
        <ele>175.66</ele>
      </trkpt>
      <trkpt lat="41.039772033691406" lon="23.95289897918701">
        <ele>177.08</ele>
      </trkpt>
      <trkpt lat="41.039932714775205" lon="23.952845335006714">
        <ele>178.54</ele>
      </trkpt>
      <trkpt lat="41.04009389877319" lon="23.952791690826416">
        <ele>180.02</ele>
      </trkpt>
      <trkpt lat="41.040329933166504" lon="23.952813148498535">
        <ele>181.52</ele>
      </trkpt>
      <trkpt lat="41.040544509887695" lon="23.95296335220337">
        <ele>183.02</ele>
      </trkpt>
      <trkpt lat="41.04074374772608" lon="23.953214725479484">
        <ele>184.53</ele>
      </trkpt>
      <trkpt lat="41.0409430693835" lon="23.95346618257463">
        <ele>186.1</ele>
      </trkpt>
      <trkpt lat="41.04114239104092" lon="23.953717555850744">
        <ele>187.73</ele>
      </trkpt>
      <trkpt lat="41.04134171269834" lon="23.95396901294589">
        <ele>189.33</ele>
      </trkpt>
      <trkpt lat="41.04154103435576" lon="23.954220470041037">
        <ele>190.9</ele>
      </trkpt>
      <trkpt lat="41.04174027219415" lon="23.95447184331715">
        <ele>192.46</ele>
      </trkpt>
      <trkpt lat="41.04193925857544" lon="23.95472288131714">
        <ele>194.02</ele>
      </trkpt>
      <trkpt lat="41.04207864962518" lon="23.95487300120294">
        <ele>195.59</ele>
      </trkpt>
      <trkpt lat="41.04221820831299" lon="23.955023288726807">
        <ele>197.2</ele>
      </trkpt>
      <trkpt lat="41.042304039001465" lon="23.955130577087402">
        <ele>198.8</ele>
      </trkpt>
      <trkpt lat="41.04253990575671" lon="23.95532352849841">
        <ele>200.45</ele>
      </trkpt>
      <trkpt lat="41.04277585633099" lon="23.95551656372845">
        <ele>202.15</ele>
      </trkpt>
      <trkpt lat="41.04301172308624" lon="23.955709598958492">
        <ele>203.86</ele>
      </trkpt>
      <trkpt lat="41.04324817657471" lon="23.95590305328369">
        <ele>205.54</ele>
      </trkpt>
      <trkpt lat="41.04349837638438" lon="23.956088880077004">
        <ele>207.19</ele>
      </trkpt>
      <trkpt lat="41.04374857619405" lon="23.956274706870317">
        <ele>208.74</ele>
      </trkpt>
      <trkpt lat="41.04399927891791" lon="23.95646095275879">
        <ele>210.32</ele>
      </trkpt>
      <trkpt lat="41.04429214261472" lon="23.95658953115344">
        <ele>211.93</ele>
      </trkpt>
      <trkpt lat="41.044585006311536" lon="23.956718109548092">
        <ele>213.55</ele>
      </trkpt>
      <trkpt lat="41.04487895965576" lon="23.956847190856934">
        <ele>215.19</ele>
      </trkpt>
      <trkpt lat="41.04513603262603" lon="23.956897146999836">
        <ele>216.86</ele>
      </trkpt>
      <trkpt lat="41.045393189415336" lon="23.95694710314274">
        <ele>218.55</ele>
      </trkpt>
      <trkpt lat="41.04565151967108" lon="23.956997394561768">
        <ele>220.25</ele>
      </trkpt>
      <trkpt lat="41.045958548784256" lon="23.95701164379716">
        <ele>221.97</ele>
      </trkpt>
      <trkpt lat="41.04626566171646" lon="23.95702589303255">
        <ele>223.59</ele>
      </trkpt>
      <trkpt lat="41.046572774648666" lon="23.957040226086974">
        <ele>225.25</ele>
      </trkpt>
      <trkpt lat="41.04687980376184" lon="23.957054475322366">
        <ele>226.87</ele>
      </trkpt>
      <trkpt lat="41.047186916694045" lon="23.95706880837679">
        <ele>228.45</ele>
      </trkpt>
      <trkpt lat="41.04749687947333" lon="23.957083225250244">
        <ele>230.01</ele>
      </trkpt>
      <trkpt lat="41.04776828549802" lon="23.957168888300657">
        <ele>231.46</ele>
      </trkpt>
      <trkpt lat="41.04803969152272" lon="23.957254635170102">
        <ele>232.94</ele>
      </trkpt>
      <trkpt lat="41.048312187194824" lon="23.957340717315674">
        <ele>234.44</ele>
      </trkpt>
      <trkpt lat="41.04849432595074" lon="23.957426380366087">
        <ele>235.93</ele>
      </trkpt>
      <trkpt lat="41.04867696762085" lon="23.957512378692627">
        <ele>237.45</ele>
      </trkpt>
      <trkpt lat="41.04886279441416" lon="23.957648165524006">
        <ele>238.95</ele>
      </trkpt>
      <trkpt lat="41.049048621207476" lon="23.957783952355385">
        <ele>240.43</ele>
      </trkpt>
      <trkpt lat="41.04923486709595" lon="23.95792007446289">
        <ele>241.89</ele>
      </trkpt>
      <trkpt lat="41.0494065284729" lon="23.958113193511963">
        <ele>243.34</ele>
      </trkpt>
      <trkpt lat="41.04957106523216" lon="23.95832064561546">
        <ele>244.78</ele>
      </trkpt>
      <trkpt lat="41.04973568581045" lon="23.958528097718954">
        <ele>246.22</ele>
      </trkpt>
      <trkpt lat="41.04990013875067" lon="23.958735466003418">
        <ele>247.61</ele>
      </trkpt>
      <trkpt lat="41.050103986635804" lon="23.95899656228721">
        <ele>249.0</ele>
      </trkpt>
      <trkpt lat="41.05030791833997" lon="23.959257742390037">
        <ele>250.29</ele>
      </trkpt>
      <trkpt lat="41.0505117662251" lon="23.95951883867383">
        <ele>251.53</ele>
      </trkpt>
      <trkpt lat="41.05071569792926" lon="23.959780018776655">
        <ele>252.78</ele>
      </trkpt>
      <trkpt lat="41.050919545814395" lon="23.96004111506045">
        <ele>254.0</ele>
      </trkpt>
      <trkpt lat="41.05112314224243" lon="23.960301876068115">
        <ele>255.19</ele>
      </trkpt>
      <trkpt lat="41.051284074783325" lon="23.960484266281128">
        <ele>256.34</ele>
      </trkpt>
      <trkpt lat="41.05144500732422" lon="23.96066665649414">
        <ele>257.52</ele>
      </trkpt>
      <trkpt lat="41.051691602915525" lon="23.96082742139697">
        <ele>258.64</ele>
      </trkpt>
      <trkpt lat="41.05193861760199" lon="23.960988521575928">
        <ele>259.7</ele>
      </trkpt>
      <trkpt lat="41.05213148519397" lon="23.96110637113452">
        <ele>260.69</ele>
      </trkpt>
      <trkpt lat="41.0523247718811" lon="23.96122455596924">
        <ele>261.63</ele>
      </trkpt>
      <trkpt lat="41.05259626172483" lon="23.96135313436389">
        <ele>262.62</ele>
      </trkpt>
      <trkpt lat="41.052867751568556" lon="23.96148171275854">
        <ele>263.58</ele>
      </trkpt>
      <trkpt lat="41.05314024724066" lon="23.961610794067383">
        <ele>264.51</ele>
      </trkpt>
      <trkpt lat="41.053397320210934" lon="23.961707185953856">
        <ele>265.41</ele>
      </trkpt>
      <trkpt lat="41.05365514755249" lon="23.961803913116455">
        <ele>266.31</ele>
      </trkpt>
      <trkpt lat="41.053952453657985" lon="23.96187884733081">
        <ele>267.19</ele>
      </trkpt>
      <trkpt lat="41.05424975976348" lon="23.961953865364194">
        <ele>268.05</ele>
      </trkpt>
      <trkpt lat="41.054547065868974" lon="23.96202888339758">
        <ele>268.89</ele>
      </trkpt>
      <trkpt lat="41.05484437197447" lon="23.962103817611933">
        <ele>269.65</ele>
      </trkpt>
      <trkpt lat="41.05514167807996" lon="23.962178835645318">
        <ele>270.37</ele>
      </trkpt>
      <trkpt lat="41.05543898418546" lon="23.962253853678703">
        <ele>271.17</ele>
      </trkpt>
      <trkpt lat="41.05573629029095" lon="23.96232887171209">
        <ele>271.91</ele>
      </trkpt>
      <trkpt lat="41.056036949157715" lon="23.96240472793579">
        <ele>272.63</ele>
      </trkpt>
      <trkpt lat="41.056315479800105" lon="23.962447559460998">
        <ele>273.33</ele>
      </trkpt>
      <trkpt lat="41.05659484863281" lon="23.962490558624268">
        <ele>274.0</ele>
      </trkpt>
      <trkpt lat="41.0567769035697" lon="23.96245837211609">
        <ele>274.65</ele>
      </trkpt>
      <trkpt lat="41.05695962905884" lon="23.96242618560791">
        <ele>275.23</ele>
      </trkpt>
      <trkpt lat="41.05723857879639" lon="23.962297439575195">
        <ele>275.81</ele>
      </trkpt>
      <trkpt lat="41.057496070861816" lon="23.962082862854004">
        <ele>276.39</ele>
      </trkpt>
      <trkpt lat="41.05766764841974" lon="23.961918326094747">
        <ele>276.94</ele>
      </trkpt>
      <trkpt lat="41.05783930979669" lon="23.96175387315452">
        <ele>277.47</ele>
      </trkpt>
      <trkpt lat="41.058011054992676" lon="23.961589336395264">
        <ele>278.01</ele>
      </trkpt>
      <trkpt lat="41.05826863087714" lon="23.961374759674072">
        <ele>278.58</ele>
      </trkpt>
      <trkpt lat="41.058429479599" lon="23.96122455596924">
        <ele>279.14</ele>
      </trkpt>
      <trkpt lat="41.058590495958924" lon="23.961074352264404">
        <ele>279.7</ele>
      </trkpt>
      <trkpt lat="41.05881563387811" lon="23.960870504379272">
        <ele>280.28</ele>
      </trkpt>
      <trkpt lat="41.059041023254395" lon="23.96066665649414">
        <ele>280.84</ele>
      </trkpt>
      <trkpt lat="41.0591911431402" lon="23.960516452789307">
        <ele>281.42</ele>
      </trkpt>
      <trkpt lat="41.05934143066406" lon="23.960366249084473">
        <ele>281.95</ele>
      </trkpt>
      <trkpt lat="41.05942726135254" lon="23.960280418395996">
        <ele>282.43</ele>
      </trkpt>
      <trkpt lat="41.0594916343689" lon="23.96019458770752">
        <ele>282.89</ele>
      </trkpt>
      <trkpt lat="41.05964192189276" lon="23.959990572184324">
        <ele>283.35</ele>
      </trkpt>
      <trkpt lat="41.059792125597596" lon="23.959786891937256">
        <ele>283.78</ele>
      </trkpt>
      <trkpt lat="41.059935288503766" lon="23.95950760692358">
        <ele>284.2</ele>
      </trkpt>
      <trkpt lat="41.06007853522897" lon="23.959228321909904">
        <ele>284.57</ele>
      </trkpt>
      <trkpt lat="41.06022127903998" lon="23.95895004272461">
        <ele>284.98</ele>
      </trkpt>
      <trkpt lat="41.06028498150408" lon="23.95883370190859">
        <ele>285.33</ele>
      </trkpt>
      <trkpt lat="41.06022127903998" lon="23.95895004272461">
        <ele>284.98</ele>
      </trkpt>
      <trkpt lat="41.06028498150408" lon="23.95883370190859">
        <ele>285.33</ele>
      </trkpt>
      <trkpt lat="41.060435604304075" lon="23.958558943122625">
        <ele>286.09</ele>
      </trkpt>
      <trkpt lat="41.06058597564697" lon="23.958284854888916">
        <ele>286.32</ele>
      </trkpt>
      <trkpt lat="41.06065043248236" lon="23.95817756652832">
        <ele>286.48</ele>
      </trkpt>
      <trkpt lat="41.06073617935181" lon="23.958027362823486">
        <ele>286.61</ele>
      </trkpt>
      <trkpt lat="41.060950756073" lon="23.957748413085938">
        <ele>286.7</ele>
      </trkpt>
      <trkpt lat="41.06114387512207" lon="23.957598209381104">
        <ele>286.74</ele>
      </trkpt>
      <trkpt lat="41.06120824813843" lon="23.957533836364746">
        <ele>286.72</ele>
      </trkpt>
      <trkpt lat="41.0614513233304" lon="23.957326468080282">
        <ele>286.68</ele>
      </trkpt>
      <trkpt lat="41.06169439852238" lon="23.95711909979582">
        <ele>286.55</ele>
      </trkpt>
      <trkpt lat="41.06193780899048" lon="23.95691156387329">
        <ele>286.33</ele>
      </trkpt>
      <trkpt lat="41.062162946909666" lon="23.95672925747931">
        <ele>286.11</ele>
      </trkpt>
      <trkpt lat="41.062388168647885" lon="23.95654695108533">
        <ele>285.86</ele>
      </trkpt>
      <trkpt lat="41.06261330656707" lon="23.956364644691348">
        <ele>285.59</ele>
      </trkpt>
      <trkpt lat="41.06283903121948" lon="23.95618200302124">
        <ele>285.26</ele>
      </trkpt>
      <trkpt lat="41.063103564083576" lon="23.95596751011908">
        <ele>284.87</ele>
      </trkpt>
      <trkpt lat="41.06336809694767" lon="23.95575301721692">
        <ele>284.46</ele>
      </trkpt>
      <trkpt lat="41.06363304890692" lon="23.955538272857666">
        <ele>284.03</ele>
      </trkpt>
      <trkpt lat="41.06380454264581" lon="23.955388069152832">
        <ele>283.56</ele>
      </trkpt>
      <trkpt lat="41.0639762878418" lon="23.955237865447998">
        <ele>283.09</ele>
      </trkpt>
      <trkpt lat="41.06425490230322" lon="23.955087745562196">
        <ele>282.59</ele>
      </trkpt>
      <trkpt lat="41.064534187316895" lon="23.95493745803833">
        <ele>282.06</ele>
      </trkpt>
      <trkpt lat="41.064748764038086" lon="23.95493745803833">
        <ele>281.51</ele>
      </trkpt>
      <trkpt lat="41.06483459472656" lon="23.95495891571045">
        <ele>280.95</ele>
      </trkpt>
      <trkpt lat="41.0649847984314" lon="23.95498037338257">
        <ele>280.36</ele>
      </trkpt>
      <trkpt lat="41.065285289660096" lon="23.955001831054688">
        <ele>279.73</ele>
      </trkpt>
      <trkpt lat="41.065506571903825" lon="23.955023204907775">
        <ele>279.13</ele>
      </trkpt>
      <trkpt lat="41.065727937966585" lon="23.955044662579894">
        <ele>278.5</ele>
      </trkpt>
      <trkpt lat="41.06595039367676" lon="23.955066204071045">
        <ele>277.84</ele>
      </trkpt>
      <trkpt lat="41.0661865118891" lon="23.95515203475952">
        <ele>277.16</ele>
      </trkpt>
      <trkpt lat="41.06640108861029" lon="23.955345153808594">
        <ele>276.45</ele>
      </trkpt>
      <trkpt lat="41.066529834643006" lon="23.95547389984131">
        <ele>275.77</ele>
      </trkpt>
      <trkpt lat="41.06665858067572" lon="23.955581188201904">
        <ele>275.08</ele>
      </trkpt>
      <trkpt lat="41.06687315739691" lon="23.955774307250977">
        <ele>274.37</ele>
      </trkpt>
      <trkpt lat="41.0670446511358" lon="23.95590296946466">
        <ele>273.66</ele>
      </trkpt>
      <trkpt lat="41.06721648015082" lon="23.956031799316406">
        <ele>272.97</ele>
      </trkpt>
      <trkpt lat="41.06738814152777" lon="23.95616054534912">
        <ele>272.28</ele>
      </trkpt>
      <trkpt lat="41.067559802904725" lon="23.956503868103027">
        <ele>271.64</ele>
      </trkpt>
      <trkpt lat="41.06771000660956" lon="23.956847190856934">
        <ele>271.01</ele>
      </trkpt>
      <trkpt lat="41.06783866882324" lon="23.957083225250244">
        <ele>270.31</ele>
      </trkpt>
      <trkpt lat="41.06786021031439" lon="23.95716905593872">
        <ele>269.6</ele>
      </trkpt>
      <trkpt lat="41.06796758249402" lon="23.957448340952396">
        <ele>268.89</ele>
      </trkpt>
      <trkpt lat="41.06807470321655" lon="23.95772695541382">
        <ele>268.2</ele>
      </trkpt>
      <trkpt lat="41.068074787035584" lon="23.95772695541382">
        <ele>267.47</ele>
      </trkpt>
      <trkpt lat="41.06820361688733" lon="23.958070781081915">
        <ele>266.75</ele>
      </trkpt>
      <trkpt lat="41.06833219528198" lon="23.95841360092163">
        <ele>266.02</ele>
      </trkpt>
      <trkpt lat="41.06837511062622" lon="23.958585262298584">
        <ele>265.25</ele>
      </trkpt>
      <trkpt lat="41.068655736744404" lon="23.958772346377373">
        <ele>264.46</ele>
      </trkpt>
      <trkpt lat="41.06837511062622" lon="23.958585262298584">
        <ele>265.25</ele>
      </trkpt>
      <trkpt lat="41.068655736744404" lon="23.958772346377373">
        <ele>264.46</ele>
      </trkpt>
      <trkpt lat="41.06865799985826" lon="23.958773771300912">
        <ele>262.17</ele>
      </trkpt>
      <trkpt lat="41.068660179153085" lon="23.95877519622445">
        <ele>261.39</ele>
      </trkpt>
      <trkpt lat="41.06866227462888" lon="23.95877662114799">
        <ele>260.61</ele>
      </trkpt>
      <trkpt lat="41.0686644539237" lon="23.95877812989056">
        <ele>259.83</ele>
      </trkpt>
      <trkpt lat="41.06869697570801" lon="23.958799839019775">
        <ele>259.03</ele>
      </trkpt>
      <trkpt lat="41.0689184255898" lon="23.958914084360003">
        <ele>258.15</ele>
      </trkpt>
      <trkpt lat="41.069139959290624" lon="23.959028413519263">
        <ele>257.24</ele>
      </trkpt>
      <trkpt lat="41.0693621635437" lon="23.95914316177368">
        <ele>256.32</ele>
      </trkpt>
      <trkpt lat="41.0694694519043" lon="23.959228992462158">
        <ele>255.47</ele>
      </trkpt>
      <trkpt lat="41.06961965560913" lon="23.95942211151123">
        <ele>254.59</ele>
      </trkpt>
      <trkpt lat="41.069769859313965" lon="23.959615230560303">
        <ele>253.76</ele>
      </trkpt>
      <trkpt lat="41.06995233334601" lon="23.959937347099185">
        <ele>252.96</ele>
      </trkpt>
      <trkpt lat="41.07013463973999" lon="23.960258960723877">
        <ele>252.26</ele>
      </trkpt>
      <trkpt lat="41.0702205542475" lon="23.960387706756592">
        <ele>251.59</ele>
      </trkpt>
      <trkpt lat="41.07026346959174" lon="23.96047353744507">
        <ele>250.88</ele>
      </trkpt>
      <trkpt lat="41.07045667245984" lon="23.96078484132886">
        <ele>250.21</ele>
      </trkpt>
      <trkpt lat="41.07064962387085" lon="23.961095809936523">
        <ele>249.45</ele>
      </trkpt>
      <trkpt lat="41.07077828608453" lon="23.961235200986266">
        <ele>248.74</ele>
      </trkpt>
      <trkpt lat="41.07090711593628" lon="23.961374759674072">
        <ele>248.08</ele>
      </trkpt>
      <trkpt lat="41.070992946624756" lon="23.96141767501831">
        <ele>247.46</ele>
      </trkpt>
      <trkpt lat="41.071271477267146" lon="23.961487244814634">
        <ele>246.91</ele>
      </trkpt>
      <trkpt lat="41.071550007909536" lon="23.96155689842999">
        <ele>246.37</ele>
      </trkpt>
      <trkpt lat="41.07182853855193" lon="23.961626552045345">
        <ele>245.8</ele>
      </trkpt>
      <trkpt lat="41.07210874557495" lon="23.96169662475586">
        <ele>245.31</ele>
      </trkpt>
      <trkpt lat="41.07240915298462" lon="23.96165370941162">
        <ele>244.9</ele>
      </trkpt>
      <trkpt lat="41.07259129174054" lon="23.961578691378236">
        <ele>244.43</ele>
      </trkpt>
      <trkpt lat="41.072774017229676" lon="23.961503505706787">
        <ele>243.92</ele>
      </trkpt>
      <trkpt lat="41.07292422093451" lon="23.96139621734619">
        <ele>243.43</ele>
      </trkpt>
      <trkpt lat="41.073145754635334" lon="23.96123888902366">
        <ele>242.9</ele>
      </trkpt>
      <trkpt lat="41.07336728833616" lon="23.961081644520164">
        <ele>242.43</ele>
      </trkpt>
      <trkpt lat="41.07358932495117" lon="23.96092414855957">
        <ele>242.0</ele>
      </trkpt>
      <trkpt lat="41.07384639792144" lon="23.96090269088745">
        <ele>241.49</ele>
      </trkpt>
      <trkpt lat="41.07410430908203" lon="23.960881233215332">
        <ele>241.02</ele>
      </trkpt>
      <trkpt lat="41.07429709285498" lon="23.960827589035034">
        <ele>240.6</ele>
      </trkpt>
      <trkpt lat="41.074490547180176" lon="23.960773944854736">
        <ele>240.21</ele>
      </trkpt>
      <trkpt lat="41.074737226590514" lon="23.960527181625366">
        <ele>239.85</ele>
      </trkpt>
      <trkpt lat="41.074984073638916" lon="23.960280418395996">
        <ele>239.5</ele>
      </trkpt>
      <trkpt lat="41.075241565704346" lon="23.9601731300354">
        <ele>239.29</ele>
      </trkpt>
      <trkpt lat="41.07549327425659" lon="23.960221325978637">
        <ele>239.06</ele>
      </trkpt>
      <trkpt lat="41.07574506662786" lon="23.960269521921873">
        <ele>238.89</ele>
      </trkpt>
      <trkpt lat="41.0759967751801" lon="23.96031771786511">
        <ele>238.66</ele>
      </trkpt>
      <trkpt lat="41.076250076293945" lon="23.960366249084473">
        <ele>238.46</ele>
      </trkpt>
      <trkpt lat="41.07645006850362" lon="23.960451912134886">
        <ele>238.22</ele>
      </trkpt>
      <trkpt lat="41.07665014453232" lon="23.96053765900433">
        <ele>238.0</ele>
      </trkpt>
      <trkpt lat="41.07685089111328" lon="23.960623741149902">
        <ele>237.75</ele>
      </trkpt>
      <trkpt lat="41.077065551653504" lon="23.960602283477783">
        <ele>237.48</ele>
      </trkpt>
      <trkpt lat="41.07706546783447" lon="23.960602283477783">
        <ele>237.27</ele>
      </trkpt>
      <trkpt lat="41.07719421386719" lon="23.96045207977295">
        <ele>237.04</ele>
      </trkpt>
      <trkpt lat="41.077237129211426" lon="23.960344791412354">
        <ele>236.83</ele>
      </trkpt>
      <trkpt lat="41.07731591910124" lon="23.960058130323887">
        <ele>236.58</ele>
      </trkpt>
      <trkpt lat="41.07739470899105" lon="23.95977146923542">
        <ele>236.37</ele>
      </trkpt>
      <trkpt lat="41.077473163604736" lon="23.959486484527588">
        <ele>236.13</ele>
      </trkpt>
      <trkpt lat="41.077548349276185" lon="23.959271488711238">
        <ele>235.88</ele>
      </trkpt>
      <trkpt lat="41.07762336730957" lon="23.959057331085205">
        <ele>235.58</ele>
      </trkpt>
      <trkpt lat="41.07770919799805" lon="23.958885669708252">
        <ele>235.22</ele>
      </trkpt>
      <trkpt lat="41.07792377471924" lon="23.95869255065918">
        <ele>234.71</ele>
      </trkpt>
      <trkpt lat="41.07807397842407" lon="23.95847797393799">
        <ele>234.26</ele>
      </trkpt>
      <trkpt lat="41.07826005667448" lon="23.958177315071225">
        <ele>233.86</ele>
      </trkpt>
      <trkpt lat="41.07844613492489" lon="23.957876656204462">
        <ele>233.36</ele>
      </trkpt>
      <trkpt lat="41.07863187789917" lon="23.957576751708984">
        <ele>232.85</ele>
      </trkpt>
      <trkpt lat="41.07882491312921" lon="23.957372903823853">
        <ele>232.18</ele>
      </trkpt>
      <trkpt lat="41.079018115997314" lon="23.95716905593872">
        <ele>231.51</ele>
      </trkpt>
      <trkpt lat="41.07915750704706" lon="23.957061767578125">
        <ele>230.76</ele>
      </trkpt>
      <trkpt lat="41.079297149553895" lon="23.95695447921753">
        <ele>229.97</ele>
      </trkpt>
      <trkpt lat="41.079490100964904" lon="23.956793546676636">
        <ele>229.05</ele>
      </trkpt>
      <trkpt lat="41.07968338765204" lon="23.956632614135742">
        <ele>228.0</ele>
      </trkpt>
      <trkpt lat="41.07987650670111" lon="23.956389287486672">
        <ele>226.92</ele>
      </trkpt>
      <trkpt lat="41.080069625750184" lon="23.956146044656634">
        <ele>225.8</ele>
      </trkpt>
      <trkpt lat="41.080262660980225" lon="23.95590305328369">
        <ele>224.62</ele>
      </trkpt>
      <trkpt lat="41.08046634122729" lon="23.955785119906068">
        <ele>223.38</ele>
      </trkpt>
      <trkpt lat="41.08067044056952" lon="23.95566701889038">
        <ele>222.12</ele>
      </trkpt>
      <trkpt lat="41.08094930648804" lon="23.955516815185547">
        <ele>220.7</ele>
      </trkpt>
      <trkpt lat="41.08112105168402" lon="23.955323696136475">
        <ele>219.27</ele>
      </trkpt>
      <trkpt lat="41.081292713060975" lon="23.955087661743164">
        <ele>217.76</ele>
      </trkpt>
      <trkpt lat="41.08142137527466" lon="23.9549373742193">
        <ele>216.24</ele>
      </trkpt>
      <trkpt lat="41.08155012130737" lon="23.954787254333496">
        <ele>214.67</ele>
      </trkpt>
      <trkpt lat="41.08163603581488" lon="23.95459388382733">
        <ele>213.11</ele>
      </trkpt>
      <trkpt lat="41.081721782684326" lon="23.95440101623535">
        <ele>211.5</ele>
      </trkpt>
      <trkpt lat="41.0818076133728" lon="23.954572677612305">
        <ele>209.79</ele>
      </trkpt>
      <trkpt lat="41.08192579820752" lon="23.95487350411713">
        <ele>207.95</ele>
      </trkpt>
      <trkpt lat="41.08204364776611" lon="23.95517349243164">
        <ele>206.11</ele>
      </trkpt>
      <trkpt lat="41.08211883343756" lon="23.955366862937808">
        <ele>204.28</ele>
      </trkpt>
      <trkpt lat="41.08219385147095" lon="23.955559730529785">
        <ele>202.48</ele>
      </trkpt>
      <trkpt lat="41.082279682159424" lon="23.95566701889038">
        <ele>200.68</ele>
      </trkpt>
      <trkpt lat="41.08245134353638" lon="23.955795764923096">
        <ele>198.85</ele>
      </trkpt>
      <trkpt lat="41.082558715716004" lon="23.955795764923096">
        <ele>197.05</ele>
      </trkpt>
      <trkpt lat="41.082794750109315" lon="23.955581188201904">
        <ele>195.25</ele>
      </trkpt>
      <trkpt lat="41.082955515012145" lon="23.95546317100525">
        <ele>193.46</ele>
      </trkpt>
      <trkpt lat="41.0831166151911" lon="23.955345153808594">
        <ele>191.67</ele>
      </trkpt>
      <trkpt lat="41.08328810892999" lon="23.95522722043097">
        <ele>189.88</ele>
      </trkpt>
      <trkpt lat="41.08345985412598" lon="23.955109119415283">
        <ele>188.13</ele>
      </trkpt>
      <trkpt lat="41.08357787132263" lon="23.954937290400267">
        <ele>186.42</ele>
      </trkpt>
      <trkpt lat="41.08369588851929" lon="23.954765796661377">
        <ele>184.73</ele>
      </trkpt>
      <trkpt lat="41.083803260698915" lon="23.954529762268066">
        <ele>183.04</ele>
      </trkpt>
      <trkpt lat="41.08392144553363" lon="23.954228851944208">
        <ele>181.39</ele>
      </trkpt>
      <trkpt lat="41.084039295092225" lon="23.95392894744873">
        <ele>179.81</ele>
      </trkpt>
      <trkpt lat="41.08408212661743" lon="23.953821659088135">
        <ele>178.32</ele>
      </trkpt>
      <trkpt lat="41.08414658345282" lon="23.953628540039062">
        <ele>176.87</ele>
      </trkpt>
      <trkpt lat="41.0842324141413" lon="23.95341396331787">
        <ele>175.46</ele>
      </trkpt>
      <trkpt lat="41.08429687097669" lon="23.95320969633758">
        <ele>174.12</ele>
      </trkpt>
      <trkpt lat="41.08436116017401" lon="23.953006267547607">
        <ele>172.83</ele>
      </trkpt>
      <trkpt lat="41.08440407551825" lon="23.952877521514893">
        <ele>171.63</ele>
      </trkpt>
      <trkpt lat="41.08448999002576" lon="23.952651796862483">
        <ele>170.48</ele>
      </trkpt>
      <trkpt lat="41.08457565307617" lon="23.95242691040039">
        <ele>169.42</ele>
      </trkpt>
      <trkpt lat="41.08470439910889" lon="23.952255249023438">
        <ele>168.45</ele>
      </trkpt>
      <trkpt lat="41.08487606048584" lon="23.952062129974365">
        <ele>167.56</ele>
      </trkpt>
      <trkpt lat="41.085026264190674" lon="23.952062129974365">
        <ele>166.8</ele>
      </trkpt>
      <trkpt lat="41.08511209487915" lon="23.952126502990723">
        <ele>166.11</ele>
      </trkpt>
      <trkpt lat="41.085240840911865" lon="23.952341079711914">
        <ele>165.49</ele>
      </trkpt>
      <trkpt lat="41.085305297747254" lon="23.952040672302246">
        <ele>165.02</ele>
      </trkpt>
      <trkpt lat="41.085305297747254" lon="23.95191192626953">
        <ele>164.6</ele>
      </trkpt>
      <trkpt lat="41.085283840075135" lon="23.951783180236816">
        <ele>164.27</ele>
      </trkpt>
      <trkpt lat="41.085230028256774" lon="23.951525101438165">
        <ele>164.03</ele>
      </trkpt>
      <trkpt lat="41.08517655171454" lon="23.951268196105957">
        <ele>163.85</ele>
      </trkpt>
      <trkpt lat="41.08513346873224" lon="23.951053116470575">
        <ele>163.79</ele>
      </trkpt>
      <trkpt lat="41.08509072102606" lon="23.950839042663574">
        <ele>163.8</ele>
      </trkpt>
      <trkpt lat="41.085047805681825" lon="23.950624465942383">
        <ele>163.88</ele>
      </trkpt>
      <trkpt lat="41.085026264190674" lon="23.950388431549072">
        <ele>164.03</ele>
      </trkpt>
      <trkpt lat="41.085047805681825" lon="23.950109481811523">
        <ele>164.24</ele>
      </trkpt>
      <trkpt lat="41.085112262517214" lon="23.949819216504693">
        <ele>164.57</ele>
      </trkpt>
      <trkpt lat="41.08517655171454" lon="23.949530124664307">
        <ele>164.97</ele>
      </trkpt>
      <trkpt lat="41.08526246622205" lon="23.94924346357584">
        <ele>165.42</ele>
      </trkpt>
      <trkpt lat="41.085348380729556" lon="23.948956886306405">
        <ele>165.97</ele>
      </trkpt>
      <trkpt lat="41.08543395996094" lon="23.94867181777954">
        <ele>166.6</ele>
      </trkpt>
      <trkpt lat="41.08566957525909" lon="23.948644995689392">
        <ele>167.26</ele>
      </trkpt>
      <trkpt lat="41.08590527437627" lon="23.948618173599243">
        <ele>167.99</ele>
      </trkpt>
      <trkpt lat="41.08614097349346" lon="23.948591435328126">
        <ele>168.79</ele>
      </trkpt>
      <trkpt lat="41.08637809753418" lon="23.948564529418945">
        <ele>169.64</ele>
      </trkpt>
      <trkpt lat="41.08635655604303" lon="23.948338720947504">
        <ele>170.6</ele>
      </trkpt>
      <trkpt lat="41.08633526600897" lon="23.948113918304443">
        <ele>171.62</ele>
      </trkpt>
      <trkpt lat="41.08630299568176" lon="23.94776975736022">
        <ele>172.7</ele>
      </trkpt>
      <trkpt lat="41.086270892992616" lon="23.94742727279663">
        <ele>173.86</ele>
      </trkpt>
      <trkpt lat="41.086227810010314" lon="23.94705092534423">
        <ele>175.11</ele>
      </trkpt>
      <trkpt lat="41.08618506230414" lon="23.94667625427246">
        <ele>176.38</ele>
      </trkpt>
      <trkpt lat="41.08615279197693" lon="23.946332093328238">
        <ele>177.7</ele>
      </trkpt>
      <trkpt lat="41.08612068928778" lon="23.94598960876465">
        <ele>179.07</ele>
      </trkpt>
      <trkpt lat="41.08606687746942" lon="23.945623990148306">
        <ele>180.49</ele>
      </trkpt>
      <trkpt lat="41.086013400927186" lon="23.945260047912598">
        <ele>181.98</ele>
      </trkpt>
      <trkpt lat="41.085970317944884" lon="23.944926699623466">
        <ele>183.51</ele>
      </trkpt>
      <trkpt lat="41.08592757023871" lon="23.944594860076904">
        <ele>185.1</ele>
      </trkpt>
      <trkpt lat="41.08588448725641" lon="23.94423997029662">
        <ele>186.75</ele>
      </trkpt>
      <trkpt lat="41.08584173955023" lon="23.943886756896973">
        <ele>188.41</ele>
      </trkpt>
      <trkpt lat="41.08579865656793" lon="23.94352113828063">
        <ele>190.12</ele>
      </trkpt>
      <trkpt lat="41.085755825042725" lon="23.943157196044922">
        <ele>191.85</ele>
      </trkpt>
      <trkpt lat="41.085755908861756" lon="23.943006992340088">
        <ele>193.6</ele>
      </trkpt>
      <trkpt lat="41.085820365697145" lon="23.942734664306045">
        <ele>195.41</ele>
      </trkpt>
      <trkpt lat="41.085884822532535" lon="23.942462336272">
        <ele>197.25</ele>
      </trkpt>
      <trkpt lat="41.0859489440918" lon="23.94219160079956">
        <ele>199.13</ele>
      </trkpt>
      <trkpt lat="41.08602421358228" lon="23.94192287698388">
        <ele>201.03</ele>
      </trkpt>
      <trkpt lat="41.08609923161566" lon="23.941655158996582">
        <ele>202.95</ele>
      </trkpt>
      <trkpt lat="41.08622814528644" lon="23.941282583400607">
        <ele>204.94</ele>
      </trkpt>
      <trkpt lat="41.08635714277625" lon="23.940910007804632">
        <ele>207.0</ele>
      </trkpt>
      <trkpt lat="41.08648546971381" lon="23.940539360046387">
        <ele>209.1</ele>
      </trkpt>
      <trkpt lat="41.086571384221315" lon="23.940152283757925">
        <ele>211.21</ele>
      </trkpt>
      <trkpt lat="41.086657382547855" lon="23.939765291288495">
        <ele>213.34</ele>
      </trkpt>
      <trkpt lat="41.086742877960205" lon="23.939380645751953">
        <ele>215.52</ele>
      </trkpt>
      <trkpt lat="41.08674296177924" lon="23.939380645751953">
        <ele>217.66</ele>
      </trkpt>
      <trkpt lat="41.08684320934117" lon="23.93900077790022">
        <ele>219.91</ele>
      </trkpt>
      <trkpt lat="41.08694354072213" lon="23.938620993867517">
        <ele>222.17</ele>
      </trkpt>
      <trkpt lat="41.087043369188905" lon="23.93824338912964">
        <ele>224.43</ele>
      </trkpt>
      <trkpt lat="41.087150825187564" lon="23.937870729714632">
        <ele>226.78</ele>
      </trkpt>
      <trkpt lat="41.08725828118622" lon="23.937498154118657">
        <ele>229.24</ele>
      </trkpt>
      <trkpt lat="41.08736523427069" lon="23.937127590179443">
        <ele>231.74</ele>
      </trkpt>
      <trkpt lat="41.08747269026935" lon="23.936762139201164">
        <ele>234.22</ele>
      </trkpt>
      <trkpt lat="41.08758014626801" lon="23.936396688222885">
        <ele>236.64</ele>
      </trkpt>
      <trkpt lat="41.08768709935248" lon="23.936033248901367">
        <ele>239.13</ele>
      </trkpt>
      <trkpt lat="41.08777309767902" lon="23.935653381049633">
        <ele>241.62</ele>
      </trkpt>
      <trkpt lat="41.08785909600556" lon="23.9352735131979">
        <ele>244.15</ele>
      </trkpt>
      <trkpt lat="41.08794459141791" lon="23.934895992279053">
        <ele>246.7</ele>
      </trkpt>
      <trkpt lat="41.08801977708936" lon="23.934594998136163">
        <ele>249.28</ele>
      </trkpt>
      <trkpt lat="41.08809471130371" lon="23.934295177459717">
        <ele>251.86</ele>
      </trkpt>
      <trkpt lat="41.08814843930304" lon="23.933961829170585">
        <ele>254.51</ele>
      </trkpt>
      <trkpt lat="41.08820208348334" lon="23.933629989624023">
        <ele>257.16</ele>
      </trkpt>
      <trkpt lat="41.088244915008545" lon="23.93322229385376">
        <ele>259.87</ele>
      </trkpt>
      <trkpt lat="41.088298643007874" lon="23.93298575654626">
        <ele>262.5</ele>
      </trkpt>
      <trkpt lat="41.08835220336914" lon="23.93275022506714">
        <ele>265.14</ele>
      </trkpt>
      <trkpt lat="41.08843811787665" lon="23.93244981765747">
        <ele>267.86</ele>
      </trkpt>
      <trkpt lat="41.088566947728395" lon="23.932213531807065">
        <ele>270.59</ele>
      </trkpt>
      <trkpt lat="41.08869577758014" lon="23.93197724595666">
        <ele>273.33</ele>
      </trkpt>
      <trkpt lat="41.08882427215576" lon="23.93174171447754">
        <ele>276.07</ele>
      </trkpt>
      <trkpt lat="41.08891018666327" lon="23.93144130706787">
        <ele>278.83</ele>
      </trkpt>
      <trkpt lat="41.08895310200751" lon="23.93117249943316">
        <ele>281.58</ele>
      </trkpt>
      <trkpt lat="41.088995933532715" lon="23.930904865264893">
        <ele>284.34</ele>
      </trkpt>
      <trkpt lat="41.08909911476076" lon="23.93054368905723">
        <ele>287.09</ele>
      </trkpt>
      <trkpt lat="41.0892022959888" lon="23.93018251284957">
        <ele>289.85</ele>
      </trkpt>
      <trkpt lat="41.08930547721684" lon="23.92982142046094">
        <ele>292.65</ele>
      </trkpt>
      <trkpt lat="41.08940865844488" lon="23.929460244253278">
        <ele>295.5</ele>
      </trkpt>
      <trkpt lat="41.089510917663574" lon="23.929102420806885">
        <ele>298.35</ele>
      </trkpt>
      <trkpt lat="41.08966740779579" lon="23.9287924580276">
        <ele>301.19</ele>
      </trkpt>
      <trkpt lat="41.089823897928" lon="23.928482495248318">
        <ele>304.03</ele>
      </trkpt>
      <trkpt lat="41.08998038806021" lon="23.928172532469034">
        <ele>306.84</ele>
      </trkpt>
      <trkpt lat="41.090136878192425" lon="23.927862653508782">
        <ele>309.62</ele>
      </trkpt>
      <trkpt lat="41.09029345214367" lon="23.9275526907295">
        <ele>312.45</ele>
      </trkpt>
      <trkpt lat="41.09044994227588" lon="23.927242727950215">
        <ele>315.27</ele>
      </trkpt>
      <trkpt lat="41.09060525894165" lon="23.92693519592285">
        <ele>318.14</ele>
      </trkpt>
      <trkpt lat="41.09076635912061" lon="23.926580641418695">
        <ele>320.98</ele>
      </trkpt>
      <trkpt lat="41.09092712402344" lon="23.92622709274292">
        <ele>323.79</ele>
      </trkpt>
      <trkpt lat="41.09099158085883" lon="23.925926685333252">
        <ele>326.61</ele>
      </trkpt>
      <trkpt lat="41.09112024307251" lon="23.925561904907227">
        <ele>329.47</ele>
      </trkpt>
      <trkpt lat="41.091281259432435" lon="23.92526116222143">
        <ele>332.35</ele>
      </trkpt>
      <trkpt lat="41.0914421081543" lon="23.92496109008789">
        <ele>335.23</ele>
      </trkpt>
      <trkpt lat="41.09164595603943" lon="23.92470887862146">
        <ele>338.12</ele>
      </trkpt>
      <trkpt lat="41.09184988774359" lon="23.924456667155027">
        <ele>341.0</ele>
      </trkpt>
      <trkpt lat="41.092053819447756" lon="23.924204455688596">
        <ele>343.86</ele>
      </trkpt>
      <trkpt lat="41.092257583513856" lon="23.92395257949829">
        <ele>346.72</ele>
      </trkpt>
      <trkpt lat="41.0924506187439" lon="23.92371654510498">
        <ele>349.55</ele>
      </trkpt>
      <trkpt lat="41.09260082244873" lon="23.923416137695312">
        <ele>352.39</ele>
      </trkpt>
      <trkpt lat="41.09267307445407" lon="23.92302512191236">
        <ele>355.24</ele>
      </trkpt>
      <trkpt lat="41.09274541027844" lon="23.92263418994844">
        <ele>358.13</ele>
      </trkpt>
      <trkpt lat="41.09281774610281" lon="23.92224325798452">
        <ele>361.02</ele>
      </trkpt>
      <trkpt lat="41.09289008192718" lon="23.9218523260206">
        <ele>364.02</ele>
      </trkpt>
      <trkpt lat="41.09296241775155" lon="23.921461394056678">
        <ele>367.01</ele>
      </trkpt>
      <trkpt lat="41.09303475357592" lon="23.921070462092757">
        <ele>369.99</ele>
      </trkpt>
      <trkpt lat="41.09310708940029" lon="23.920679530128837">
        <ele>372.95</ele>
      </trkpt>
      <trkpt lat="41.09317942522466" lon="23.920288514345884">
        <ele>375.92</ele>
      </trkpt>
      <trkpt lat="41.09325176104903" lon="23.919897582381964">
        <ele>378.82</ele>
      </trkpt>
      <trkpt lat="41.0933240968734" lon="23.919506650418043">
        <ele>381.71</ele>
      </trkpt>
      <trkpt lat="41.09339475631714" lon="23.919124603271484">
        <ele>384.6</ele>
      </trkpt>
      <trkpt lat="41.093517215922475" lon="23.918769964948297">
        <ele>387.45</ele>
      </trkpt>
      <trkpt lat="41.09363975934684" lon="23.91841532662511">
        <ele>390.29</ele>
      </trkpt>
      <trkpt lat="41.09376221895218" lon="23.91806068830192">
        <ele>393.11</ele>
      </trkpt>
      <trkpt lat="41.09388476237655" lon="23.917706049978733">
        <ele>395.92</ele>
      </trkpt>
      <trkpt lat="41.094007305800915" lon="23.917351495474577">
        <ele>398.67</ele>
      </trkpt>
      <trkpt lat="41.09412976540625" lon="23.91699685715139">
        <ele>401.41</ele>
      </trkpt>
      <trkpt lat="41.09425230883062" lon="23.9166422188282">
        <ele>404.2</ele>
      </trkpt>
      <trkpt lat="41.094374768435955" lon="23.916287580505013">
        <ele>406.95</ele>
      </trkpt>
      <trkpt lat="41.09449731186032" lon="23.915932942181826">
        <ele>409.63</ele>
      </trkpt>
      <trkpt lat="41.09461784362793" lon="23.915584087371826">
        <ele>412.26</ele>
      </trkpt>
      <trkpt lat="41.09461792744696" lon="23.915584087371826">
        <ele>414.79</ele>
      </trkpt>
      <trkpt lat="41.094732508063316" lon="23.915290385484695">
        <ele>417.35</ele>
      </trkpt>
      <trkpt lat="41.09484708867967" lon="23.914996683597565">
        <ele>419.92</ele>
      </trkpt>
      <trkpt lat="41.094961166381836" lon="23.91470432281494">
        <ele>422.43</ele>
      </trkpt>
      <trkpt lat="41.09514364041388" lon="23.91443945467472">
        <ele>424.86</ele>
      </trkpt>
      <trkpt lat="41.095326114445925" lon="23.914174670353532">
        <ele>427.25</ele>
      </trkpt>
      <trkpt lat="41.09550858847797" lon="23.913909886032343">
        <ele>429.63</ele>
      </trkpt>
      <trkpt lat="41.095691062510014" lon="23.913645101711154">
        <ele>431.9</ele>
      </trkpt>
      <trkpt lat="41.09587362036109" lon="23.913380317389965">
        <ele>434.09</ele>
      </trkpt>
      <trkpt lat="41.09605550765991" lon="23.913116455078125">
        <ele>436.31</ele>
      </trkpt>
      <trkpt lat="41.09624141827226" lon="23.912901794537902">
        <ele>438.48</ele>
      </trkpt>
      <trkpt lat="41.09642741270363" lon="23.91268721781671">
        <ele>440.6</ele>
      </trkpt>
      <trkpt lat="41.09661340713501" lon="23.91247272491455">
        <ele>442.65</ele>
      </trkpt>
      <trkpt lat="41.09684399329126" lon="23.91224205493927">
        <ele>444.66</ele>
      </trkpt>
      <trkpt lat="41.09707466326654" lon="23.91201138496399">
        <ele>446.57</ele>
      </trkpt>
      <trkpt lat="41.09730533324182" lon="23.91178079880774">
        <ele>448.44</ele>
      </trkpt>
      <trkpt lat="41.09753591939807" lon="23.91155012883246">
        <ele>450.25</ele>
      </trkpt>
      <trkpt lat="41.09776658937335" lon="23.91131954267621">
        <ele>452.0</ele>
      </trkpt>
      <trkpt lat="41.09799725934863" lon="23.91108887270093">
        <ele>453.67</ele>
      </trkpt>
      <trkpt lat="41.09822792932391" lon="23.91085828654468">
        <ele>455.25</ele>
      </trkpt>
      <trkpt lat="41.09845885075629" lon="23.910627365112305">
        <ele>456.78</ele>
      </trkpt>
      <trkpt lat="41.098480224609375" lon="23.910691738128662">
        <ele>458.16</ele>
      </trkpt>
      <trkpt lat="41.09854459762573" lon="23.91071319580078">
        <ele>459.47</ele>
      </trkpt>
      <trkpt lat="41.098716259002686" lon="23.910670280456543">
        <ele>460.78</ele>
      </trkpt>
      <trkpt lat="41.098980624228716" lon="23.910527369007468">
        <ele>462.04</ele>
      </trkpt>
      <trkpt lat="41.099244989454746" lon="23.910384457558393">
        <ele>463.19</ele>
      </trkpt>
      <trkpt lat="41.099510192871094" lon="23.91024112701416">
        <ele>464.24</ele>
      </trkpt>
      <trkpt lat="41.09973876737058" lon="23.910133922472596">
        <ele>465.19</ele>
      </trkpt>
      <trkpt lat="41.0999674256891" lon="23.910026717931032">
        <ele>466.06</ele>
      </trkpt>
      <trkpt lat="41.10019692219794" lon="23.909919261932373">
        <ele>466.89</ele>
      </trkpt>
      <trkpt lat="41.10043287277222" lon="23.909919261932373">
        <ele>467.62</ele>
      </trkpt>
      <trkpt lat="41.10056161880493" lon="23.910069465637207">
        <ele>468.32</ele>
      </trkpt>
      <trkpt lat="41.1006046179682" lon="23.91024112701416">
        <ele>468.88</ele>
      </trkpt>
      <trkpt lat="41.10065474174917" lon="23.9105205796659">
        <ele>469.34</ele>
      </trkpt>
      <trkpt lat="41.10070486553013" lon="23.91080011613667">
        <ele>469.68</ele>
      </trkpt>
      <trkpt lat="41.100754737854004" lon="23.911077976226807">
        <ele>469.94</ele>
      </trkpt>
      <trkpt lat="41.10088348388672" lon="23.911292552947998">
        <ele>470.2</ele>
      </trkpt>
      <trkpt lat="41.10103368759155" lon="23.91146421432495">
        <ele>470.4</ele>
      </trkpt>
      <trkpt lat="41.10118389129639" lon="23.911635875701904">
        <ele>470.58</ele>
      </trkpt>
      <trkpt lat="41.101226806640625" lon="23.911807537078857">
        <ele>470.66</ele>
      </trkpt>
      <trkpt lat="41.101226806640625" lon="23.911914825439453">
        <ele>470.69</ele>
      </trkpt>
      <trkpt lat="41.10116243362427" lon="23.912086486816406">
        <ele>470.6</ele>
      </trkpt>
      <trkpt lat="41.10099772922695" lon="23.912351271137595">
        <ele>470.43</ele>
      </trkpt>
      <trkpt lat="41.10083310864866" lon="23.912616139277816">
        <ele>470.22</ele>
      </trkpt>
      <trkpt lat="41.10066890716553" lon="23.912880420684814">
        <ele>470.04</ele>
      </trkpt>
      <trkpt lat="41.10060436651111" lon="23.913073791190982">
        <ele>469.86</ele>
      </trkpt>
      <trkpt lat="41.10054016113281" lon="23.91326665878296">
        <ele>469.65</ele>
      </trkpt>
      <trkpt lat="41.10052934847772" lon="23.91350319609046">
        <ele>469.39</ele>
      </trkpt>
      <trkpt lat="41.10051870346069" lon="23.91373872756958">
        <ele>469.11</ele>
      </trkpt>
      <trkpt lat="41.10054016113281" lon="23.91412580385804">
        <ele>468.78</ele>
      </trkpt>
      <trkpt lat="41.10056161880493" lon="23.91451120376587">
        <ele>468.39</ele>
      </trkpt>
      <trkpt lat="41.10062599182129" lon="23.91470432281494">
        <ele>468.0</ele>
      </trkpt>
      <trkpt lat="41.100711822509766" lon="23.914833068847656">
        <ele>467.6</ele>
      </trkpt>
      <trkpt lat="41.10084056854248" lon="23.914897441864014">
        <ele>467.15</ele>
      </trkpt>
      <trkpt lat="41.10114097595215" lon="23.914918899536133">
        <ele>466.71</ele>
      </trkpt>
      <trkpt lat="41.101405173540115" lon="23.914890317246318">
        <ele>466.26</ele>
      </trkpt>
      <trkpt lat="41.101669454947114" lon="23.914861734956503">
        <ele>465.77</ele>
      </trkpt>
      <trkpt lat="41.10193365253508" lon="23.914833152666688">
        <ele>465.27</ele>
      </trkpt>
      <trkpt lat="41.10219793394208" lon="23.914804570376873">
        <ele>464.73</ele>
      </trkpt>
      <trkpt lat="41.10246213153005" lon="23.914775988087058">
        <ele>464.16</ele>
      </trkpt>
      <trkpt lat="41.102728843688965" lon="23.91474723815918">
        <ele>463.59</ele>
      </trkpt>
      <trkpt lat="41.10302925109863" lon="23.914639949798584">
        <ele>463.03</ele>
      </trkpt>
      <trkpt lat="41.1032294947654" lon="23.914418164640665">
        <ele>462.48</ele>
      </trkpt>
      <trkpt lat="41.10342973843217" lon="23.914196463301778">
        <ele>461.94</ele>
      </trkpt>
      <trkpt lat="41.10363006591797" lon="23.91397476196289">
        <ele>461.52</ele>
      </trkpt>
      <trkpt lat="41.10384464263916" lon="23.913888931274414">
        <ele>460.97</ele>
      </trkpt>
      <trkpt lat="41.1041552759707" lon="23.913856744766235">
        <ele>460.48</ele>
      </trkpt>
      <trkpt lat="41.104466915130615" lon="23.913824558258057">
        <ele>459.99</ele>
      </trkpt>
      <trkpt lat="41.10463857650757" lon="23.913867473602295">
        <ele>459.54</ele>
      </trkpt>
      <trkpt lat="41.1047887802124" lon="23.91395330429077">
        <ele>459.17</ele>
      </trkpt>
      <trkpt lat="41.104896068573" lon="23.914103507995605">
        <ele>458.75</ele>
      </trkpt>
      <trkpt lat="41.10489615239203" lon="23.914103507995605">
        <ele>458.37</ele>
      </trkpt>
      <trkpt lat="41.10501425340772" lon="23.91438279300928">
        <ele>457.94</ele>
      </trkpt>
      <trkpt lat="41.10513210296631" lon="23.914661407470703">
        <ele>457.51</ele>
      </trkpt>
      <trkpt lat="41.105239391326904" lon="23.914854526519775">
        <ele>457.12</ele>
      </trkpt>
      <trkpt lat="41.10538959503174" lon="23.91502618789673">
        <ele>456.8</ele>
      </trkpt>
      <trkpt lat="41.105539882555604" lon="23.91519784927368">
        <ele>456.5</ele>
      </trkpt>
      <trkpt lat="41.1057713907212" lon="23.91536934301257">
        <ele>456.25</ele>
      </trkpt>
      <trkpt lat="41.10600298270583" lon="23.915540920570493">
        <ele>456.03</ele>
      </trkpt>
      <trkpt lat="41.10623457469046" lon="23.915712498128414">
        <ele>455.83</ele>
      </trkpt>
      <trkpt lat="41.10646616667509" lon="23.915883991867304">
        <ele>455.68</ele>
      </trkpt>
      <trkpt lat="41.106698513031006" lon="23.916056156158447">
        <ele>455.51</ele>
      </trkpt>
      <trkpt lat="41.106964303180575" lon="23.91621901653707">
        <ele>455.34</ele>
      </trkpt>
      <trkpt lat="41.10723017714918" lon="23.916381960734725">
        <ele>455.22</ele>
      </trkpt>
      <trkpt lat="41.10749605111778" lon="23.91654490493238">
        <ele>455.16</ele>
      </trkpt>
      <trkpt lat="41.10776184126735" lon="23.916707849130034">
        <ele>455.07</ele>
      </trkpt>
      <trkpt lat="41.10802888870239" lon="23.916871547698975">
        <ele>454.96</ele>
      </trkpt>
      <trkpt lat="41.10817909240723" lon="23.917064666748047">
        <ele>454.83</ele>
      </trkpt>
      <trkpt lat="41.10832929611206" lon="23.91725778579712">
        <ele>454.71</ele>
      </trkpt>
      <trkpt lat="41.10852241516113" lon="23.917343616485596">
        <ele>454.59</ele>
      </trkpt>
      <trkpt lat="41.10880094580352" lon="23.917300701141357">
        <ele>454.44</ele>
      </trkpt>
      <trkpt lat="41.10908031463623" lon="23.91725778579712">
        <ele>454.19</ele>
      </trkpt>
      <trkpt lat="41.109305284917355" lon="23.917161310091615">
        <ele>453.99</ele>
      </trkpt>
      <trkpt lat="41.10953092575073" lon="23.917064666748047">
        <ele>453.77</ele>
      </trkpt>
      <trkpt lat="41.109745502471924" lon="23.916935920715332">
        <ele>453.52</ele>
      </trkpt>
      <trkpt lat="41.1098849773407" lon="23.916764175519347">
        <ele>453.21</ele>
      </trkpt>
      <trkpt lat="41.11002445220947" lon="23.916592597961426">
        <ele>452.95</ele>
      </trkpt>
      <trkpt lat="41.110163843259215" lon="23.91648530960083">
        <ele>452.61</ele>
      </trkpt>
      <trkpt lat="41.11030340194702" lon="23.916378021240234">
        <ele>452.25</ele>
      </trkpt>
      <trkpt lat="41.110571287572384" lon="23.91626008786261">
        <ele>451.81</ele>
      </trkpt>
      <trkpt lat="41.11083984375" lon="23.916141986846924">
        <ele>451.35</ele>
      </trkpt>
      <trkpt lat="41.11111879348755" lon="23.916120529174805">
        <ele>450.83</ele>
      </trkpt>
      <trkpt lat="41.11133337020874" lon="23.91620635986328">
        <ele>450.27</ele>
      </trkpt>
      <trkpt lat="41.111483573913574" lon="23.916335105895996">
        <ele>449.7</ele>
      </trkpt>
      <trkpt lat="41.11163386143744" lon="23.91654976643622">
        <ele>449.1</ele>
      </trkpt>
      <trkpt lat="41.111784065142274" lon="23.91676425933838">
        <ele>448.51</ele>
      </trkpt>
      <trkpt lat="41.111955642700195" lon="23.916914463043213">
        <ele>447.88</ele>
      </trkpt>
      <trkpt lat="41.112213134765625" lon="23.91697883605957">
        <ele>447.22</ele>
      </trkpt>
      <trkpt lat="41.112492084503174" lon="23.916914463043213">
        <ele>446.49</ele>
      </trkpt>
      <trkpt lat="41.11257791519165" lon="23.916828632354736">
        <ele>445.81</ele>
      </trkpt>
      <trkpt lat="41.11262083053589" lon="23.91669988632202">
        <ele>445.11</ele>
      </trkpt>
      <trkpt lat="41.11264228820801" lon="23.916442394256592">
        <ele>444.34</ele>
      </trkpt>
      <trkpt lat="41.11259937286377" lon="23.916184902191162">
        <ele>443.57</ele>
      </trkpt>
      <trkpt lat="41.11247037537396" lon="23.915873263031244">
        <ele>442.85</ele>
      </trkpt>
      <trkpt lat="41.11234188079834" lon="23.915562629699707">
        <ele>442.1</ele>
      </trkpt>
      <trkpt lat="41.11227750778198" lon="23.915369510650635">
        <ele>441.38</ele>
      </trkpt>
      <trkpt lat="41.11232042312622" lon="23.915133476257324">
        <ele>440.69</ele>
      </trkpt>
      <trkpt lat="41.1124062538147" lon="23.91502618789673">
        <ele>439.98</ele>
      </trkpt>
      <trkpt lat="41.112492084503174" lon="23.91500473022461">
        <ele>439.22</ele>
      </trkpt>
      <trkpt lat="41.112492168322206" lon="23.91500473022461">
        <ele>438.38</ele>
      </trkpt>
      <trkpt lat="41.112535083666444" lon="23.91500473022461">
        <ele>437.54</ele>
      </trkpt>
      <trkpt lat="41.11271713860333" lon="23.915047561749816">
        <ele>436.65</ele>
      </trkpt>
      <trkpt lat="41.11289978027344" lon="23.915090560913086">
        <ele>435.69</ele>
      </trkpt>
      <trkpt lat="41.113060461357236" lon="23.91515485011041">
        <ele>434.67</ele>
      </trkpt>
      <trkpt lat="41.113221645355225" lon="23.9152193069458">
        <ele>433.63</ele>
      </trkpt>
      <trkpt lat="41.113436222076416" lon="23.91526222229004">
        <ele>432.57</ele>
      </trkpt>
      <trkpt lat="41.11360788345337" lon="23.9152193069458">
        <ele>431.54</ele>
      </trkpt>
      <trkpt lat="41.113736629486084" lon="23.915133476257324">
        <ele>430.54</ele>
      </trkpt>
      <trkpt lat="41.113929748535156" lon="23.914918899536133">
        <ele>429.56</ele>
      </trkpt>
      <trkpt lat="41.11410140991211" lon="23.914811611175537">
        <ele>428.54</ele>
      </trkpt>
      <trkpt lat="41.11425161361694" lon="23.914790153503418">
        <ele>427.46</ele>
      </trkpt>
      <trkpt lat="41.11447658389807" lon="23.914843713864684">
        <ele>426.31</ele>
      </trkpt>
      <trkpt lat="41.114702224731445" lon="23.914897441864014">
        <ele>425.17</ele>
      </trkpt>
      <trkpt lat="41.11492719501257" lon="23.91492954455316">
        <ele>424.03</ele>
      </trkpt>
      <trkpt lat="41.11515291966498" lon="23.91496181488037">
        <ele>422.82</ele>
      </trkpt>
      <trkpt lat="41.11526012420654" lon="23.914940357208252">
        <ele>421.7</ele>
      </trkpt>
      <trkpt lat="41.11534595489502" lon="23.914854526519775">
        <ele>420.55</ele>
      </trkpt>
      <trkpt lat="41.11553907394409" lon="23.91453266143799">
        <ele>419.32</ele>
      </trkpt>
      <trkpt lat="41.11559280194342" lon="23.914242312312126">
        <ele>418.13</ele>
      </trkpt>
      <trkpt lat="41.11564636230469" lon="23.91395330429077">
        <ele>416.95</ele>
      </trkpt>
      <trkpt lat="41.115764547139406" lon="23.913587853312492">
        <ele>415.7</ele>
      </trkpt>
      <trkpt lat="41.115882396698" lon="23.91322374343872">
        <ele>414.56</ele>
      </trkpt>
      <trkpt lat="41.115932520478964" lon="23.912936998531222">
        <ele>413.45</ele>
      </trkpt>
      <trkpt lat="41.11598272807896" lon="23.912650337442756">
        <ele>412.29</ele>
      </trkpt>
      <trkpt lat="41.11603260040283" lon="23.912365436553955">
        <ele>411.15</ele>
      </trkpt>
      <trkpt lat="41.11609697341919" lon="23.91227960586548">
        <ele>410.03</ele>
      </trkpt>
      <trkpt lat="41.116182804107666" lon="23.91225814819336">
        <ele>408.9</ele>
      </trkpt>
      <trkpt lat="41.116225719451904" lon="23.91227960586548">
        <ele>407.73</ele>
      </trkpt>
      <trkpt lat="41.11626863479614" lon="23.912365436553955">
        <ele>406.54</ele>
      </trkpt>
      <trkpt lat="41.11632236279547" lon="23.912612618878484">
        <ele>405.29</ele>
      </trkpt>
      <trkpt lat="41.11637592315674" lon="23.912858963012695">
        <ele>404.05</ele>
      </trkpt>
      <trkpt lat="41.116515565663576" lon="23.91311670653522">
        <ele>402.81</ele>
      </trkpt>
      <trkpt lat="41.11665495671332" lon="23.913373947143555">
        <ele>401.59</ele>
      </trkpt>
      <trkpt lat="41.116719245910645" lon="23.91350269317627">
        <ele>400.35</ele>
      </trkpt>
      <trkpt lat="41.11676216125488" lon="23.91371726989746">
        <ele>399.04</ele>
      </trkpt>
      <trkpt lat="41.11676216125488" lon="23.91395330429077">
        <ele>397.69</ele>
      </trkpt>
      <trkpt lat="41.11693390645087" lon="23.914264691993594">
        <ele>396.44</ele>
      </trkpt>
      <trkpt lat="41.11710548400879" lon="23.914575576782227">
        <ele>395.16</ele>
      </trkpt>
      <trkpt lat="41.11722366884351" lon="23.914951672777534">
        <ele>393.85</ele>
      </trkpt>
      <trkpt lat="41.1173415184021" lon="23.915326595306396">
        <ele>392.49</ele>
      </trkpt>
      <trkpt lat="41.11736305989325" lon="23.915584087371826">
        <ele>391.07</ele>
      </trkpt>
      <trkpt lat="41.11733070574701" lon="23.915863623842597">
        <ele>389.57</ele>
      </trkpt>
      <trkpt lat="41.11729860305786" lon="23.916141986846924">
        <ele>388.06</ele>
      </trkpt>
      <trkpt lat="41.11729868687689" lon="23.916141986846924">
        <ele>386.63</ele>
      </trkpt>
      <trkpt lat="41.11725560389459" lon="23.916367711499333">
        <ele>385.09</ele>
      </trkpt>
      <trkpt lat="41.117212772369385" lon="23.916592597961426">
        <ele>383.55</ele>
      </trkpt>
      <trkpt lat="41.11721989698708" lon="23.916893675923347">
        <ele>381.92</ele>
      </trkpt>
      <trkpt lat="41.11722710542381" lon="23.91719475388527">
        <ele>380.26</ele>
      </trkpt>
      <trkpt lat="41.117234230041504" lon="23.91749382019043">
        <ele>378.62</ele>
      </trkpt>
      <trkpt lat="41.117148231714964" lon="23.917805459350348">
        <ele>376.99</ele>
      </trkpt>
      <trkpt lat="41.11706256866455" lon="23.918116092681885">
        <ele>375.38</ele>
      </trkpt>
      <trkpt lat="41.11706256866455" lon="23.918395042419434">
        <ele>373.82</ele>
      </trkpt>
      <trkpt lat="41.11712702549994" lon="23.91873836517334">
        <ele>372.25</ele>
      </trkpt>
      <trkpt lat="41.11712702549994" lon="23.918824195861816">
        <ele>370.63</ele>
      </trkpt>
      <trkpt lat="41.11710548400879" lon="23.919103145599365">
        <ele>368.91</ele>
      </trkpt>
      <trkpt lat="41.11701227724552" lon="23.919353848323226">
        <ele>367.21</ele>
      </trkpt>
      <trkpt lat="41.116919154301286" lon="23.919604551047087">
        <ele>365.5</ele>
      </trkpt>
      <trkpt lat="41.11682653427124" lon="23.919854164123535">
        <ele>363.83</ele>
      </trkpt>
      <trkpt lat="41.11672569997609" lon="23.919999338686466">
        <ele>362.19</ele>
      </trkpt>
      <trkpt lat="41.116724107414484" lon="23.920001769438386">
        <ele>360.53</ele>
      </trkpt>
      <trkpt lat="41.116722682490945" lon="23.92000394873321">
        <ele>358.86</ele>
      </trkpt>
      <trkpt lat="41.116721257567406" lon="23.920006128028035">
        <ele>357.18</ele>
      </trkpt>
      <trkpt lat="41.116719748824835" lon="23.92000839114189">
        <ele>355.5</ele>
      </trkpt>
      <trkpt lat="41.1166334990412" lon="23.920133113861084">
        <ele>353.78</ele>
      </trkpt>
      <trkpt lat="41.11651539802551" lon="23.92027258872986">
        <ele>352.03</ele>
      </trkpt>
      <trkpt lat="41.11639746464789" lon="23.920412063598633">
        <ele>350.24</ele>
      </trkpt>
      <trkpt lat="41.11629009246826" lon="23.920669555664062">
        <ele>348.39</ele>
      </trkpt>
      <trkpt lat="41.11625782214105" lon="23.920927550643682">
        <ele>346.59</ele>
      </trkpt>
      <trkpt lat="41.116225719451904" lon="23.921184539794922">
        <ele>344.79</ele>
      </trkpt>
      <trkpt lat="41.11619705334306" lon="23.921485533937812">
        <ele>342.94</ele>
      </trkpt>
      <trkpt lat="41.11616838723421" lon="23.921786611899734">
        <ele>341.11</ele>
      </trkpt>
      <trkpt lat="41.11613997258246" lon="23.922085762023926">
        <ele>339.28</ele>
      </trkpt>
      <trkpt lat="41.11609697341919" lon="23.922386169433594">
        <ele>337.47</ele>
      </trkpt>
      <trkpt lat="41.11600552685559" lon="23.922773161903024">
        <ele>335.71</ele>
      </trkpt>
      <trkpt lat="41.11591416411102" lon="23.923160154372454">
        <ele>333.9</ele>
      </trkpt>
      <trkpt lat="41.11582280136645" lon="23.923547146841884">
        <ele>332.07</ele>
      </trkpt>
      <trkpt lat="41.115732192993164" lon="23.923931121826172">
        <ele>330.29</ele>
      </trkpt>
      <trkpt lat="41.115710735321045" lon="23.92423152923584">
        <ele>328.56</ele>
      </trkpt>
      <trkpt lat="41.115732192993164" lon="23.924424648284912">
        <ele>326.87</ele>
      </trkpt>
      <trkpt lat="41.115775192156434" lon="23.924553394317627">
        <ele>325.2</ele>
      </trkpt>
      <trkpt lat="41.115882396698" lon="23.924617767333984">
        <ele>323.55</ele>
      </trkpt>
      <trkpt lat="41.11601114273071" lon="23.924596309661865">
        <ele>321.94</ele>
      </trkpt>
      <trkpt lat="41.11622546799481" lon="23.924517687410116">
        <ele>320.33</ele>
      </trkpt>
      <trkpt lat="41.116439793258905" lon="23.9244391489774">
        <ele>318.7</ele>
      </trkpt>
      <trkpt lat="41.11665495671332" lon="23.924360275268555">
        <ele>317.07</ele>
      </trkpt>
      <trkpt lat="41.116880010813475" lon="23.924220884218812">
        <ele>315.45</ele>
      </trkpt>
      <trkpt lat="41.11710548400879" lon="23.924081325531006">
        <ele>313.86</ele>
      </trkpt>
      <trkpt lat="41.117234230041504" lon="23.924059867858887">
        <ele>312.33</ele>
      </trkpt>
      <trkpt lat="41.11736297607422" lon="23.924102783203125">
        <ele>310.79</ele>
      </trkpt>
      <trkpt lat="41.117427349090576" lon="23.92423152923584">
        <ele>309.21</ele>
      </trkpt>
      <trkpt lat="41.117448806762695" lon="23.924338817596436">
        <ele>307.64</ele>
      </trkpt>
      <trkpt lat="41.117427349090576" lon="23.92446756362915">
        <ele>306.08</ele>
      </trkpt>
      <trkpt lat="41.11728770658374" lon="23.924725307151675">
        <ele>304.47</ele>
      </trkpt>
      <trkpt lat="41.11714839935303" lon="23.92498254776001">
        <ele>302.87</ele>
      </trkpt>
      <trkpt lat="41.11701948568225" lon="23.925312040373683">
        <ele>301.3</ele>
      </trkpt>
      <trkpt lat="41.11689057201147" lon="23.925641532987356">
        <ele>299.75</ele>
      </trkpt>
      <trkpt lat="41.116762245073915" lon="23.92596960067749">
        <ele>298.23</ele>
      </trkpt>
      <trkpt lat="41.11667641438544" lon="23.9262056350708">
        <ele>296.72</ele>
      </trkpt>
      <trkpt lat="41.11651875078678" lon="23.926549376919866">
        <ele>295.13</ele>
      </trkpt>
      <trkpt lat="41.116361171007156" lon="23.92689311876893">
        <ele>293.6</ele>
      </trkpt>
      <trkpt lat="41.116204261779785" lon="23.92723560333252">
        <ele>292.08</ele>
      </trkpt>
      <trkpt lat="41.11603260040283" lon="23.92745018005371">
        <ele>290.53</ele>
      </trkpt>
      <trkpt lat="41.115925312042236" lon="23.92751455307007">
        <ele>289.06</ele>
      </trkpt>
      <trkpt lat="41.11566781997681" lon="23.92775058746338">
        <ele>287.51</ele>
      </trkpt>
      <trkpt lat="41.11562490463257" lon="23.927836418151855">
        <ele>285.99</ele>
      </trkpt>
      <trkpt lat="41.11558198928833" lon="23.92794370651245">
        <ele>284.45</ele>
      </trkpt>
      <trkpt lat="41.11562490463257" lon="23.92817974090576">
        <ele>282.92</ele>
      </trkpt>
      <trkpt lat="41.115732192993164" lon="23.928329944610596">
        <ele>281.43</ele>
      </trkpt>
      <trkpt lat="41.11590385437012" lon="23.92845869064331">
        <ele>279.88</ele>
      </trkpt>
      <trkpt lat="41.116110971197486" lon="23.928558686748147">
        <ele>278.34</ele>
      </trkpt>
      <trkpt lat="41.116318171843886" lon="23.928658682852983">
        <ele>276.8</ele>
      </trkpt>
      <trkpt lat="41.11652612686157" lon="23.92875909805298">
        <ele>275.28</ele>
      </trkpt>
      <trkpt lat="41.11656912602484" lon="23.928780555725098">
        <ele>273.76</ele>
      </trkpt>
      <trkpt lat="41.11677263863385" lon="23.928823387250304">
        <ele>272.17</ele>
      </trkpt>
      <trkpt lat="41.116976737976074" lon="23.928866386413574">
        <ele>270.57</ele>
      </trkpt>
      <trkpt lat="41.117234230041504" lon="23.928887844085693">
        <ele>268.92</ele>
      </trkpt>
      <trkpt lat="41.11738443374634" lon="23.928844928741455">
        <ele>267.31</ele>
      </trkpt>
      <trkpt lat="41.11757755279541" lon="23.928673267364502">
        <ele>265.67</ele>
      </trkpt>
      <trkpt lat="41.11764192581177" lon="23.928544521331787">
        <ele>264.12</ele>
      </trkpt>
      <trkpt lat="41.117717111483216" lon="23.928200444206595">
        <ele>262.68</ele>
      </trkpt>
      <trkpt lat="41.1177921295166" lon="23.927857875823975">
        <ele>261.28</ele>
      </trkpt>
      <trkpt lat="41.1178994178772" lon="23.927772045135498">
        <ele>259.73</ele>
      </trkpt>
      <trkpt lat="41.11800670623779" lon="23.927814960479736">
        <ele>258.16</ele>
      </trkpt>
      <trkpt lat="41.11821063794196" lon="23.928093994036317">
        <ele>256.45</ele>
      </trkpt>
      <trkpt lat="41.11841440200806" lon="23.928372859954834">
        <ele>254.79</ele>
      </trkpt>
      <trkpt lat="41.11855396069586" lon="23.92866287380457">
        <ele>253.16</ele>
      </trkpt>
      <trkpt lat="41.118693351745605" lon="23.92895221710205">
        <ele>251.56</ele>
      </trkpt>
      <trkpt lat="41.118757808580995" lon="23.929145587608218">
        <ele>249.96</ele>
      </trkpt>
      <trkpt lat="41.11882209777832" lon="23.929338455200195">
        <ele>248.35</ele>
      </trkpt>
      <trkpt lat="41.11891882494092" lon="23.929693093523383">
        <ele>246.68</ele>
      </trkpt>
      <trkpt lat="41.11901521682739" lon="23.930046558380127">
        <ele>245.04</ele>
      </trkpt>
      <trkpt lat="41.119137005880475" lon="23.930404717102647">
        <ele>243.36</ele>
      </trkpt>
      <trkpt lat="41.11925879493356" lon="23.9307629596442">
        <ele>241.77</ele>
      </trkpt>
      <trkpt lat="41.11937999725342" lon="23.931119441986084">
        <ele>240.15</ele>
      </trkpt>
      <trkpt lat="41.11945518292487" lon="23.93131281249225">
        <ele>238.56</ele>
      </trkpt>
      <trkpt lat="41.11953020095825" lon="23.93150568008423">
        <ele>236.96</ele>
      </trkpt>
      <trkpt lat="41.11965903081" lon="23.931784965097904">
        <ele>235.38</ele>
      </trkpt>
      <trkpt lat="41.11978769302368" lon="23.932063579559326">
        <ele>233.83</ele>
      </trkpt>
      <trkpt lat="41.11989498138428" lon="23.932106494903564">
        <ele>232.32</ele>
      </trkpt>
      <trkpt lat="41.12006664276123" lon="23.932106494903564">
        <ele>230.81</ele>
      </trkpt>
      <trkpt lat="41.12021659500897" lon="23.932042121887207">
        <ele>229.34</ele>
      </trkpt>
      <trkpt lat="41.1203670501709" lon="23.93197774887085">
        <ele>227.87</ele>
      </trkpt>
      <trkpt lat="41.120588751509786" lon="23.931705839931965">
        <ele>226.4</ele>
      </trkpt>
      <trkpt lat="41.120810536667705" lon="23.931434014812112">
        <ele>224.93</ele>
      </trkpt>
      <trkpt lat="41.12103223800659" lon="23.931162357330322">
        <ele>223.54</ele>
      </trkpt>
      <trkpt lat="41.12113952636719" lon="23.931055068969727">
        <ele>222.22</ele>
      </trkpt>
      <trkpt lat="41.12124681472778" lon="23.93101215362549">
        <ele>220.89</ele>
      </trkpt>
      <trkpt lat="41.12133264541626" lon="23.931033611297607">
        <ele>219.57</ele>
      </trkpt>
      <trkpt lat="41.12139701843262" lon="23.931119441986084">
        <ele>218.26</ele>
      </trkpt>
      <trkpt lat="41.121439933776855" lon="23.931269645690918">
        <ele>216.95</ele>
      </trkpt>
      <trkpt lat="41.121461391448975" lon="23.931484641507268">
        <ele>215.67</ele>
      </trkpt>
      <trkpt lat="41.121482849121094" lon="23.9316987991333">
        <ele>214.41</ele>
      </trkpt>
      <trkpt lat="41.12152576446533" lon="23.931827545166016">
        <ele>213.18</ele>
      </trkpt>
      <trkpt lat="41.12161159515381" lon="23.931913375854492">
        <ele>211.97</ele>
      </trkpt>
      <trkpt lat="41.12176179885864" lon="23.931891918182373">
        <ele>210.78</ele>
      </trkpt>
      <trkpt lat="41.121976375579834" lon="23.9316987991333">
        <ele>209.65</ele>
      </trkpt>
      <trkpt lat="41.12210512161255" lon="23.931612968444824">
        <ele>208.53</ele>
      </trkpt>
      <trkpt lat="41.1222767829895" lon="23.931634426116943">
        <ele>207.44</ele>
      </trkpt>
      <trkpt lat="41.12242707051337" lon="23.9316987991333">
        <ele>206.37</ele>
      </trkpt>
      <trkpt lat="41.1225772742182" lon="23.931902730837464">
        <ele>205.31</ele>
      </trkpt>
      <trkpt lat="41.122727394104004" lon="23.932106494903564">
        <ele>204.26</ele>
      </trkpt>
      <trkpt lat="41.122941970825195" lon="23.9322566986084">
        <ele>203.19</ele>
      </trkpt>
      <trkpt lat="41.123220920562744" lon="23.9322566986084">
        <ele>202.11</ele>
      </trkpt>
      <trkpt lat="41.12348520196974" lon="23.93217807635665">
        <ele>201.1</ele>
      </trkpt>
      <trkpt lat="41.12374948337674" lon="23.932099537923932">
        <ele>200.08</ele>
      </trkpt>
      <trkpt lat="41.124014938250184" lon="23.932020664215088">
        <ele>199.04</ele>
      </trkpt>
      <trkpt lat="41.124208057299256" lon="23.93195629119873">
        <ele>198.03</ele>
      </trkpt>
      <trkpt lat="41.12449010834098" lon="23.931870544329286">
        <ele>197.03</ele>
      </trkpt>
      <trkpt lat="41.12477224320173" lon="23.93178479745984">
        <ele>196.11</ele>
      </trkpt>
      <trkpt lat="41.12505437806249" lon="23.931699134409428">
        <ele>195.22</ele>
      </trkpt>
      <trkpt lat="41.12533651292324" lon="23.931613387539983">
        <ele>194.4</ele>
      </trkpt>
      <trkpt lat="41.125618647783995" lon="23.931527640670538">
        <ele>193.56</ele>
      </trkpt>
      <trkpt lat="41.12590312957764" lon="23.93144130706787">
        <ele>192.67</ele>
      </trkpt>
      <trkpt lat="41.126203536987305" lon="23.931334018707275">
        <ele>191.73</ele>
      </trkpt>
      <trkpt lat="41.126418113708496" lon="23.93118381500244">
        <ele>190.71</ele>
      </trkpt>
      <trkpt lat="41.12659907899797" lon="23.93087393604219">
        <ele>189.67</ele>
      </trkpt>
      <trkpt lat="41.126780128106475" lon="23.930564057081938">
        <ele>188.69</ele>
      </trkpt>
      <trkpt lat="41.12696109339595" lon="23.930254178121686">
        <ele>187.61</ele>
      </trkpt>
      <trkpt lat="41.127142142504454" lon="23.929944299161434">
        <ele>186.62</ele>
      </trkpt>
      <trkpt lat="41.12732310779393" lon="23.929634420201182">
        <ele>185.69</ele>
      </trkpt>
      <trkpt lat="41.12750415690243" lon="23.929324625059962">
        <ele>184.66</ele>
      </trkpt>
      <trkpt lat="41.127684116363525" lon="23.929016590118408">
        <ele>183.66</ele>
      </trkpt>
      <trkpt lat="41.1278772354126" lon="23.92873764038086">
        <ele>182.55</ele>
      </trkpt>
      <trkpt lat="41.12804881297052" lon="23.928598165512085">
        <ele>181.38</ele>
      </trkpt>
      <trkpt lat="41.128220558166504" lon="23.92845869064331">
        <ele>180.25</ele>
      </trkpt>
      <trkpt lat="41.12834930419922" lon="23.928415775299072">
        <ele>179.14</ele>
      </trkpt>
      <trkpt lat="41.12864065915346" lon="23.928368585184216">
        <ele>178.01</ele>
      </trkpt>
      <trkpt lat="41.128932014107704" lon="23.928321478888392">
        <ele>176.9</ele>
      </trkpt>
      <trkpt lat="41.12922345288098" lon="23.928274288773537">
        <ele>175.79</ele>
      </trkpt>
      <trkpt lat="41.12951480783522" lon="23.928227182477713">
        <ele>174.63</ele>
      </trkpt>
      <trkpt lat="41.12980842590332" lon="23.92817974090576">
        <ele>173.41</ele>
      </trkpt>
      <trkpt lat="41.130033396184444" lon="23.928104722872376">
        <ele>172.23</ele>
      </trkpt>
      <trkpt lat="41.13025903701782" lon="23.928029537200928">
        <ele>170.96</ele>
      </trkpt>
      <trkpt lat="41.130398428067565" lon="23.927922248840332">
        <ele>169.78</ele>
      </trkpt>
      <trkpt lat="41.13053798675537" lon="23.927814960479736">
        <ele>168.6</ele>
      </trkpt>
      <trkpt lat="41.1307471152395" lon="23.927621841430664">
        <ele>167.44</ele>
      </trkpt>
      <trkpt lat="41.13095624372363" lon="23.927428806200624">
        <ele>166.2</ele>
      </trkpt>
      <trkpt lat="41.13116537220776" lon="23.927235770970583">
        <ele>164.99</ele>
      </trkpt>
      <trkpt lat="41.13137483596802" lon="23.927042484283447">
        <ele>163.75</ele>
      </trkpt>
      <trkpt lat="41.13158941268921" lon="23.926913738250732">
        <ele>162.55</ele>
      </trkpt>
      <trkpt lat="41.1318039894104" lon="23.92695665359497">
        <ele>161.31</ele>
      </trkpt>
      <trkpt lat="41.13204002380371" lon="23.927085399627686">
        <ele>160.04</ele>
      </trkpt>
      <trkpt lat="41.1322546005249" lon="23.927042484283447">
        <ele>158.81</ele>
      </trkpt>
      <trkpt lat="41.132254684343934" lon="23.927042484283447">
        <ele>157.65</ele>
      </trkpt>
      <trkpt lat="41.132533298805356" lon="23.92692103050649">
        <ele>156.43</ele>
      </trkpt>
      <trkpt lat="41.13281191326678" lon="23.926799576729536">
        <ele>155.22</ele>
      </trkpt>
      <trkpt lat="41.13309153355658" lon="23.926677703857422">
        <ele>154.05</ele>
      </trkpt>
      <trkpt lat="41.133198821917176" lon="23.926634788513184">
        <ele>152.9</ele>
      </trkpt>
      <trkpt lat="41.13343460485339" lon="23.92648466862738">
        <ele>151.74</ele>
      </trkpt>
      <trkpt lat="41.133670806884766" lon="23.926334381103516">
        <ele>150.67</ele>
      </trkpt>
      <trkpt lat="41.13377809524536" lon="23.926291465759277">
        <ele>149.57</ele>
      </trkpt>
      <trkpt lat="41.13383358344436" lon="23.926280150189996">
        <ele>148.49</ele>
      </trkpt>
      <trkpt lat="41.13383609801531" lon="23.926279647275805">
        <ele>147.42</ele>
      </trkpt>
      <trkpt lat="41.13383852876723" lon="23.926279228180647">
        <ele>146.36</ele>
      </trkpt>
      <trkpt lat="41.133840791881084" lon="23.92627880908549">
        <ele>145.32</ele>
      </trkpt>
      <trkpt lat="41.133843306452036" lon="23.92627838999033">
        <ele>144.3</ele>
      </trkpt>
      <trkpt lat="41.13388538360596" lon="23.926270008087158">
        <ele>143.31</ele>
      </trkpt>
      <trkpt lat="41.13403541967273" lon="23.926334297284484">
        <ele>142.31</ele>
      </trkpt>
      <trkpt lat="41.13418587483466" lon="23.926398754119873">
        <ele>141.32</ele>
      </trkpt>
      <trkpt lat="41.134228790178895" lon="23.926398754119873">
        <ele>140.38</ele>
      </trkpt>
      <trkpt lat="41.13445376046002" lon="23.926484417170286">
        <ele>139.4</ele>
      </trkpt>
      <trkpt lat="41.1346794012934" lon="23.926570415496826">
        <ele>138.46</ele>
      </trkpt>
      <trkpt lat="41.13487252034247" lon="23.926570415496826">
        <ele>137.55</ele>
      </trkpt>
      <trkpt lat="41.13512959331274" lon="23.926557507365942">
        <ele>136.7</ele>
      </trkpt>
      <trkpt lat="41.13538666628301" lon="23.92654468305409">
        <ele>135.87</ele>
      </trkpt>
      <trkpt lat="41.13564373925328" lon="23.926531774923205">
        <ele>135.05</ele>
      </trkpt>
      <trkpt lat="41.135900896042585" lon="23.926518950611353">
        <ele>134.27</ele>
      </trkpt>
      <trkpt lat="41.13615998066962" lon="23.92650604248047">
        <ele>133.54</ele>
      </trkpt>
      <trkpt lat="41.1363420356065" lon="23.92647385597229">
        <ele>132.89</ele>
      </trkpt>
      <trkpt lat="41.13652476109564" lon="23.92644166946411">
        <ele>132.3</ele>
      </trkpt>
      <trkpt lat="41.136765740811825" lon="23.926409482955933">
        <ele>131.72</ele>
      </trkpt>
      <trkpt lat="41.13700680434704" lon="23.926377380266786">
        <ele>131.2</ele>
      </trkpt>
      <trkpt lat="41.13724786788225" lon="23.926345193758607">
        <ele>130.77</ele>
      </trkpt>
      <trkpt lat="41.137490356341004" lon="23.926312923431396">
        <ele>130.39</ele>
      </trkpt>
      <trkpt lat="41.13776922225952" lon="23.926334381103516">
        <ele>130.04</ele>
      </trkpt>
      <trkpt lat="41.13802704960108" lon="23.926237653940916">
        <ele>129.76</ele>
      </trkpt>
      <trkpt lat="41.138275070115924" lon="23.92614444717765">
        <ele>129.61</ele>
      </trkpt>
      <trkpt lat="41.13827775232494" lon="23.9261435251683">
        <ele>129.53</ele>
      </trkpt>
      <trkpt lat="41.13828035071492" lon="23.92614260315895">
        <ele>129.51</ele>
      </trkpt>
      <trkpt lat="41.13828286528587" lon="23.926141681149602">
        <ele>129.57</ele>
      </trkpt>
      <trkpt lat="41.13828554749489" lon="23.926140759140253">
        <ele>129.7</ele>
      </trkpt>
      <trkpt lat="41.138455867767334" lon="23.926076889038086">
        <ele>129.91</ele>
      </trkpt>
      <trkpt lat="41.138723669573665" lon="23.92601259984076">
        <ele>130.19</ele>
      </trkpt>
      <trkpt lat="41.13899230957031" lon="23.92594814300537">
        <ele>130.56</ele>
      </trkpt>
      <trkpt lat="41.13923882134259" lon="23.92578729428351">
        <ele>131.03</ele>
      </trkpt>
      <trkpt lat="41.139485416933894" lon="23.92562652938068">
        <ele>131.57</ele>
      </trkpt>
      <trkpt lat="41.1397320125252" lon="23.925465680658817">
        <ele>132.15</ele>
      </trkpt>
      <trkpt lat="41.13997936248779" lon="23.925304412841797">
        <ele>132.78</ele>
      </trkpt>
      <trkpt lat="41.140118753537536" lon="23.925164937973022">
        <ele>133.45</ele>
      </trkpt>
      <trkpt lat="41.14025831222534" lon="23.925025463104248">
        <ele>134.17</ele>
      </trkpt>
      <trkpt lat="41.14044439047575" lon="23.92473913729191">
        <ele>134.95</ele>
      </trkpt>
      <trkpt lat="41.14063046872616" lon="23.92445281147957">
        <ele>135.83</ele>
      </trkpt>
      <trkpt lat="41.14081621170044" lon="23.924167156219482">
        <ele>136.79</ele>
      </trkpt>
      <trkpt lat="41.14096641540527" lon="23.924038410186768">
        <ele>137.73</ele>
      </trkpt>
      <trkpt lat="41.14114863798022" lon="23.923909747973084">
        <ele>138.69</ele>
      </trkpt>
      <trkpt lat="41.1413311958313" lon="23.923780918121338">
        <ele>139.68</ele>
      </trkpt>
      <trkpt lat="41.14153831265867" lon="23.92368083819747">
        <ele>140.74</ele>
      </trkpt>
      <trkpt lat="41.14174551330507" lon="23.923580842092633">
        <ele>141.82</ele>
      </trkpt>
      <trkpt lat="41.141953468322754" lon="23.92348051071167">
        <ele>142.89</ele>
      </trkpt>
      <trkpt lat="41.142125045880675" lon="23.923319578170776">
        <ele>144.01</ele>
      </trkpt>
      <trkpt lat="41.14229679107666" lon="23.923158645629883">
        <ele>145.15</ele>
      </trkpt>
      <trkpt lat="41.14251136779785" lon="23.922922611236572">
        <ele>146.33</ele>
      </trkpt>
      <trkpt lat="41.14261865615845" lon="23.922665119171143">
        <ele>147.56</ele>
      </trkpt>
      <trkpt lat="41.142704486846924" lon="23.922300338745117">
        <ele>148.84</ele>
      </trkpt>
      <trkpt lat="41.142747486010194" lon="23.922042259946465">
        <ele>150.13</ele>
      </trkpt>
      <trkpt lat="41.14279040135443" lon="23.921785354614258">
        <ele>151.47</ele>
      </trkpt>
      <trkpt lat="41.1427903175354" lon="23.921785354614258">
        <ele>152.73</ele>
      </trkpt>
      <trkpt lat="41.14281177520752" lon="23.921549320220947">
        <ele>154.06</ele>
      </trkpt>
      <trkpt lat="41.14300489425659" lon="23.921313202008605">
        <ele>155.38</ele>
      </trkpt>
      <trkpt lat="41.143198013305664" lon="23.921077251434326">
        <ele>156.72</ele>
      </trkpt>
      <trkpt lat="41.14330538548529" lon="23.92083367332816">
        <ele>158.06</ele>
      </trkpt>
      <trkpt lat="41.14341284148395" lon="23.920590179041028">
        <ele>159.4</ele>
      </trkpt>
      <trkpt lat="41.14351987838745" lon="23.920347690582275">
        <ele>160.72</ele>
      </trkpt>
      <trkpt lat="41.14361652173102" lon="23.920089779421687">
        <ele>162.04</ele>
      </trkpt>
      <trkpt lat="41.14371299743652" lon="23.919832706451416">
        <ele>163.38</ele>
      </trkpt>
      <trkpt lat="41.14387049339712" lon="23.919474547728896">
        <ele>164.78</ele>
      </trkpt>
      <trkpt lat="41.14402807317674" lon="23.919116472825408">
        <ele>166.14</ele>
      </trkpt>
      <trkpt lat="41.144185066223145" lon="23.91875982284546">
        <ele>167.42</ele>
      </trkpt>
      <trkpt lat="41.14434080198407" lon="23.918453715741634">
        <ele>168.71</ele>
      </trkpt>
      <trkpt lat="41.144496537745" lon="23.91814760863781">
        <ele>169.93</ele>
      </trkpt>
      <trkpt lat="41.144652273505926" lon="23.917841501533985">
        <ele>171.18</ele>
      </trkpt>
      <trkpt lat="41.1448073387146" lon="23.917536735534668">
        <ele>172.48</ele>
      </trkpt>
      <trkpt lat="41.14502191543579" lon="23.91729349270463">
        <ele>173.72</ele>
      </trkpt>
      <trkpt lat="41.14523649215698" lon="23.917050249874592">
        <ele>174.99</ele>
      </trkpt>
      <trkpt lat="41.145451068878174" lon="23.916807174682617">
        <ele>176.23</ele>
      </trkpt>
      <trkpt lat="41.145687103271484" lon="23.916635513305664">
        <ele>177.38</ele>
      </trkpt>
      <trkpt lat="41.14590134471655" lon="23.916635513305664">
        <ele>178.5</ele>
      </trkpt>
      <trkpt lat="41.14611625671387" lon="23.916635513305664">
        <ele>179.64</ele>
      </trkpt>
      <trkpt lat="41.14636268466711" lon="23.91667834483087">
        <ele>180.79</ele>
      </trkpt>
      <trkpt lat="41.14660986699164" lon="23.91672134399414">
        <ele>181.93</ele>
      </trkpt>
      <trkpt lat="41.14687121473253" lon="23.916746992617846">
        <ele>183.04</ele>
      </trkpt>
      <trkpt lat="41.14713264629245" lon="23.916772725060582">
        <ele>184.14</ele>
      </trkpt>
      <trkpt lat="41.14739399403334" lon="23.91679845750332">
        <ele>185.25</ele>
      </trkpt>
      <trkpt lat="41.14765542559326" lon="23.916824106127024">
        <ele>186.39</ele>
      </trkpt>
      <trkpt lat="41.14790763705969" lon="23.916848748922348">
        <ele>187.49</ele>
      </trkpt>
      <trkpt lat="41.1479105707258" lon="23.916849084198475">
        <ele>188.62</ele>
      </trkpt>
      <trkpt lat="41.147913336753845" lon="23.9168494194746">
        <ele>189.76</ele>
      </trkpt>
      <trkpt lat="41.14791601896286" lon="23.91684975475073">
        <ele>190.92</ele>
      </trkpt>
      <trkpt lat="41.14791878499091" lon="23.916850090026855">
        <ele>192.09</ele>
      </trkpt>
      <trkpt lat="41.147918701171875" lon="23.916850090026855">
        <ele>193.28</ele>
      </trkpt>
      <trkpt lat="41.14791878499091" lon="23.916850090026855">
        <ele>192.09</ele>
      </trkpt>
      <trkpt lat="41.147913336753845" lon="23.916522106155753">
        <ele>195.78</ele>
      </trkpt>
      <trkpt lat="41.147907972335815" lon="23.91619412228465">
        <ele>197.12</ele>
      </trkpt>
      <trkpt lat="41.147902524098754" lon="23.91586613841355">
        <ele>198.47</ele>
      </trkpt>
      <trkpt lat="41.147897243499756" lon="23.915541172027588">
        <ele>199.81</ele>
      </trkpt>
      <trkpt lat="41.1478328704834" lon="23.915283679962158">
        <ele>201.2</ele>
      </trkpt>
      <trkpt lat="41.147704208269715" lon="23.91496181488037">
        <ele>202.62</ele>
      </trkpt>
      <trkpt lat="41.147607481107116" lon="23.914757715538144">
        <ele>204.02</ele>
      </trkpt>
      <trkpt lat="41.14751100540161" lon="23.914554119110107">
        <ele>205.45</ele>
      </trkpt>
      <trkpt lat="41.14744654856622" lon="23.914317581802607">
        <ele>206.93</ele>
      </trkpt>
      <trkpt lat="41.14738234318793" lon="23.914082050323486">
        <ele>208.46</ele>
      </trkpt>
      <trkpt lat="41.147360717877746" lon="23.913802430033684">
        <ele>209.99</ele>
      </trkpt>
      <trkpt lat="41.14733934402466" lon="23.91352415084839">
        <ele>211.51</ele>
      </trkpt>
      <trkpt lat="41.14736088551581" lon="23.91324520111084">
        <ele>213.03</ele>
      </trkpt>
      <trkpt lat="41.14755392074585" lon="23.91298770904541">
        <ele>214.57</ele>
      </trkpt>
      <trkpt lat="41.14776841364801" lon="23.91276240348816">
        <ele>216.11</ele>
      </trkpt>
      <trkpt lat="41.14798307418823" lon="23.912537097930908">
        <ele>217.69</ele>
      </trkpt>
      <trkpt lat="41.14783697761595" lon="23.912253538146615">
        <ele>219.29</ele>
      </trkpt>
      <trkpt lat="41.147690964862704" lon="23.911969978362322">
        <ele>220.92</ele>
      </trkpt>
      <trkpt lat="41.147544868290424" lon="23.91168641857803">
        <ele>222.56</ele>
      </trkpt>
      <trkpt lat="41.147398855537176" lon="23.911402858793736">
        <ele>224.23</ele>
      </trkpt>
      <trkpt lat="41.14725359715521" lon="23.911120891571045">
        <ele>225.92</ele>
      </trkpt>
      <trkpt lat="41.1471317242831" lon="23.91081285662949">
        <ele>227.64</ele>
      </trkpt>
      <trkpt lat="41.14700993523002" lon="23.910504821687937">
        <ele>229.34</ele>
      </trkpt>
      <trkpt lat="41.146888732910156" lon="23.910198211669922">
        <ele>231.01</ele>
      </trkpt>
      <trkpt lat="41.1467741522938" lon="23.909961842000484">
        <ele>232.64</ele>
      </trkpt>
      <trkpt lat="41.146659571677446" lon="23.90972555615008">
        <ele>234.24</ele>
      </trkpt>
      <trkpt lat="41.14654549397528" lon="23.90949010848999">
        <ele>235.83</ele>
      </trkpt>
      <trkpt lat="41.146427392959595" lon="23.909339820966125">
        <ele>237.42</ele>
      </trkpt>
      <trkpt lat="41.14630945958197" lon="23.909189701080322">
        <ele>238.97</ele>
      </trkpt>
      <trkpt lat="41.146191358566284" lon="23.909039413556457">
        <ele>240.53</ele>
      </trkpt>
      <trkpt lat="41.14607334136963" lon="23.908889293670654">
        <ele>242.07</ele>
      </trkpt>
      <trkpt lat="41.146137714385986" lon="23.908653259277344">
        <ele>243.55</ele>
      </trkpt>
      <trkpt lat="41.14599388092756" lon="23.90844781883061">
        <ele>245.06</ele>
      </trkpt>
      <trkpt lat="41.14599220454693" lon="23.90844538807869">
        <ele>246.5</ele>
      </trkpt>
      <trkpt lat="41.145990611985326" lon="23.908443124964833">
        <ele>247.9</ele>
      </trkpt>
      <trkpt lat="41.145989103242755" lon="23.90844094567001">
        <ele>249.28</ele>
      </trkpt>
      <trkpt lat="41.14598751068115" lon="23.908438682556152">
        <ele>250.63</ele>
      </trkpt>
      <trkpt lat="41.145923137664795" lon="23.90828847885132">
        <ele>251.99</ele>
      </trkpt>
      <trkpt lat="41.145762372761965" lon="23.90824556350708">
        <ele>253.31</ele>
      </trkpt>
      <trkpt lat="41.14560127258301" lon="23.908202648162842">
        <ele>254.61</ele>
      </trkpt>
      <trkpt lat="41.145451068878174" lon="23.908052444458008">
        <ele>255.9</ele>
      </trkpt>
      <trkpt lat="41.14527940750122" lon="23.907794952392578">
        <ele>257.19</ele>
      </trkpt>
      <trkpt lat="41.1450576223433" lon="23.907566042616963">
        <ele>258.41</ele>
      </trkpt>
      <trkpt lat="41.144835921004415" lon="23.90733721666038">
        <ele>259.6</ele>
      </trkpt>
      <trkpt lat="41.14461421966553" lon="23.907108306884766">
        <ele>260.83</ele>
      </trkpt>
      <trkpt lat="41.14447642117739" lon="23.906985763460398">
        <ele>261.91</ele>
      </trkpt>
      <trkpt lat="41.14434692077339" lon="23.906870847567916">
        <ele>262.92</ele>
      </trkpt>
      <trkpt lat="41.14434474147856" lon="23.906868919730186">
        <ele>263.82</ele>
      </trkpt>
      <trkpt lat="41.14434264600277" lon="23.90686707571149">
        <ele>264.65</ele>
      </trkpt>
      <trkpt lat="41.14434063434601" lon="23.90686523169279">
        <ele>265.43</ele>
      </trkpt>
      <trkpt lat="41.144338538870215" lon="23.90686330385506">
        <ele>266.16</ele>
      </trkpt>
      <trkpt lat="41.144338538870215" lon="23.90686322003603">
        <ele>266.84</ele>
      </trkpt>
      <trkpt lat="41.14422798156738" lon="23.90676498413086">
        <ele>267.51</ele>
      </trkpt>
      <trkpt lat="41.14448547363281" lon="23.906571865081787">
        <ele>268.08</ele>
      </trkpt>
      <trkpt lat="41.14466560073197" lon="23.9064365811646">
        <ele>268.6</ele>
      </trkpt>
      <trkpt lat="41.14466803148389" lon="23.906434820964932">
        <ele>269.06</ele>
      </trkpt>
      <trkpt lat="41.144670294597745" lon="23.906433144584298">
        <ele>269.47</ele>
      </trkpt>
      <trkpt lat="41.14467247389257" lon="23.906431552022696">
        <ele>269.84</ele>
      </trkpt>
      <trkpt lat="41.14467490464449" lon="23.90642979182303">
        <ele>270.16</ele>
      </trkpt>
      <trkpt lat="41.14474296569824" lon="23.906378746032715">
        <ele>270.43</ele>
      </trkpt>
      <trkpt lat="41.14487171173096" lon="23.90623927116394">
        <ele>270.64</ele>
      </trkpt>
      <trkpt lat="41.145000541582704" lon="23.906099796295166">
        <ele>270.8</ele>
      </trkpt>
      <trkpt lat="41.14508628845215" lon="23.905906677246094">
        <ele>271.0</ele>
      </trkpt>
      <trkpt lat="41.145172119140625" lon="23.905842304229736">
        <ele>271.13</ele>
      </trkpt>
      <trkpt lat="41.14534352906048" lon="23.905874406918883">
        <ele>271.14</ele>
      </trkpt>
      <trkpt lat="41.14551544189453" lon="23.905906677246094">
        <ele>271.13</ele>
      </trkpt>
      <trkpt lat="41.14581593312323" lon="23.905842304229736">
        <ele>271.13</ele>
      </trkpt>
      <trkpt lat="41.145901679992676" lon="23.905820846557617">
        <ele>271.12</ele>
      </trkpt>
      <trkpt lat="41.14611064083874" lon="23.905683886259794">
        <ele>271.09</ele>
      </trkpt>
      <trkpt lat="41.146113239228725" lon="23.90568229369819">
        <ele>271.07</ele>
      </trkpt>
      <trkpt lat="41.146115669980645" lon="23.90568078495562">
        <ele>271.03</ele>
      </trkpt>
      <trkpt lat="41.14611801691353" lon="23.90567927621305">
        <ele>270.98</ele>
      </trkpt>
      <trkpt lat="41.146120615303516" lon="23.905677683651447">
        <ele>270.91</ele>
      </trkpt>
      <trkpt lat="41.14628992974758" lon="23.90556695871055">
        <ele>270.81</ele>
      </trkpt>
      <trkpt lat="41.14645957946777" lon="23.905456066131592">
        <ele>270.74</ele>
      </trkpt>
      <trkpt lat="41.14652395248413" lon="23.90526294708252">
        <ele>270.72</ele>
      </trkpt>
      <trkpt lat="41.14665278233588" lon="23.905069828033447">
        <ele>270.66</ele>
      </trkpt>
      <trkpt lat="41.14688345231116" lon="23.904812252148986">
        <ele>270.65</ele>
      </trkpt>
      <trkpt lat="41.14711412228644" lon="23.904554760083556">
        <ele>270.66</ele>
      </trkpt>
      <trkpt lat="41.14734479226172" lon="23.904297268018126">
        <ele>270.66</ele>
      </trkpt>
      <trkpt lat="41.147575462237" lon="23.90403985977173">
        <ele>270.67</ele>
      </trkpt>
      <trkpt lat="41.147832702845335" lon="23.903852188959718">
        <ele>270.58</ele>
      </trkpt>
      <trkpt lat="41.1480900272727" lon="23.903664518147707">
        <ele>270.45</ele>
      </trkpt>
      <trkpt lat="41.14834735170007" lon="23.903476931154728">
        <ele>270.28</ele>
      </trkpt>
      <trkpt lat="41.14860534667969" lon="23.90328884124756">
        <ele>270.12</ele>
      </trkpt>
      <trkpt lat="41.14882000721991" lon="23.90300989151001">
        <ele>269.96</ele>
      </trkpt>
      <trkpt lat="41.14881992340088" lon="23.90300989151001">
        <ele>269.86</ele>
      </trkpt>
      <trkpt lat="41.14891656674445" lon="23.902773521840572">
        <ele>269.7</ele>
      </trkpt>
      <trkpt lat="41.14901304244995" lon="23.90253782272339">
        <ele>269.53</ele>
      </trkpt>
      <trkpt lat="41.14906316623092" lon="23.902222411707044">
        <ele>269.45</ele>
      </trkpt>
      <trkpt lat="41.149113373830914" lon="23.9019070006907">
        <ele>269.35</ele>
      </trkpt>
      <trkpt lat="41.149163246154785" lon="23.901593685150146">
        <ele>269.33</ele>
      </trkpt>
      <trkpt lat="41.14924907684326" lon="23.901422023773193">
        <ele>269.29</ele>
      </trkpt>
      <trkpt lat="41.14952802658081" lon="23.90125036239624">
        <ele>269.12</ele>
      </trkpt>
      <trkpt lat="41.149721313267946" lon="23.900938974693418">
        <ele>269.14</ele>
      </trkpt>
      <trkpt lat="41.14991434849799" lon="23.900628089904785">
        <ele>269.17</ele>
      </trkpt>
      <trkpt lat="41.15008600987494" lon="23.900349140167236">
        <ele>269.16</ele>
      </trkpt>
      <trkpt lat="41.15008592605591" lon="23.900349140167236">
        <ele>269.18</ele>
      </trkpt>
      <trkpt lat="41.15026622079313" lon="23.90007857233286">
        <ele>269.2</ele>
      </trkpt>
      <trkpt lat="41.15044659934938" lon="23.89980800449848">
        <ele>269.22</ele>
      </trkpt>
      <trkpt lat="41.15062697790563" lon="23.899537520483136">
        <ele>269.27</ele>
      </trkpt>
      <trkpt lat="41.15080727264285" lon="23.89926695264876">
        <ele>269.29</ele>
      </trkpt>
      <trkpt lat="41.15098714828491" lon="23.89899730682373">
        <ele>269.38</ele>
      </trkpt>
      <trkpt lat="41.151169538497925" lon="23.898782646283507">
        <ele>269.47</ele>
      </trkpt>
      <trkpt lat="41.15135192871094" lon="23.898568153381348">
        <ele>269.57</ele>
      </trkpt>
      <trkpt lat="41.1515022162348" lon="23.898331951349974">
        <ele>269.72</ele>
      </trkpt>
      <trkpt lat="41.151652336120605" lon="23.898096084594727">
        <ele>269.85</ele>
      </trkpt>
      <trkpt lat="41.15173816680908" lon="23.89803171157837">
        <ele>269.96</ele>
      </trkpt>
      <trkpt lat="41.15194167941809" lon="23.89797806739807">
        <ele>270.08</ele>
      </trkpt>
      <trkpt lat="41.152145862579346" lon="23.897924423217773">
        <ele>270.22</ele>
      </trkpt>
      <trkpt lat="41.15231760777533" lon="23.897838592529297">
        <ele>270.36</ele>
      </trkpt>
      <trkpt lat="41.1525212880224" lon="23.897677743807435">
        <ele>270.48</ele>
      </trkpt>
      <trkpt lat="41.15272521972656" lon="23.89751672744751">
        <ele>270.6</ele>
      </trkpt>
      <trkpt lat="41.15296100266278" lon="23.897388065233827">
        <ele>270.69</ele>
      </trkpt>
      <trkpt lat="41.15319678559899" lon="23.897259486839175">
        <ele>270.8</ele>
      </trkpt>
      <trkpt lat="41.153433322906494" lon="23.897130489349365">
        <ele>270.81</ele>
      </trkpt>
      <trkpt lat="41.15354061126709" lon="23.89702320098877">
        <ele>270.83</ele>
      </trkpt>
      <trkpt lat="41.153676649555564" lon="23.896786915138364">
        <ele>270.86</ele>
      </trkpt>
      <trkpt lat="41.15381268784404" lon="23.89655071310699">
        <ele>270.93</ele>
      </trkpt>
      <trkpt lat="41.153948390856385" lon="23.896315097808838">
        <ele>270.99</ele>
      </trkpt>
      <trkpt lat="41.154130697250366" lon="23.896121978759766">
        <ele>270.97</ele>
      </trkpt>
      <trkpt lat="41.15431308746338" lon="23.895928859710693">
        <ele>270.89</ele>
      </trkpt>
      <trkpt lat="41.154506374150515" lon="23.89562820084393">
        <ele>270.81</ele>
      </trkpt>
      <trkpt lat="41.154699409380555" lon="23.895328044891357">
        <ele>270.72</ele>
      </trkpt>
      <trkpt lat="41.15481742657721" lon="23.89514548704028">
        <ele>270.58</ele>
      </trkpt>
      <trkpt lat="41.154935443773866" lon="23.894963264465332">
        <ele>270.41</ele>
      </trkpt>
      <trkpt lat="41.15512143820524" lon="23.894691271707416">
        <ele>270.18</ele>
      </trkpt>
      <trkpt lat="41.15530751645565" lon="23.89441936276853">
        <ele>269.93</ele>
      </trkpt>
      <trkpt lat="41.15549325942993" lon="23.894147872924805">
        <ele>269.62</ele>
      </trkpt>
      <trkpt lat="41.15561680868268" lon="23.893863139674067">
        <ele>269.25</ele>
      </trkpt>
      <trkpt lat="41.15574035793543" lon="23.89357840642333">
        <ele>268.86</ele>
      </trkpt>
      <trkpt lat="41.15586390718818" lon="23.893293756991625">
        <ele>268.42</ele>
      </trkpt>
      <trkpt lat="41.155986869707704" lon="23.89301061630249">
        <ele>267.96</ele>
      </trkpt>
      <trkpt lat="41.15607270039618" lon="23.892817497253418">
        <ele>267.51</ele>
      </trkpt>
      <trkpt lat="41.15619440563023" lon="23.892502253875136">
        <ele>267.0</ele>
      </trkpt>
      <trkpt lat="41.15631619468331" lon="23.892187094315886">
        <ele>266.42</ele>
      </trkpt>
      <trkpt lat="41.156437397003174" lon="23.891873359680176">
        <ele>265.77</ele>
      </trkpt>
      <trkpt lat="41.1565447691828" lon="23.89166926033795">
        <ele>265.08</ele>
      </trkpt>
      <trkpt lat="41.1566520575434" lon="23.891465663909912">
        <ele>264.37</ele>
      </trkpt>
      <trkpt lat="41.156651973724365" lon="23.891465663909912">
        <ele>263.66</ele>
      </trkpt>
      <trkpt lat="41.1567916162312" lon="23.891170201823115">
        <ele>262.92</ele>
      </trkpt>
      <trkpt lat="41.15693125873804" lon="23.89087482355535">
        <ele>262.09</ele>
      </trkpt>
      <trkpt lat="41.15707090124488" lon="23.890579445287585">
        <ele>261.25</ele>
      </trkpt>
      <trkpt lat="41.157209957018495" lon="23.89028549194336">
        <ele>260.39</ele>
      </trkpt>
      <trkpt lat="41.15727433003485" lon="23.890135288238525">
        <ele>259.54</ele>
      </trkpt>
      <trkpt lat="41.15743534639478" lon="23.88983454555273">
        <ele>258.65</ele>
      </trkpt>
      <trkpt lat="41.15759619511664" lon="23.88953447341919">
        <ele>257.72</ele>
      </trkpt>
      <trkpt lat="41.15763911046088" lon="23.889405727386475">
        <ele>256.82</ele>
      </trkpt>
      <trkpt lat="41.15778939798474" lon="23.88912216760218">
        <ele>255.84</ele>
      </trkpt>
      <trkpt lat="41.15793976932764" lon="23.88883860781789">
        <ele>254.93</ele>
      </trkpt>
      <trkpt lat="41.15809014067054" lon="23.888555131852627">
        <ele>253.97</ele>
      </trkpt>
      <trkpt lat="41.158240512013435" lon="23.888271572068334">
        <ele>253.05</ele>
      </trkpt>
      <trkpt lat="41.15839012898505" lon="23.88798952102661">
        <ele>252.14</ele>
      </trkpt>
      <trkpt lat="41.15854024887085" lon="23.887689113616943">
        <ele>251.22</ele>
      </trkpt>
      <trkpt lat="41.15854024887085" lon="23.887410163879395">
        <ele>250.38</ele>
      </trkpt>
      <trkpt lat="41.158404126763344" lon="23.88710212893784">
        <ele>249.6</ele>
      </trkpt>
      <trkpt lat="41.15826808847487" lon="23.886794177815318">
        <ele>248.84</ele>
      </trkpt>
      <trkpt lat="41.15813263691962" lon="23.88648748397827">
        <ele>248.09</ele>
      </trkpt>
      <trkpt lat="41.15801436826587" lon="23.886186573654413">
        <ele>247.37</ele>
      </trkpt>
      <trkpt lat="41.157896518707275" lon="23.885886669158936">
        <ele>246.73</ele>
      </trkpt>
      <trkpt lat="41.15783214569092" lon="23.885478973388672">
        <ele>246.14</ele>
      </trkpt>
      <trkpt lat="41.15784287452698" lon="23.88526389375329">
        <ele>245.51</ele>
      </trkpt>
      <trkpt lat="41.15785368718207" lon="23.88504981994629">
        <ele>244.91</ele>
      </trkpt>
      <trkpt lat="41.15784287452698" lon="23.884673388674855">
        <ele>244.35</ele>
      </trkpt>
      <trkpt lat="41.15783214569092" lon="23.88429880142212">
        <ele>243.91</ele>
      </trkpt>
      <trkpt lat="41.15786441601813" lon="23.883965453132987">
        <ele>243.5</ele>
      </trkpt>
      <trkpt lat="41.15789660252631" lon="23.883633613586426">
        <ele>243.17</ele>
      </trkpt>
      <trkpt lat="41.15796089172363" lon="23.883440494537354">
        <ele>242.82</ele>
      </trkpt>
      <trkpt lat="41.15812551230192" lon="23.88313975185156">
        <ele>242.47</ele>
      </trkpt>
      <trkpt lat="41.15829021669924" lon="23.882839092984796">
        <ele>242.21</ele>
      </trkpt>
      <trkpt lat="41.15845441818237" lon="23.88253927230835">
        <ele>242.01</ele>
      </trkpt>
      <trkpt lat="41.15852608345449" lon="23.882266944274306">
        <ele>241.88</ele>
      </trkpt>
      <trkpt lat="41.158597748726606" lon="23.881994616240263">
        <ele>241.81</ele>
      </trkpt>
      <trkpt lat="41.158669078722596" lon="23.881723880767822">
        <ele>241.78</ele>
      </trkpt>
      <trkpt lat="41.158668994903564" lon="23.881723880767822">
        <ele>241.82</ele>
      </trkpt>
      <trkpt lat="41.15870118141174" lon="23.88147653080523">
        <ele>241.96</ele>
      </trkpt>
      <trkpt lat="41.15873336791992" lon="23.881230354309082">
        <ele>242.15</ele>
      </trkpt>
      <trkpt lat="41.15884065628052" lon="23.880887031555176">
        <ele>242.39</ele>
      </trkpt>
      <trkpt lat="41.15897309035063" lon="23.880582600831985">
        <ele>242.63</ele>
      </trkpt>
      <trkpt lat="41.15910560823977" lon="23.880278253927827">
        <ele>242.96</ele>
      </trkpt>
      <trkpt lat="41.15923812612891" lon="23.879973823204637">
        <ele>243.33</ele>
      </trkpt>
      <trkpt lat="41.159370644018054" lon="23.879669476300478">
        <ele>243.78</ele>
      </trkpt>
      <trkpt lat="41.159503078088164" lon="23.879365045577288">
        <ele>244.24</ele>
      </trkpt>
      <trkpt lat="41.159634590148926" lon="23.87906312942505">
        <ele>244.75</ele>
      </trkpt>
      <trkpt lat="41.15977054461837" lon="23.878848385065794">
        <ele>245.26</ele>
      </trkpt>
      <trkpt lat="41.15990649908781" lon="23.87863364070654">
        <ele>245.75</ele>
      </trkpt>
      <trkpt lat="41.16004228591919" lon="23.878419399261475">
        <ele>246.27</ele>
      </trkpt>
      <trkpt lat="41.16008520126343" lon="23.87826919555664">
        <ele>246.86</ele>
      </trkpt>
      <trkpt lat="41.16014965809882" lon="23.87797893024981">
        <ele>247.46</ele>
      </trkpt>
      <trkpt lat="41.16021394729614" lon="23.877689838409424">
        <ele>248.04</ele>
      </trkpt>
      <trkpt lat="41.16023540496826" lon="23.87728113681078">
        <ele>248.61</ele>
      </trkpt>
      <trkpt lat="41.16025686264038" lon="23.876874446868896">
        <ele>249.21</ele>
      </trkpt>
      <trkpt lat="41.16029977798462" lon="23.87657403945923">
        <ele>249.85</ele>
      </trkpt>
      <trkpt lat="41.160385608673096" lon="23.8763165473938">
        <ele>250.5</ele>
      </trkpt>
      <trkpt lat="41.16052114404738" lon="23.8759676925838">
        <ele>251.23</ele>
      </trkpt>
      <trkpt lat="41.16065667942166" lon="23.87561892159283">
        <ele>251.91</ele>
      </trkpt>
      <trkpt lat="41.16079221479595" lon="23.875270150601864">
        <ele>252.62</ele>
      </trkpt>
      <trkpt lat="41.16092775017023" lon="23.874921379610896">
        <ele>253.35</ele>
      </trkpt>
      <trkpt lat="41.161063369363546" lon="23.87457260861993">
        <ele>254.11</ele>
      </trkpt>
      <trkpt lat="41.16119890473783" lon="23.87422383762896">
        <ele>254.93</ele>
      </trkpt>
      <trkpt lat="41.161334440112114" lon="23.87387498281896">
        <ele>255.73</ele>
      </trkpt>
      <trkpt lat="41.1614699754864" lon="23.873526211827993">
        <ele>256.57</ele>
      </trkpt>
      <trkpt lat="41.16160559467971" lon="23.873177440837026">
        <ele>257.35</ele>
      </trkpt>
      <trkpt lat="41.161741130054" lon="23.872828669846058">
        <ele>258.14</ele>
      </trkpt>
      <trkpt lat="41.16187666542828" lon="23.87247989885509">
        <ele>258.95</ele>
      </trkpt>
      <trkpt lat="41.162012200802565" lon="23.87213104404509">
        <ele>259.74</ele>
      </trkpt>
      <trkpt lat="41.162145137786865" lon="23.87178897857666">
        <ele>260.49</ele>
      </trkpt>
      <trkpt lat="41.16223465651274" lon="23.871459318324924">
        <ele>261.24</ele>
      </trkpt>
      <trkpt lat="41.16232425905764" lon="23.871129658073187">
        <ele>262.02</ele>
      </trkpt>
      <trkpt lat="41.162413861602545" lon="23.870800081640482">
        <ele>262.78</ele>
      </trkpt>
      <trkpt lat="41.16250338032842" lon="23.870470421388745">
        <ele>263.54</ele>
      </trkpt>
      <trkpt lat="41.16259298287332" lon="23.87014084495604">
        <ele>264.26</ele>
      </trkpt>
      <trkpt lat="41.162681579589844" lon="23.8698148727417">
        <ele>264.9</ele>
      </trkpt>
      <trkpt lat="41.162751484662294" lon="23.869417067617178">
        <ele>265.55</ele>
      </trkpt>
      <trkpt lat="41.162821389734745" lon="23.869019262492657">
        <ele>266.22</ele>
      </trkpt>
      <trkpt lat="41.162891294807196" lon="23.868621457368135">
        <ele>266.91</ele>
      </trkpt>
      <trkpt lat="41.162960613146424" lon="23.868227005004883">
        <ele>267.6</ele>
      </trkpt>
      <trkpt lat="41.16296052932739" lon="23.868227005004883">
        <ele>268.26</ele>
      </trkpt>
      <trkpt lat="41.162960613146424" lon="23.868162631988525">
        <ele>268.91</ele>
      </trkpt>
      <trkpt lat="41.16301794536412" lon="23.867757618427277">
        <ele>269.57</ele>
      </trkpt>
      <trkpt lat="41.16307527758181" lon="23.867352604866028">
        <ele>270.25</ele>
      </trkpt>
      <trkpt lat="41.163132609799504" lon="23.86694759130478">
        <ele>270.89</ele>
      </trkpt>
      <trkpt lat="41.1631899420172" lon="23.866542661562562">
        <ele>271.47</ele>
      </trkpt>
      <trkpt lat="41.16324727423489" lon="23.866137648001313">
        <ele>272.07</ele>
      </trkpt>
      <trkpt lat="41.1633038520813" lon="23.865737915039062">
        <ele>272.69</ele>
      </trkpt>
      <trkpt lat="41.16332530975342" lon="23.865351676940918">
        <ele>273.36</ele>
      </trkpt>
      <trkpt lat="41.16323931142688" lon="23.864969378337264">
        <ele>274.04</ele>
      </trkpt>
      <trkpt lat="41.16315331310034" lon="23.864587163552642">
        <ele>274.75</ele>
      </trkpt>
      <trkpt lat="41.1630673147738" lon="23.86420494876802">
        <ele>275.44</ele>
      </trkpt>
      <trkpt lat="41.16298131644726" lon="23.863822733983397">
        <ele>276.1</ele>
      </trkpt>
      <trkpt lat="41.16289531812072" lon="23.863440519198775">
        <ele>276.78</ele>
      </trkpt>
      <trkpt lat="41.16280931979418" lon="23.86305822059512">
        <ele>277.54</ele>
      </trkpt>
      <trkpt lat="41.16272332146764" lon="23.8626760058105">
        <ele>278.28</ele>
      </trkpt>
      <trkpt lat="41.1626373231411" lon="23.862293791025877">
        <ele>279.04</ele>
      </trkpt>
      <trkpt lat="41.16255283355713" lon="23.861918449401855">
        <ele>279.75</ele>
      </trkpt>
      <trkpt lat="41.16253129206598" lon="23.861552830785513">
        <ele>280.47</ele>
      </trkpt>
      <trkpt lat="41.16250975057483" lon="23.86118721216917">
        <ele>281.22</ele>
      </trkpt>
      <trkpt lat="41.16248846054077" lon="23.86082410812378">
        <ele>282.01</ele>
      </trkpt>
      <trkpt lat="41.16251712664962" lon="23.860465614125133">
        <ele>282.86</ele>
      </trkpt>
      <trkpt lat="41.162545792758465" lon="23.860107203945518">
        <ele>283.73</ele>
      </trkpt>
      <trkpt lat="41.16257429122925" lon="23.859751224517822">
        <ele>284.58</ele>
      </trkpt>
      <trkpt lat="41.1626301985234" lon="23.859394239261746">
        <ele>285.39</ele>
      </trkpt>
      <trkpt lat="41.162686105817556" lon="23.85903725400567">
        <ele>286.21</ele>
      </trkpt>
      <trkpt lat="41.16274201311171" lon="23.858680352568626">
        <ele>287.05</ele>
      </trkpt>
      <trkpt lat="41.162797920405865" lon="23.85832336731255">
        <ele>287.87</ele>
      </trkpt>
      <trkpt lat="41.1628532409668" lon="23.857970237731934">
        <ele>288.61</ele>
      </trkpt>
      <trkpt lat="41.16288903169334" lon="23.85762607678771">
        <ele>289.4</ele>
      </trkpt>
      <trkpt lat="41.16292490623891" lon="23.85728199966252">
        <ele>290.2</ele>
      </trkpt>
      <trkpt lat="41.16296052932739" lon="23.856940269470215">
        <ele>290.92</ele>
      </trkpt>
      <trkpt lat="41.16302498616278" lon="23.856703732162714">
        <ele>291.64</ele>
      </trkpt>
      <trkpt lat="41.16308927536011" lon="23.856468200683594">
        <ele>292.34</ele>
      </trkpt>
      <trkpt lat="41.16323947906494" lon="23.856124877929688">
        <ele>292.98</ele>
      </trkpt>
      <trkpt lat="41.16342203691602" lon="23.855791948735714">
        <ele>293.65</ele>
      </trkpt>
      <trkpt lat="41.16360425949097" lon="23.855459690093994">
        <ele>294.32</ele>
      </trkpt>
      <trkpt lat="41.163679445162416" lon="23.855244694277644">
        <ele>294.94</ele>
      </trkpt>
      <trkpt lat="41.16375454701483" lon="23.85503053665161">
        <ele>295.52</ele>
      </trkpt>
      <trkpt lat="41.1638511903584" lon="23.85472954250872">
        <ele>296.05</ele>
      </trkpt>
      <trkpt lat="41.16394758224487" lon="23.854429721832275">
        <ele>296.49</ele>
      </trkpt>
      <trkpt lat="41.16409786976874" lon="23.8541935198009">
        <ele>296.77</ele>
      </trkpt>
      <trkpt lat="41.16424798965454" lon="23.853957653045654">
        <ele>296.99</ele>
      </trkpt>
      <trkpt lat="41.1643554456532" lon="23.853592202067375">
        <ele>297.22</ele>
      </trkpt>
      <trkpt lat="41.16446256637573" lon="23.853228092193604">
        <ele>297.38</ele>
      </trkpt>
      <trkpt lat="41.16451629437506" lon="23.852916285395622">
        <ele>297.43</ele>
      </trkpt>
      <trkpt lat="41.16456993855536" lon="23.85260581970215">
        <ele>297.39</ele>
      </trkpt>
      <trkpt lat="41.164698684588075" lon="23.852412700653076">
        <ele>297.23</ele>
      </trkpt>
      <trkpt lat="41.16480588912964" lon="23.852176666259766">
        <ele>296.99</ele>
      </trkpt>
      <trkpt lat="41.16495609283447" lon="23.85202646255493">
        <ele>296.6</ele>
      </trkpt>
      <trkpt lat="41.16510629653931" lon="23.851962089538574">
        <ele>296.12</ele>
      </trkpt>
      <trkpt lat="41.1652135848999" lon="23.85181188583374">
        <ele>295.55</ele>
      </trkpt>
      <trkpt lat="41.16529941558838" lon="23.851768970489502">
        <ele>294.87</ele>
      </trkpt>
      <trkpt lat="41.16553544998169" lon="23.851962089538574">
        <ele>294.02</ele>
      </trkpt>
      <trkpt lat="41.16572831757367" lon="23.85201564989984">
        <ele>293.1</ele>
      </trkpt>
      <trkpt lat="41.165921771898866" lon="23.85206937789917">
        <ele>292.12</ele>
      </trkpt>
      <trkpt lat="41.166128972545266" lon="23.85220516473055">
        <ele>291.03</ele>
      </trkpt>
      <trkpt lat="41.16633617319167" lon="23.852340951561928">
        <ele>289.83</ele>
      </trkpt>
      <trkpt lat="41.16654396057129" lon="23.852477073669434">
        <ele>288.51</ele>
      </trkpt>
      <trkpt lat="41.16671562194824" lon="23.852691650390625">
        <ele>287.14</ele>
      </trkpt>
      <trkpt lat="41.16678007878363" lon="23.852885020896792">
        <ele>285.73</ele>
      </trkpt>
      <trkpt lat="41.16684445179999" lon="23.85307788848877">
        <ele>284.24</ele>
      </trkpt>
      <trkpt lat="41.166930198669434" lon="23.853464126586914">
        <ele>282.61</ele>
      </trkpt>
      <trkpt lat="41.16705894470215" lon="23.853700160980225">
        <ele>280.93</ele>
      </trkpt>
      <trkpt lat="41.167209232226014" lon="23.853936195373535">
        <ele>279.19</ele>
      </trkpt>
      <trkpt lat="41.16734870709479" lon="23.85410785675049">
        <ele>277.4</ele>
      </trkpt>
      <trkpt lat="41.16748818196356" lon="23.85427951812744">
        <ele>275.56</ele>
      </trkpt>
      <trkpt lat="41.16759555414319" lon="23.854526532813907">
        <ele>273.64</ele>
      </trkpt>
      <trkpt lat="41.16770267486572" lon="23.85477304458618">
        <ele>271.66</ele>
      </trkpt>
      <trkpt lat="41.16778858937323" lon="23.855159282684326">
        <ele>269.65</ele>
      </trkpt>
      <trkpt lat="41.16785287857056" lon="23.855459690093994">
        <ele>267.6</ele>
      </trkpt>
      <trkpt lat="41.16785296238959" lon="23.855459690093994">
        <ele>265.57</ele>
      </trkpt>
      <trkpt lat="41.16787442006171" lon="23.855803767219186">
        <ele>263.44</ele>
      </trkpt>
      <trkpt lat="41.16789587773383" lon="23.856147844344378">
        <ele>261.29</ele>
      </trkpt>
      <trkpt lat="41.167917251586914" lon="23.856489658355713">
        <ele>259.1</ele>
      </trkpt>
      <trkpt lat="41.167917251586914" lon="23.856779923662543">
        <ele>256.88</ele>
      </trkpt>
      <trkpt lat="41.167917251586914" lon="23.85706901550293">
        <ele>254.64</ele>
      </trkpt>
      <trkpt lat="41.16796016693115" lon="23.857240676879883">
        <ele>252.38</ele>
      </trkpt>
      <trkpt lat="41.1681614164263" lon="23.857557345181704">
        <ele>250.07</ele>
      </trkpt>
      <trkpt lat="41.16836274974048" lon="23.857874097302556">
        <ele>247.78</ele>
      </trkpt>
      <trkpt lat="41.16856408305466" lon="23.858190765604377">
        <ele>245.49</ele>
      </trkpt>
      <trkpt lat="41.16876533254981" lon="23.85850751772523">
        <ele>243.21</ele>
      </trkpt>
      <trkpt lat="41.16896666586399" lon="23.85882418602705">
        <ele>240.87</ele>
      </trkpt>
      <trkpt lat="41.16916799917817" lon="23.859140938147902">
        <ele>238.54</ele>
      </trkpt>
      <trkpt lat="41.16936933249235" lon="23.859457690268755">
        <ele>236.24</ele>
      </trkpt>
      <trkpt lat="41.16956949234009" lon="23.85977268218994">
        <ele>233.99</ele>
      </trkpt>
      <trkpt lat="41.169752050191164" lon="23.86011273600161">
        <ele>231.71</ele>
      </trkpt>
      <trkpt lat="41.16993460804224" lon="23.86045278981328">
        <ele>229.45</ele>
      </trkpt>
      <trkpt lat="41.170117165893316" lon="23.86079292744398">
        <ele>227.2</ele>
      </trkpt>
      <trkpt lat="41.17029972374439" lon="23.86113298125565">
        <ele>225.0</ele>
      </trkpt>
      <trkpt lat="41.1704823654145" lon="23.86147303506732">
        <ele>222.83</ele>
      </trkpt>
      <trkpt lat="41.170663833618164" lon="23.86181116104126">
        <ele>220.65</ele>
      </trkpt>
      <trkpt lat="41.17083130404353" lon="23.862081645056605">
        <ele>218.49</ele>
      </trkpt>
      <trkpt lat="41.17099885828793" lon="23.862352212890983">
        <ele>216.38</ele>
      </trkpt>
      <trkpt lat="41.1711663287133" lon="23.86262286454439">
        <ele>214.34</ele>
      </trkpt>
      <trkpt lat="41.1713338829577" lon="23.86289343237877">
        <ele>212.33</ele>
      </trkpt>
      <trkpt lat="41.17150076664984" lon="23.863162994384766">
        <ele>210.36</ele>
      </trkpt>
      <trkpt lat="41.171636804938316" lon="23.863456612452865">
        <ele>208.4</ele>
      </trkpt>
      <trkpt lat="41.17177284322679" lon="23.863750230520964">
        <ele>206.46</ele>
      </trkpt>
      <trkpt lat="41.171908378601074" lon="23.86404275894165">
        <ele>204.59</ele>
      </trkpt>
      <trkpt lat="41.17199429310858" lon="23.864428997039795">
        <ele>202.78</ele>
      </trkpt>
      <trkpt lat="41.17199420928955" lon="23.86455774307251">
        <ele>201.04</ele>
      </trkpt>
      <trkpt lat="41.17194039747119" lon="23.86486946605146">
        <ele>199.33</ele>
      </trkpt>
      <trkpt lat="41.171886920928955" lon="23.865180015563965">
        <ele>197.62</ele>
      </trkpt>
      <trkpt lat="41.17192983627319" lon="23.86552333831787">
        <ele>195.93</ele>
      </trkpt>
      <trkpt lat="41.172028658911586" lon="23.865871522575617">
        <ele>194.28</ele>
      </trkpt>
      <trkpt lat="41.17212756536901" lon="23.866219790652394">
        <ele>192.69</ele>
      </trkpt>
      <trkpt lat="41.172226471826434" lon="23.86656805872917">
        <ele>191.15</ele>
      </trkpt>
      <trkpt lat="41.17232537828386" lon="23.866916242986917">
        <ele>189.64</ele>
      </trkpt>
      <trkpt lat="41.172423362731934" lon="23.86726140975952">
        <ele>188.14</ele>
      </trkpt>
      <trkpt lat="41.17254146374762" lon="23.867486882954836">
        <ele>186.68</ele>
      </trkpt>
      <trkpt lat="41.172659397125244" lon="23.867712020874023">
        <ele>185.25</ele>
      </trkpt>
      <trkpt lat="41.17273458279669" lon="23.86792693287134">
        <ele>183.87</ele>
      </trkpt>
      <trkpt lat="41.17280960083008" lon="23.868141174316406">
        <ele>182.54</ele>
      </trkpt>
      <trkpt lat="41.17287405766547" lon="23.86843496002257">
        <ele>181.21</ele>
      </trkpt>
      <trkpt lat="41.17293859831989" lon="23.868728829547763">
        <ele>179.89</ele>
      </trkpt>
      <trkpt lat="41.17300271987915" lon="23.86902093887329">
        <ele>178.64</ele>
      </trkpt>
      <trkpt lat="41.17310481145978" lon="23.86939711868763">
        <ele>177.42</ele>
      </trkpt>
      <trkpt lat="41.17320690304041" lon="23.86977329850197">
        <ele>176.24</ele>
      </trkpt>
      <trkpt lat="41.17330899462104" lon="23.870149478316307">
        <ele>175.1</ele>
      </trkpt>
      <trkpt lat="41.1734111700207" lon="23.870525658130646">
        <ele>173.98</ele>
      </trkpt>
      <trkpt lat="41.17351326160133" lon="23.870901921764016">
        <ele>172.91</ele>
      </trkpt>
      <trkpt lat="41.17361535318196" lon="23.871278101578355">
        <ele>171.8</ele>
      </trkpt>
      <trkpt lat="41.17371752858162" lon="23.871654281392694">
        <ele>170.74</ele>
      </trkpt>
      <trkpt lat="41.17381811141968" lon="23.87202501296997">
        <ele>169.75</ele>
      </trkpt>
      <trkpt lat="41.17381819523871" lon="23.87202501296997">
        <ele>168.81</ele>
      </trkpt>
      <trkpt lat="41.17391483858228" lon="23.872376047074795">
        <ele>167.89</ele>
      </trkpt>
      <trkpt lat="41.17401156574488" lon="23.87272716499865">
        <ele>166.96</ele>
      </trkpt>
      <trkpt lat="41.174108292907476" lon="23.873078282922506">
        <ele>166.06</ele>
      </trkpt>
      <trkpt lat="41.174205020070076" lon="23.873429484665394">
        <ele>165.2</ele>
      </trkpt>
      <trkpt lat="41.174301747232676" lon="23.87378060258925">
        <ele>164.36</ele>
      </trkpt>
      <trkpt lat="41.174397468566895" lon="23.874127864837646">
        <ele>163.53</ele>
      </trkpt>
      <trkpt lat="41.17451565340161" lon="23.874503960832953">
        <ele>162.72</ele>
      </trkpt>
      <trkpt lat="41.17463383823633" lon="23.874880140647292">
        <ele>161.94</ele>
      </trkpt>
      <trkpt lat="41.17475210689008" lon="23.87525632046163">
        <ele>161.19</ele>
      </trkpt>
      <trkpt lat="41.1748702917248" lon="23.875632416456938">
        <ele>160.49</ele>
      </trkpt>
      <trkpt lat="41.17498856037855" lon="23.876008596271276">
        <ele>159.78</ele>
      </trkpt>
      <trkpt lat="41.175105571746826" lon="23.876380920410156">
        <ele>159.08</ele>
      </trkpt>
      <trkpt lat="41.17519961670041" lon="23.876746371388435">
        <ele>158.43</ele>
      </trkpt>
      <trkpt lat="41.175293661653996" lon="23.877111822366714">
        <ele>157.74</ele>
      </trkpt>
      <trkpt lat="41.17538770660758" lon="23.877477273344994">
        <ele>157.11</ele>
      </trkpt>
      <trkpt lat="41.175481751561165" lon="23.877842724323273">
        <ele>156.49</ele>
      </trkpt>
      <trkpt lat="41.17557579651475" lon="23.878208175301552">
        <ele>155.9</ele>
      </trkpt>
      <trkpt lat="41.175669841468334" lon="23.878573710098863">
        <ele>155.33</ele>
      </trkpt>
      <trkpt lat="41.17576397024095" lon="23.87893916107714">
        <ele>154.78</ele>
      </trkpt>
      <trkpt lat="41.175856590270996" lon="23.87929916381836">
        <ele>154.27</ele>
      </trkpt>
      <trkpt lat="41.17585667409003" lon="23.87929916381836">
        <ele>153.78</ele>
      </trkpt>
      <trkpt lat="41.17592113092542" lon="23.87957140803337">
        <ele>153.31</ele>
      </trkpt>
      <trkpt lat="41.175985587760806" lon="23.879843736067414">
        <ele>152.87</ele>
      </trkpt>
      <trkpt lat="41.17604970932007" lon="23.880114555358887">
        <ele>152.42</ele>
      </trkpt>
      <trkpt lat="41.176142832264304" lon="23.880372382700443">
        <ele>151.98</ele>
      </trkpt>
      <trkpt lat="41.17623595520854" lon="23.88063029386103">
        <ele>151.57</ele>
      </trkpt>
      <trkpt lat="41.17632865905762" lon="23.880887031555176">
        <ele>151.15</ele>
      </trkpt>
      <trkpt lat="41.17643594741821" lon="23.88103723526001">
        <ele>150.72</ele>
      </trkpt>
      <trkpt lat="41.17657542228699" lon="23.881208896636963">
        <ele>150.27</ele>
      </trkpt>
      <trkpt lat="41.17671489715576" lon="23.881380558013916">
        <ele>149.83</ele>
      </trkpt>
      <trkpt lat="41.17692939005792" lon="23.881573593243957">
        <ele>149.4</ele>
      </trkpt>
      <trkpt lat="41.17714388296008" lon="23.881766628473997">
        <ele>148.98</ele>
      </trkpt>
      <trkpt lat="41.17735837586224" lon="23.881959663704038">
        <ele>148.59</ele>
      </trkpt>
      <trkpt lat="41.17757320404053" lon="23.882153034210205">
        <ele>148.19</ele>
      </trkpt>
      <trkpt lat="41.17773061618209" lon="23.8823604863137">
        <ele>147.8</ele>
      </trkpt>
      <trkpt lat="41.17788802832365" lon="23.882568022236228">
        <ele>147.41</ele>
      </trkpt>
      <trkpt lat="41.17804527282715" lon="23.88277530670166">
        <ele>146.99</ele>
      </trkpt>
      <trkpt lat="41.17804535664618" lon="23.88277530670166">
        <ele>146.59</ele>
      </trkpt>
      <trkpt lat="41.17824275046587" lon="23.88303715735674">
        <ele>146.15</ele>
      </trkpt>
      <trkpt lat="41.17844022810459" lon="23.883299008011818">
        <ele>145.7</ele>
      </trkpt>
      <trkpt lat="41.17863770574331" lon="23.88356094248593">
        <ele>145.24</ele>
      </trkpt>
      <trkpt lat="41.178835183382034" lon="23.883822793141007">
        <ele>144.77</ele>
      </trkpt>
      <trkpt lat="41.17903232574463" lon="23.884084224700928">
        <ele>144.35</ele>
      </trkpt>
      <trkpt lat="41.17911824025214" lon="23.884266782552004">
        <ele>143.93</ele>
      </trkpt>
      <trkpt lat="41.17920398712158" lon="23.884449005126953">
        <ele>143.47</ele>
      </trkpt>
      <trkpt lat="41.179325776174664" lon="23.8848143722862">
        <ele>143.01</ele>
      </trkpt>
      <trkpt lat="41.17944756522775" lon="23.885179739445448">
        <ele>142.53</ele>
      </trkpt>
      <trkpt lat="41.17956876754761" lon="23.88554334640503">
        <ele>142.0</ele>
      </trkpt>
      <trkpt lat="41.179697681218386" lon="23.885833360254765">
        <ele>141.48</ele>
      </trkpt>
      <trkpt lat="41.17982625961304" lon="23.886122703552246">
        <ele>140.95</ele>
      </trkpt>
      <trkpt lat="41.18000663816929" lon="23.886446999385953">
        <ele>140.41</ele>
      </trkpt>
      <trkpt lat="41.18018701672554" lon="23.88677129521966">
        <ele>139.85</ele>
      </trkpt>
      <trkpt lat="41.18036747910082" lon="23.887095591053367">
        <ele>139.3</ele>
      </trkpt>
      <trkpt lat="41.180547857657075" lon="23.887419886887074">
        <ele>138.69</ele>
      </trkpt>
      <trkpt lat="41.18072832003236" lon="23.88774418272078">
        <ele>138.08</ele>
      </trkpt>
      <trkpt lat="41.18090869858861" lon="23.888068478554487">
        <ele>137.48</ele>
      </trkpt>
      <trkpt lat="41.18108916096389" lon="23.888392858207226">
        <ele>136.84</ele>
      </trkpt>
      <trkpt lat="41.181269539520144" lon="23.888717154040933">
        <ele>136.24</ele>
      </trkpt>
      <trkpt lat="41.18145000189543" lon="23.88904144987464">
        <ele>135.59</ele>
      </trkpt>
      <trkpt lat="41.181628704071045" lon="23.889362812042236">
        <ele>134.96</ele>
      </trkpt>
      <trkpt lat="41.18183908984065" lon="23.889671936631203">
        <ele>134.34</ele>
      </trkpt>
      <trkpt lat="41.182049475610256" lon="23.88998106122017">
        <ele>133.71</ele>
      </trkpt>
      <trkpt lat="41.18225986137986" lon="23.890290269628167">
        <ele>133.02</ele>
      </trkpt>
      <trkpt lat="41.1824703309685" lon="23.890599394217134">
        <ele>132.32</ele>
      </trkpt>
      <trkpt lat="41.18268013000488" lon="23.890907764434814">
        <ele>131.67</ele>
      </trkpt>
      <trkpt lat="41.18287333287299" lon="23.891226276755333">
        <ele>130.98</ele>
      </trkpt>
      <trkpt lat="41.18306661956012" lon="23.89154478907585">
        <ele>130.31</ele>
      </trkpt>
      <trkpt lat="41.18325990624726" lon="23.89186330139637">
        <ele>129.59</ele>
      </trkpt>
      <trkpt lat="41.183453192934394" lon="23.89218189753592">
        <ele>128.88</ele>
      </trkpt>
      <trkpt lat="41.18364647962153" lon="23.89250040985644">
        <ele>128.18</ele>
      </trkpt>
      <trkpt lat="41.183838844299316" lon="23.892817497253418">
        <ele>127.47</ele>
      </trkpt>
      <trkpt lat="41.18407060392201" lon="23.893087897449732">
        <ele>126.73</ele>
      </trkpt>
      <trkpt lat="41.1843023635447" lon="23.893358297646046">
        <ele>126.02</ele>
      </trkpt>
      <trkpt lat="41.184534123167396" lon="23.89362869784236">
        <ele>125.33</ele>
      </trkpt>
      <trkpt lat="41.18476588279009" lon="23.893899098038673">
        <ele>124.63</ele>
      </trkpt>
      <trkpt lat="41.18499755859375" lon="23.894169330596924">
        <ele>123.92</ele>
      </trkpt>
      <trkpt lat="41.18521741591394" lon="23.894389187917113">
        <ele>123.23</ele>
      </trkpt>
      <trkpt lat="41.18543735705316" lon="23.894609129056334">
        <ele>122.55</ele>
      </trkpt>
      <trkpt lat="41.18565721437335" lon="23.894828986376524">
        <ele>121.87</ele>
      </trkpt>
      <trkpt lat="41.185877323150635" lon="23.89504909515381">
        <ele>121.2</ele>
      </trkpt>
      <trkpt lat="41.18604898452759" lon="23.895134925842285">
        <ele>120.55</ele>
      </trkpt>
      <trkpt lat="41.18631142191589" lon="23.89519913122058">
        <ele>119.93</ele>
      </trkpt>
      <trkpt lat="41.18657394312322" lon="23.895263420417905">
        <ele>119.32</ele>
      </trkpt>
      <trkpt lat="41.18683638051152" lon="23.89532770961523">
        <ele>118.69</ele>
      </trkpt>
      <trkpt lat="41.187100410461426" lon="23.895392417907715">
        <ele>118.1</ele>
      </trkpt>
      <trkpt lat="41.187378857284784" lon="23.895413791760802">
        <ele>117.5</ele>
      </trkpt>
      <trkpt lat="41.187657387927175" lon="23.89543524943292">
        <ele>116.89</ele>
      </trkpt>
      <trkpt lat="41.187935918569565" lon="23.89545662328601">
        <ele>116.34</ele>
      </trkpt>
      <trkpt lat="41.188214449211955" lon="23.895478080958128">
        <ele>115.78</ele>
      </trkpt>
      <trkpt lat="41.188492979854345" lon="23.895499538630247">
        <ele>115.26</ele>
      </trkpt>
      <trkpt lat="41.18877410888672" lon="23.89552116394043">
        <ele>114.76</ele>
      </trkpt>
      <trkpt lat="41.18905263952911" lon="23.895563995465636">
        <ele>114.27</ele>
      </trkpt>
      <trkpt lat="41.1893311701715" lon="23.895606826990843">
        <ele>113.79</ele>
      </trkpt>
      <trkpt lat="41.189610958099365" lon="23.895649909973145">
        <ele>113.38</ele>
      </trkpt>
      <trkpt lat="41.1896110419184" lon="23.895649909973145">
        <ele>112.97</ele>
      </trkpt>
      <trkpt lat="41.189793180674314" lon="23.89570347033441">
        <ele>112.61</ele>
      </trkpt>
      <trkpt lat="41.18997582234442" lon="23.89575719833374">
        <ele>112.26</ele>
      </trkpt>
      <trkpt lat="41.190257873386145" lon="23.895821403712034">
        <ele>111.9</ele>
      </trkpt>
      <trkpt lat="41.1905400082469" lon="23.89588569290936">
        <ele>111.56</ele>
      </trkpt>
      <trkpt lat="41.19082214310765" lon="23.895949982106686">
        <ele>111.23</ele>
      </trkpt>
      <trkpt lat="41.19110427796841" lon="23.89601427130401">
        <ele>110.91</ele>
      </trkpt>
      <trkpt lat="41.19138632901013" lon="23.896078560501337">
        <ele>110.63</ele>
      </trkpt>
      <trkpt lat="41.1916708946228" lon="23.896143436431885">
        <ele>110.4</ele>
      </trkpt>
      <trkpt lat="41.19187449105084" lon="23.896250557154417">
        <ele>110.19</ele>
      </trkpt>
      <trkpt lat="41.192078590393066" lon="23.896358013153076">
        <ele>109.95</ele>
      </trkpt>
      <trkpt lat="41.19227179326117" lon="23.89652967453003">
        <ele>109.73</ele>
      </trkpt>
      <trkpt lat="41.19229316711426" lon="23.89655113220215">
        <ele>109.56</ele>
      </trkpt>
      <trkpt lat="41.192357540130615" lon="23.896572589874268">
        <ele>109.42</ele>
      </trkpt>
      <trkpt lat="41.19242191314697" lon="23.89655113220215">
        <ele>109.29</ele>
      </trkpt>
      <trkpt lat="41.19265794754028" lon="23.89652967453003">
        <ele>109.19</ele>
      </trkpt>
      <trkpt lat="41.192893562838435" lon="23.896561777219176">
        <ele>109.12</ele>
      </trkpt>
      <trkpt lat="41.193130016326904" lon="23.896594047546387">
        <ele>109.07</ele>
      </trkpt>
      <trkpt lat="41.19342992082238" lon="23.8965761102736">
        <ele>109.02</ele>
      </trkpt>
      <trkpt lat="41.19372990913689" lon="23.896558256819844">
        <ele>109.02</ele>
      </trkpt>
      <trkpt lat="41.19402981363237" lon="23.89654040336609">
        <ele>109.01</ele>
      </trkpt>
      <trkpt lat="41.19432980194688" lon="23.896522549912333">
        <ele>108.98</ele>
      </trkpt>
      <trkpt lat="41.194629706442356" lon="23.896504696458578">
        <ele>108.95</ele>
      </trkpt>
      <trkpt lat="41.19493246078491" lon="23.89648675918579">
        <ele>109.01</ele>
      </trkpt>
      <trkpt lat="41.195218116045" lon="23.896461697295308">
        <ele>109.05</ele>
      </trkpt>
      <trkpt lat="41.195503771305084" lon="23.896436719223857">
        <ele>109.06</ele>
      </trkpt>
      <trkpt lat="41.19578942656517" lon="23.896411741152406">
        <ele>109.11</ele>
      </trkpt>
      <trkpt lat="41.196075081825256" lon="23.896386763080955">
        <ele>109.17</ele>
      </trkpt>
      <trkpt lat="41.196360820904374" lon="23.89636170119047">
        <ele>109.25</ele>
      </trkpt>
      <trkpt lat="41.19664907455444" lon="23.896336555480957">
        <ele>109.37</ele>
      </trkpt>
      <trkpt lat="41.19688477367163" lon="23.89627226628363">
        <ele>109.46</ele>
      </trkpt>
      <trkpt lat="41.19712047278881" lon="23.896207977086306">
        <ele>109.6</ele>
      </trkpt>
      <trkpt lat="41.197356171905994" lon="23.89614368788898">
        <ele>109.74</ele>
      </trkpt>
      <trkpt lat="41.197593212127686" lon="23.896079063415527">
        <ele>109.91</ele>
      </trkpt>
      <trkpt lat="41.19776462204754" lon="23.895993316546082">
        <ele>110.1</ele>
      </trkpt>
      <trkpt lat="41.19793653488159" lon="23.895907402038574">
        <ele>110.28</ele>
      </trkpt>
      <trkpt lat="41.198204504325986" lon="23.895725095644593">
        <ele>110.46</ele>
      </trkpt>
      <trkpt lat="41.19847297668457" lon="23.89554262161255">
        <ele>110.61</ele>
      </trkpt>
      <trkpt lat="41.198742957785726" lon="23.895456874743104">
        <ele>110.78</ele>
      </trkpt>
      <trkpt lat="41.19901293888688" lon="23.89537112787366">
        <ele>111.0</ele>
      </trkpt>
      <trkpt lat="41.19928300380707" lon="23.895285464823246">
        <ele>111.26</ele>
      </trkpt>
      <trkpt lat="41.19955298490822" lon="23.8951997179538">
        <ele>111.5</ele>
      </trkpt>
      <trkpt lat="41.199824810028076" lon="23.895113468170166">
        <ele>111.75</ele>
      </trkpt>
      <trkpt lat="41.200103759765625" lon="23.895070552825928">
        <ele>111.99</ele>
      </trkpt>
      <trkpt lat="41.20033225044608" lon="23.89509905129671">
        <ele>112.23</ele>
      </trkpt>
      <trkpt lat="41.20056082494557" lon="23.895127633586526">
        <ele>112.48</ele>
      </trkpt>
      <trkpt lat="41.20079040527344" lon="23.895156383514404">
        <ele>112.76</ele>
      </trkpt>
      <trkpt lat="41.200972544029355" lon="23.895156299695373">
        <ele>113.03</ele>
      </trkpt>
      <trkpt lat="41.201155269518495" lon="23.895156383514404">
        <ele>113.32</ele>
      </trkpt>
      <trkpt lat="41.20115518569946" lon="23.895156383514404">
        <ele>113.6</ele>
      </trkpt>
      <trkpt lat="41.201436314731836" lon="23.895129561424255">
        <ele>113.9</ele>
      </trkpt>
      <trkpt lat="41.20171752758324" lon="23.895102739334106">
        <ele>114.17</ele>
      </trkpt>
      <trkpt lat="41.20199874043465" lon="23.89507600106299">
        <ele>114.46</ele>
      </trkpt>
      <trkpt lat="41.20227995328605" lon="23.89504917897284">
        <ele>114.78</ele>
      </trkpt>
      <trkpt lat="41.20256116613746" lon="23.895022440701723">
        <ele>115.08</ele>
      </trkpt>
      <trkpt lat="41.20284237898886" lon="23.894995618611574">
        <ele>115.42</ele>
      </trkpt>
      <trkpt lat="41.20312359184027" lon="23.894968880340457">
        <ele>115.71</ele>
      </trkpt>
      <trkpt lat="41.20340824127197" lon="23.894941806793213">
        <ele>115.99</ele>
      </trkpt>
      <trkpt lat="41.20369213633239" lon="23.894877517595887">
        <ele>116.3</ele>
      </trkpt>
      <trkpt lat="41.20397603139281" lon="23.89481322839856">
        <ele>116.61</ele>
      </trkpt>
      <trkpt lat="41.20425992645323" lon="23.894748939201236">
        <ele>116.95</ele>
      </trkpt>
      <trkpt lat="41.20454549789429" lon="23.894684314727783">
        <ele>117.25</ele>
      </trkpt>
      <trkpt lat="41.20478161610663" lon="23.894577026367188">
        <ele>117.51</ele>
      </trkpt>
      <trkpt lat="41.2047815322876" lon="23.894577026367188">
        <ele>117.78</ele>
      </trkpt>
      <trkpt lat="41.20498336851597" lon="23.89426781795919">
        <ele>118.04</ele>
      </trkpt>
      <trkpt lat="41.20518520474434" lon="23.89395860955119">
        <ele>118.31</ele>
      </trkpt>
      <trkpt lat="41.20538704097271" lon="23.893649401143193">
        <ele>118.59</ele>
      </trkpt>
      <trkpt lat="41.20558887720108" lon="23.893340192735195">
        <ele>118.86</ele>
      </trkpt>
      <trkpt lat="41.20579012669623" lon="23.89303207397461">
        <ele>119.09</ele>
      </trkpt>
      <trkpt lat="41.205956507474184" lon="23.892774330452085">
        <ele>119.35</ele>
      </trkpt>
      <trkpt lat="41.20612288825214" lon="23.89251667074859">
        <ele>119.59</ele>
      </trkpt>
      <trkpt lat="41.206289352849126" lon="23.8922590110451">
        <ele>119.83</ele>
      </trkpt>
      <trkpt lat="41.20645531453192" lon="23.89200210571289">
        <ele>120.04</ele>
      </trkpt>
      <trkpt lat="41.20645523071289" lon="23.89200210571289">
        <ele>120.24</ele>
      </trkpt>
      <trkpt lat="41.20657333172858" lon="23.891808819025755">
        <ele>120.43</ele>
      </trkpt>
      <trkpt lat="41.2066912651062" lon="23.891615867614746">
        <ele>120.64</ele>
      </trkpt>
      <trkpt lat="41.20682009495795" lon="23.89153003692627">
        <ele>120.83</ele>
      </trkpt>
      <trkpt lat="41.206863010302186" lon="23.89150857925415">
        <ele>121.0</ele>
      </trkpt>
      <trkpt lat="41.207077419385314" lon="23.89170161448419">
        <ele>121.15</ele>
      </trkpt>
      <trkpt lat="41.20729207992554" lon="23.891894817352295">
        <ele>121.28</ele>
      </trkpt>
      <trkpt lat="41.207542195916176" lon="23.89175182208419">
        <ele>121.45</ele>
      </trkpt>
      <trkpt lat="41.207792311906815" lon="23.891608910635114">
        <ele>121.62</ele>
      </trkpt>
      <trkpt lat="41.20804318226874" lon="23.891465663909912">
        <ele>121.76</ele>
      </trkpt>
      <trkpt lat="41.20827913284302" lon="23.891336917877197">
        <ele>121.88</ele>
      </trkpt>
      <trkpt lat="41.20840787887573" lon="23.891315460205078">
        <ele>122.04</ele>
      </trkpt>
      <trkpt lat="41.2085581663996" lon="23.89155157841742">
        <ele>122.19</ele>
      </trkpt>
      <trkpt lat="41.2087082862854" lon="23.8917875289917">
        <ele>122.33</ele>
      </trkpt>
      <trkpt lat="41.208837032318115" lon="23.892066478729248">
        <ele>122.48</ele>
      </trkpt>
      <trkpt lat="41.20892294682562" lon="23.892394294962287">
        <ele>122.67</ele>
      </trkpt>
      <trkpt lat="41.20900894515216" lon="23.892722111195326">
        <ele>122.84</ele>
      </trkpt>
      <trkpt lat="41.2090949434787" lon="23.893049927428365">
        <ele>123.04</ele>
      </trkpt>
      <trkpt lat="41.20918035507202" lon="23.893375396728516">
        <ele>123.26</ele>
      </trkpt>
      <trkpt lat="41.209294935688376" lon="23.893683347851038">
        <ele>123.48</ele>
      </trkpt>
      <trkpt lat="41.20940960012376" lon="23.893991382792592">
        <ele>123.7</ele>
      </trkpt>
      <trkpt lat="41.20952376164496" lon="23.89429807662964">
        <ele>123.87</ele>
      </trkpt>
      <trkpt lat="41.209609592333436" lon="23.89453411102295">
        <ele>124.03</ele>
      </trkpt>
      <trkpt lat="41.209752755239606" lon="23.89486351981759">
        <ele>124.23</ele>
      </trkpt>
      <trkpt lat="41.20989600196481" lon="23.895193012431264">
        <ele>124.51</ele>
      </trkpt>
      <trkpt lat="41.21003866195679" lon="23.89552116394043">
        <ele>124.85</ele>
      </trkpt>
      <trkpt lat="41.210140669718385" lon="23.895816626027226">
        <ele>125.17</ele>
      </trkpt>
      <trkpt lat="41.210242761299014" lon="23.896112171933055">
        <ele>125.48</ele>
      </trkpt>
      <trkpt lat="41.21034485287964" lon="23.896407717838883">
        <ele>125.77</ele>
      </trkpt>
      <trkpt lat="41.21044635772705" lon="23.896701335906982">
        <ele>126.07</ele>
      </trkpt>
      <trkpt lat="41.210628831759095" lon="23.896926641464233">
        <ele>126.42</ele>
      </trkpt>
      <trkpt lat="41.21081122197211" lon="23.897151947021484">
        <ele>126.75</ele>
      </trkpt>
      <trkpt lat="41.210811138153076" lon="23.897151947021484">
        <ele>126.98</ele>
      </trkpt>
      <trkpt lat="41.21089696884155" lon="23.89725923538208">
        <ele>127.22</ele>
      </trkpt>
      <trkpt lat="41.21104717254639" lon="23.897452354431152">
        <ele>127.48</ele>
      </trkpt>
      <trkpt lat="41.211143815889955" lon="23.8976779114455">
        <ele>127.71</ele>
      </trkpt>
      <trkpt lat="41.21124029159546" lon="23.897902965545654">
        <ele>127.91</ele>
      </trkpt>
      <trkpt lat="41.211369121447206" lon="23.89805316925049">
        <ele>128.09</ele>
      </trkpt>
      <trkpt lat="41.211390579119325" lon="23.898074626922607">
        <ele>128.23</ele>
      </trkpt>
      <trkpt lat="41.21145486831665" lon="23.89805316925049">
        <ele>128.37</ele>
      </trkpt>
      <trkpt lat="41.21159451082349" lon="23.89770934358239">
        <ele>128.39</ele>
      </trkpt>
      <trkpt lat="41.2117338180542" lon="23.897366523742676">
        <ele>128.46</ele>
      </trkpt>
      <trkpt lat="41.21190547943115" lon="23.897173320874572">
        <ele>128.55</ele>
      </trkpt>
      <trkpt lat="41.21207722462714" lon="23.89698028564453">
        <ele>128.62</ele>
      </trkpt>
      <trkpt lat="41.212077140808105" lon="23.89698028564453">
        <ele>128.66</ele>
      </trkpt>
      <trkpt lat="41.21229708194733" lon="23.8967280741781">
        <ele>128.72</ele>
      </trkpt>
      <trkpt lat="41.21251710690558" lon="23.8964759465307">
        <ele>128.73</ele>
      </trkpt>
      <trkpt lat="41.2127370480448" lon="23.8962238188833">
        <ele>128.72</ele>
      </trkpt>
      <trkpt lat="41.21295698918402" lon="23.89597177505493">
        <ele>128.72</ele>
      </trkpt>
      <trkpt lat="41.21295690536499" lon="23.89597177505493">
        <ele>128.7</ele>
      </trkpt>
      <trkpt lat="41.213085651397705" lon="23.895810758695006">
        <ele>128.67</ele>
      </trkpt>
      <trkpt lat="41.21321448124945" lon="23.895649909973145">
        <ele>128.64</ele>
      </trkpt>
      <trkpt lat="41.21321439743042" lon="23.895649909973145">
        <ele>128.61</ele>
      </trkpt>
      <trkpt lat="41.21340751647949" lon="23.89544245786965">
        <ele>128.56</ele>
      </trkpt>
      <trkpt lat="41.213600635528564" lon="23.895235005766153">
        <ele>128.52</ele>
      </trkpt>
      <trkpt lat="41.21379383839667" lon="23.89502763748169">
        <ele>128.46</ele>
      </trkpt>
      <trkpt lat="41.21400841511786" lon="23.89474868774414">
        <ele>128.44</ele>
      </trkpt>
      <trkpt lat="41.21415853500366" lon="23.894566213712096">
        <ele>128.41</ele>
      </trkpt>
      <trkpt lat="41.214308738708496" lon="23.894383907318115">
        <ele>128.41</ele>
      </trkpt>
      <trkpt lat="41.21454477310181" lon="23.894147872924805">
        <ele>128.43</ele>
      </trkpt>
      <trkpt lat="41.21478089131415" lon="23.893911838531494">
        <ele>128.46</ele>
      </trkpt>
      <trkpt lat="41.21478080749512" lon="23.893911838531494">
        <ele>128.53</ele>
      </trkpt>
      <trkpt lat="41.21503829956055" lon="23.893675804138184">
        <ele>128.58</ele>
      </trkpt>
      <trkpt lat="41.215241895988584" lon="23.89356859959662">
        <ele>128.67</ele>
      </trkpt>
      <trkpt lat="41.21544599533081" lon="23.893461227416992">
        <ele>128.81</ele>
      </trkpt>
      <trkpt lat="41.21570868417621" lon="23.89327355660498">
        <ele>129.01</ele>
      </trkpt>
      <trkpt lat="41.2159713730216" lon="23.893085969612002">
        <ele>129.19</ele>
      </trkpt>
      <trkpt lat="41.216234061867" lon="23.89289829879999">
        <ele>129.39</ele>
      </trkpt>
      <trkpt lat="41.21649750508368" lon="23.892710208892822">
        <ele>129.67</ele>
      </trkpt>
      <trkpt lat="41.21669054031372" lon="23.89277458190918">
        <ele>130.01</ele>
      </trkpt>
      <trkpt lat="41.21674426831305" lon="23.89300030656159">
        <ele>130.43</ele>
      </trkpt>
      <trkpt lat="41.216797828674316" lon="23.89322519302368">
        <ele>130.88</ele>
      </trkpt>
      <trkpt lat="41.21686748228967" lon="23.893527192994952">
        <ele>131.39</ele>
      </trkpt>
      <trkpt lat="41.21693445369601" lon="23.89381737448275">
        <ele>131.94</ele>
      </trkpt>
      <trkpt lat="41.216935124248266" lon="23.893820140510798">
        <ele>132.49</ele>
      </trkpt>
      <trkpt lat="41.21693571098149" lon="23.89382273890078">
        <ele>133.07</ele>
      </trkpt>
      <trkpt lat="41.21693629771471" lon="23.893825253471732">
        <ele>133.7</ele>
      </trkpt>
      <trkpt lat="41.216936968266964" lon="23.89382801949978">
        <ele>134.37</ele>
      </trkpt>
      <trkpt lat="41.21699103154242" lon="23.894062042236328">
        <ele>135.12</ele>
      </trkpt>
      <trkpt lat="41.21705012395978" lon="23.894406035542488">
        <ele>135.9</ele>
      </trkpt>
      <trkpt lat="41.21710921637714" lon="23.89475011266768">
        <ele>136.72</ele>
      </trkpt>
      <trkpt lat="41.2171683087945" lon="23.89509410597384">
        <ele>137.62</ele>
      </trkpt>
      <trkpt lat="41.2172269821167" lon="23.895435333251953">
        <ele>138.61</ele>
      </trkpt>
      <trkpt lat="41.2172269821167" lon="23.89580011367798">
        <ele>139.59</ele>
      </trkpt>
      <trkpt lat="41.217098236083984" lon="23.896079063415527">
        <ele>140.53</ele>
      </trkpt>
      <trkpt lat="41.216926490888" lon="23.8962721824646">
        <ele>141.52</ele>
      </trkpt>
      <trkpt lat="41.21675491333008" lon="23.896465301513672">
        <ele>142.53</ele>
      </trkpt>
      <trkpt lat="41.21675499714911" lon="23.896465301513672">
        <ele>143.55</ele>
      </trkpt>
      <trkpt lat="41.216515861451626" lon="23.896716590970755">
        <ele>144.64</ele>
      </trkpt>
      <trkpt lat="41.21627680957317" lon="23.89696796424687">
        <ele>145.74</ele>
      </trkpt>
      <trkpt lat="41.21603767387569" lon="23.897219337522984">
        <ele>146.92</ele>
      </trkpt>
      <trkpt lat="41.21579862199724" lon="23.897470710799098">
        <ele>148.12</ele>
      </trkpt>
      <trkpt lat="41.21555948629975" lon="23.89772200025618">
        <ele>149.29</ele>
      </trkpt>
      <trkpt lat="41.2153204344213" lon="23.897973373532295">
        <ele>150.44</ele>
      </trkpt>
      <trkpt lat="41.21508129872382" lon="23.89822483062744">
        <ele>151.59</ele>
      </trkpt>
      <trkpt lat="41.21495230123401" lon="23.898568656295538">
        <ele>152.76</ele>
      </trkpt>
      <trkpt lat="41.2148233037442" lon="23.898912481963634">
        <ele>153.96</ele>
      </trkpt>
      <trkpt lat="41.21469439007342" lon="23.899256391450763">
        <ele>155.17</ele>
      </trkpt>
      <trkpt lat="41.21456539258361" lon="23.89960021711886">
        <ele>156.37</ele>
      </trkpt>
      <trkpt lat="41.21443748474121" lon="23.899941444396973">
        <ele>157.58</ele>
      </trkpt>
      <trkpt lat="41.21431770734489" lon="23.900300692766905">
        <ele>158.79</ele>
      </trkpt>
      <trkpt lat="41.21419792994857" lon="23.900659941136837">
        <ele>159.97</ele>
      </trkpt>
      <trkpt lat="41.21407823637128" lon="23.90101918950677">
        <ele>161.13</ele>
      </trkpt>
      <trkpt lat="41.21395845897496" lon="23.9013784378767">
        <ele>162.24</ele>
      </trkpt>
      <trkpt lat="41.213838681578636" lon="23.901737686246634">
        <ele>163.38</ele>
      </trkpt>
      <trkpt lat="41.21371898800135" lon="23.902096934616566">
        <ele>164.5</ele>
      </trkpt>
      <trkpt lat="41.213600635528564" lon="23.902451992034912">
        <ele>165.62</ele>
      </trkpt>
      <trkpt lat="41.213600719347596" lon="23.902451992034912">
        <ele>166.67</ele>
      </trkpt>
      <trkpt lat="41.21348027139902" lon="23.902821633964777">
        <ele>167.71</ele>
      </trkpt>
      <trkpt lat="41.21335990726948" lon="23.903191359713674">
        <ele>168.66</ele>
      </trkpt>
      <trkpt lat="41.213239543139935" lon="23.90356108546257">
        <ele>169.6</ele>
      </trkpt>
      <trkpt lat="41.21311917901039" lon="23.903930727392435">
        <ele>170.57</ele>
      </trkpt>
      <trkpt lat="41.21299982070923" lon="23.904297351837158">
        <ele>171.54</ele>
      </trkpt>
      <trkpt lat="41.21295673772693" lon="23.904501534998417">
        <ele>172.45</ele>
      </trkpt>
      <trkpt lat="41.21291399002075" lon="23.904705047607422">
        <ele>173.33</ele>
      </trkpt>
      <trkpt lat="41.21286537498236" lon="23.90508709475398">
        <ele>174.18</ele>
      </trkpt>
      <trkpt lat="41.21281675994396" lon="23.90546914190054">
        <ele>175.01</ele>
      </trkpt>
      <trkpt lat="41.21276814490557" lon="23.90585127286613">
        <ele>175.78</ele>
      </trkpt>
      <trkpt lat="41.21271952986717" lon="23.90623332001269">
        <ele>176.52</ele>
      </trkpt>
      <trkpt lat="41.21267099864781" lon="23.906615367159247">
        <ele>177.2</ele>
      </trkpt>
      <trkpt lat="41.212622383609414" lon="23.906997498124838">
        <ele>177.78</ele>
      </trkpt>
      <trkpt lat="41.21257376857102" lon="23.907379545271397">
        <ele>178.33</ele>
      </trkpt>
      <trkpt lat="41.212525153532624" lon="23.907761592417955">
        <ele>178.87</ele>
      </trkpt>
      <trkpt lat="41.21247662231326" lon="23.908143723383546">
        <ele>179.39</ele>
      </trkpt>
      <trkpt lat="41.212428007274866" lon="23.908525770530105">
        <ele>179.84</ele>
      </trkpt>
      <trkpt lat="41.21237939223647" lon="23.908907817676663">
        <ele>180.24</ele>
      </trkpt>
      <trkpt lat="41.212333124130964" lon="23.909269329160452">
        <ele>180.55</ele>
      </trkpt>
      <trkpt lat="41.21233278885484" lon="23.90927217900753">
        <ele>180.8</ele>
      </trkpt>
      <trkpt lat="41.21233253739774" lon="23.90927469357848">
        <ele>181.0</ele>
      </trkpt>
      <trkpt lat="41.21233228594065" lon="23.909277208149433">
        <ele>181.13</ele>
      </trkpt>
      <trkpt lat="41.21233203448355" lon="23.909279890358448">
        <ele>181.21</ele>
      </trkpt>
      <trkpt lat="41.212284257635474" lon="23.909655064344406">
        <ele>181.24</ele>
      </trkpt>
      <trkpt lat="41.21223656460643" lon="23.910030322149396">
        <ele>181.2</ele>
      </trkpt>
      <trkpt lat="41.21218878775835" lon="23.910405579954386">
        <ele>181.15</ele>
      </trkpt>
      <trkpt lat="41.21214151382446" lon="23.91077756881714">
        <ele>181.02</ele>
      </trkpt>
      <trkpt lat="41.212141597643495" lon="23.91077756881714">
        <ele>180.79</ele>
      </trkpt>
      <trkpt lat="41.212098682299256" lon="23.911099433898926">
        <ele>180.47</ele>
      </trkpt>
      <trkpt lat="41.21206280775368" lon="23.911464968696237">
        <ele>180.1</ele>
      </trkpt>
      <trkpt lat="41.21202693320811" lon="23.91183058731258">
        <ele>179.7</ele>
      </trkpt>
      <trkpt lat="41.21199139393866" lon="23.912193775177002">
        <ele>179.26</ele>
      </trkpt>
      <trkpt lat="41.21192685328424" lon="23.91247322782874">
        <ele>178.73</ele>
      </trkpt>
      <trkpt lat="41.211862647905946" lon="23.9127516746521">
        <ele>178.11</ele>
      </trkpt>
      <trkpt lat="41.21171219274402" lon="23.913106145337224">
        <ele>177.36</ele>
      </trkpt>
      <trkpt lat="41.21156224049628" lon="23.91345977783203">
        <ele>176.65</ele>
      </trkpt>
      <trkpt lat="41.21141178533435" lon="23.913803519681096">
        <ele>175.85</ele>
      </trkpt>
      <trkpt lat="41.21126183308661" lon="23.914146423339844">
        <ele>175.0</ele>
      </trkpt>
      <trkpt lat="41.21114004403353" lon="23.914389833807945">
        <ele>174.05</ele>
      </trkpt>
      <trkpt lat="41.211018254980445" lon="23.91463332809508">
        <ele>173.06</ele>
      </trkpt>
      <trkpt lat="41.21089696884155" lon="23.914875984191895">
        <ele>171.99</ele>
      </trkpt>
      <trkpt lat="41.21070384979248" lon="23.915154933929443">
        <ele>170.86</ele>
      </trkpt>
      <trkpt lat="41.210449039936066" lon="23.915396248921752">
        <ele>169.77</ele>
      </trkpt>
      <trkpt lat="41.21019431389868" lon="23.915637647733092">
        <ele>168.58</ele>
      </trkpt>
      <trkpt lat="41.2099395878613" lon="23.9158789627254">
        <ele>167.33</ele>
      </trkpt>
      <trkpt lat="41.209684778004885" lon="23.91612036153674">
        <ele>166.13</ele>
      </trkpt>
      <trkpt lat="41.2094300519675" lon="23.91636167652905">
        <ele>164.89</ele>
      </trkpt>
      <trkpt lat="41.20917532593012" lon="23.91660307534039">
        <ele>163.63</ele>
      </trkpt>
      <trkpt lat="41.208920516073704" lon="23.9168443903327">
        <ele>162.29</ele>
      </trkpt>
      <trkpt lat="41.20866579003632" lon="23.917085705325007">
        <ele>160.97</ele>
      </trkpt>
      <trkpt lat="41.20841106399894" lon="23.917327104136348">
        <ele>159.67</ele>
      </trkpt>
      <trkpt lat="41.208156337961555" lon="23.917568419128656">
        <ele>158.32</ele>
      </trkpt>
      <trkpt lat="41.20790152810514" lon="23.917809817939997">
        <ele>156.93</ele>
      </trkpt>
      <trkpt lat="41.20764680206776" lon="23.918051132932305">
        <ele>155.56</ele>
      </trkpt>
      <trkpt lat="41.207392076030374" lon="23.918292531743646">
        <ele>154.23</ele>
      </trkpt>
      <trkpt lat="41.20713726617396" lon="23.918533846735954">
        <ele>152.97</ele>
      </trkpt>
      <trkpt lat="41.206882540136576" lon="23.918775161728263">
        <ele>151.68</ele>
      </trkpt>
      <trkpt lat="41.206626892089844" lon="23.91901731491089">
        <ele>150.33</ele>
      </trkpt>
      <trkpt lat="41.206626975908875" lon="23.91901731491089">
        <ele>149.08</ele>
      </trkpt>
      <trkpt lat="41.20637560263276" lon="23.91925636678934">
        <ele>147.77</ele>
      </trkpt>
      <trkpt lat="41.20612431317568" lon="23.919495418667793">
        <ele>146.53</ele>
      </trkpt>
      <trkpt lat="41.205873023718596" lon="23.919734470546246">
        <ele>145.35</ele>
      </trkpt>
      <trkpt lat="41.20562173426151" lon="23.919973438605666">
        <ele>144.17</ele>
      </trkpt>
      <trkpt lat="41.20537044480443" lon="23.92021249048412">
        <ele>143.01</ele>
      </trkpt>
      <trkpt lat="41.205119071528316" lon="23.92045154236257">
        <ele>141.9</ele>
      </trkpt>
      <trkpt lat="41.204867446795106" lon="23.92069101333618">
        <ele>140.84</ele>
      </trkpt>
      <trkpt lat="41.204631412401795" lon="23.920920845121145">
        <ele>139.88</ele>
      </trkpt>
      <trkpt lat="41.20439546182752" lon="23.92115076072514">
        <ele>138.92</ele>
      </trkpt>
      <trkpt lat="41.204159427434206" lon="23.921380592510104">
        <ele>138.0</ele>
      </trkpt>
      <trkpt lat="41.20392347685993" lon="23.921610424295068">
        <ele>137.13</ele>
      </trkpt>
      <trkpt lat="41.20368744246662" lon="23.921840339899063">
        <ele>136.29</ele>
      </trkpt>
      <trkpt lat="41.20345149189234" lon="23.922070171684027">
        <ele>135.49</ele>
      </trkpt>
      <trkpt lat="41.20321545749903" lon="23.922300087288022">
        <ele>134.77</ele>
      </trkpt>
      <trkpt lat="41.20297950692475" lon="23.922529919072986">
        <ele>134.07</ele>
      </trkpt>
      <trkpt lat="41.20274347253144" lon="23.92275983467698">
        <ele>133.44</ele>
      </trkpt>
      <trkpt lat="41.20250752195716" lon="23.922989666461945">
        <ele>132.89</ele>
      </trkpt>
      <trkpt lat="41.20227148756385" lon="23.92321958206594">
        <ele>132.35</ele>
      </trkpt>
      <trkpt lat="41.20203553698957" lon="23.923449413850904">
        <ele>131.89</ele>
      </trkpt>
      <trkpt lat="41.20179950259626" lon="23.923679245635867">
        <ele>131.55</ele>
      </trkpt>
      <trkpt lat="41.20156296528876" lon="23.923909664154053">
        <ele>131.29</ele>
      </trkpt>
      <trkpt lat="41.201326847076416" lon="23.924145698547363">
        <ele>131.06</ele>
      </trkpt>
      <trkpt lat="41.20132693089545" lon="23.924145698547363">
        <ele>130.85</ele>
      </trkpt>
      <trkpt lat="41.20109089650214" lon="23.924370920285583">
        <ele>130.68</ele>
      </trkpt>
      <trkpt lat="41.200854778289795" lon="23.924596309661865">
        <ele>130.54</ele>
      </trkpt>
      <trkpt lat="41.20061866007745" lon="23.92485992051661">
        <ele>130.44</ele>
      </trkpt>
      <trkpt lat="41.20038262568414" lon="23.925123531371355">
        <ele>130.47</ele>
      </trkpt>
      <trkpt lat="41.20014659129083" lon="23.92538722604513">
        <ele>130.54</ele>
      </trkpt>
      <trkpt lat="41.19991055689752" lon="23.925650836899877">
        <ele>130.64</ele>
      </trkpt>
      <trkpt lat="41.19967452250421" lon="23.925914531573653">
        <ele>130.74</ele>
      </trkpt>
      <trkpt lat="41.19943840429187" lon="23.926178142428398">
        <ele>130.89</ele>
      </trkpt>
      <trkpt lat="41.19920253753662" lon="23.92644166946411">
        <ele>131.12</ele>
      </trkpt>
      <trkpt lat="41.19895728304982" lon="23.92668684013188">
        <ele>131.36</ele>
      </trkpt>
      <trkpt lat="41.198712112382054" lon="23.926932010799646">
        <ele>131.63</ele>
      </trkpt>
      <trkpt lat="41.19846694171429" lon="23.927177265286446">
        <ele>131.9</ele>
      </trkpt>
      <trkpt lat="41.19822168722749" lon="23.927422435954213">
        <ele>132.18</ele>
      </trkpt>
      <trkpt lat="41.19797651655972" lon="23.92766760662198">
        <ele>132.53</ele>
      </trkpt>
      <trkpt lat="41.19773134589195" lon="23.92791286110878">
        <ele>132.9</ele>
      </trkpt>
      <trkpt lat="41.19748592376709" lon="23.928158283233643">
        <ele>133.29</ele>
      </trkpt>
      <trkpt lat="41.197278555482626" lon="23.928344110026956">
        <ele>133.74</ele>
      </trkpt>
      <trkpt lat="41.19707118719816" lon="23.9285300206393">
        <ele>134.21</ele>
      </trkpt>
      <trkpt lat="41.196863651275635" lon="23.92871618270874">
        <ele>134.68</ele>
      </trkpt>
      <trkpt lat="41.196591993793845" lon="23.928894801065326">
        <ele>135.13</ele>
      </trkpt>
      <trkpt lat="41.19632042013109" lon="23.929073503240943">
        <ele>135.66</ele>
      </trkpt>
      <trkpt lat="41.19604825973511" lon="23.92925262451172">
        <ele>136.21</ele>
      </trkpt>
      <trkpt lat="41.19604834355414" lon="23.92925262451172">
        <ele>136.77</ele>
      </trkpt>
      <trkpt lat="41.19579462334514" lon="23.92937047407031">
        <ele>137.3</ele>
      </trkpt>
      <trkpt lat="41.195540986955166" lon="23.929488323628902">
        <ele>137.91</ele>
      </trkpt>
      <trkpt lat="41.195287350565195" lon="23.929606257006526">
        <ele>138.52</ele>
      </trkpt>
      <trkpt lat="41.195033714175224" lon="23.929724106565118">
        <ele>139.17</ele>
      </trkpt>
      <trkpt lat="41.19478007778525" lon="23.92984203994274">
        <ele>139.81</ele>
      </trkpt>
      <trkpt lat="41.19452476501465" lon="23.92996072769165">
        <ele>140.46</ele>
      </trkpt>
      <trkpt lat="41.19458922185004" lon="23.93019676208496">
        <ele>141.18</ele>
      </trkpt>
      <trkpt lat="41.194632137194276" lon="23.930583000183105">
        <ele>141.95</ele>
      </trkpt>
      <trkpt lat="41.194621324539185" lon="23.930830266326666">
        <ele>142.66</ele>
      </trkpt>
      <trkpt lat="41.194610595703125" lon="23.931076526641846">
        <ele>143.38</ele>
      </trkpt>
      <trkpt lat="41.19453893043101" lon="23.931463519111276">
        <ele>144.14</ele>
      </trkpt>
      <trkpt lat="41.19446726515889" lon="23.931850595399737">
        <ele>144.92</ele>
      </trkpt>
      <trkpt lat="41.194396102800965" lon="23.93223524093628">
        <ele>145.7</ele>
      </trkpt>
      <trkpt lat="41.194363832473755" lon="23.93247177824378">
        <ele>146.46</ele>
      </trkpt>
      <trkpt lat="41.19433172978461" lon="23.9327073097229">
        <ele>147.24</ele>
      </trkpt>
      <trkpt lat="41.19431027211249" lon="23.93272876739502">
        <ele>148.02</ele>
      </trkpt>
      <trkpt lat="41.1942510958761" lon="23.93305666744709">
        <ele>148.87</ele>
      </trkpt>
      <trkpt lat="41.19419200345874" lon="23.93338456749916">
        <ele>149.67</ele>
      </trkpt>
      <trkpt lat="41.19413282722235" lon="23.93371246755123">
        <ele>150.49</ele>
      </trkpt>
      <trkpt lat="41.19407423771918" lon="23.934037685394287">
        <ele>151.29</ele>
      </trkpt>
      <trkpt lat="41.19400986470282" lon="23.93442392349243">
        <ele>152.13</ele>
      </trkpt>
      <trkpt lat="41.19393811561167" lon="23.934803791344166">
        <ele>152.94</ele>
      </trkpt>
      <trkpt lat="41.193866450339556" lon="23.9351836591959">
        <ele>153.77</ele>
      </trkpt>
      <trkpt lat="41.1937952041626" lon="23.935561180114746">
        <ele>154.6</ele>
      </trkpt>
      <trkpt lat="41.19379528798163" lon="23.935561180114746">
        <ele>155.4</ele>
      </trkpt>
      <trkpt lat="41.19372353889048" lon="23.93594104796648">
        <ele>156.26</ele>
      </trkpt>
      <trkpt lat="41.193651873618364" lon="23.936320915818214">
        <ele>157.09</ele>
      </trkpt>
      <trkpt lat="41.19358020834625" lon="23.93670078366995">
        <ele>157.9</ele>
      </trkpt>
      <trkpt lat="41.19350854307413" lon="23.937080651521683">
        <ele>158.71</ele>
      </trkpt>
      <trkpt lat="41.193436877802014" lon="23.937460519373417">
        <ele>159.5</ele>
      </trkpt>
      <trkpt lat="41.19336613453925" lon="23.937835693359375">
        <ele>160.33</ele>
      </trkpt>
      <trkpt lat="41.19336613453925" lon="23.937900066375732">
        <ele>161.1</ele>
      </trkpt>
      <trkpt lat="41.1932943854481" lon="23.938258392736316">
        <ele>161.9</ele>
      </trkpt>
      <trkpt lat="41.19322272017598" lon="23.9386167190969">
        <ele>162.66</ele>
      </trkpt>
      <trkpt lat="41.193151557818055" lon="23.93897294998169">
        <ele>163.42</ele>
      </trkpt>
      <trkpt lat="41.1930871848017" lon="23.939337730407715">
        <ele>164.24</ele>
      </trkpt>
      <trkpt lat="41.1930195428431" lon="23.93970938399434">
        <ele>164.98</ele>
      </trkpt>
      <trkpt lat="41.19295198470354" lon="23.940081037580967">
        <ele>165.69</ele>
      </trkpt>
      <trkpt lat="41.19288442656398" lon="23.940452774986625">
        <ele>166.42</ele>
      </trkpt>
      <trkpt lat="41.192816868424416" lon="23.94082442857325">
        <ele>167.19</ele>
      </trkpt>
      <trkpt lat="41.19274922646582" lon="23.941196082159877">
        <ele>167.94</ele>
      </trkpt>
      <trkpt lat="41.19268166832626" lon="23.941567819565535">
        <ele>168.63</ele>
      </trkpt>
      <trkpt lat="41.19261511601508" lon="23.94193410873413">
        <ele>169.36</ele>
      </trkpt>
      <trkpt lat="41.19259365834296" lon="23.942019939422607">
        <ele>170.05</ele>
      </trkpt>
      <trkpt lat="41.192550575360656" lon="23.942224122583866">
        <ele>170.74</ele>
      </trkpt>
      <trkpt lat="41.19250782765448" lon="23.94242763519287">
        <ele>171.41</ele>
      </trkpt>
      <trkpt lat="41.19245401583612" lon="23.942793169990182">
        <ele>172.08</ele>
      </trkpt>
      <trkpt lat="41.19240045547485" lon="23.943157196044922">
        <ele>172.77</ele>
      </trkpt>
      <trkpt lat="41.1923789139837" lon="23.943372191861272">
        <ele>173.41</ele>
      </trkpt>
      <trkpt lat="41.192357540130615" lon="23.943586349487305">
        <ele>174.05</ele>
      </trkpt>
      <trkpt lat="41.192357540130615" lon="23.943951884284616">
        <ele>174.67</ele>
      </trkpt>
      <trkpt lat="41.192357540130615" lon="23.944315910339355">
        <ele>175.31</ele>
      </trkpt>
      <trkpt lat="41.1924172192812" lon="23.94471882842481">
        <ele>175.93</ele>
      </trkpt>
      <trkpt lat="41.19247698225081" lon="23.9451218303293">
        <ele>176.54</ele>
      </trkpt>
      <trkpt lat="41.19253674522042" lon="23.945524832233787">
        <ele>177.14</ele>
      </trkpt>
      <trkpt lat="41.192596508190036" lon="23.945927834138274">
        <ele>177.71</ele>
      </trkpt>
      <trkpt lat="41.19265627115965" lon="23.94633075222373">
        <ele>178.32</ele>
      </trkpt>
      <trkpt lat="41.19271603412926" lon="23.946733754128218">
        <ele>178.93</ele>
      </trkpt>
      <trkpt lat="41.192775797098875" lon="23.947136756032705">
        <ele>179.51</ele>
      </trkpt>
      <trkpt lat="41.19283556006849" lon="23.947539757937193">
        <ele>180.1</ele>
      </trkpt>
      <trkpt lat="41.19289523921907" lon="23.94794275984168">
        <ele>180.66</ele>
      </trkpt>
      <trkpt lat="41.19295500218868" lon="23.948345761746168">
        <ele>181.24</ele>
      </trkpt>
      <trkpt lat="41.193014765158296" lon="23.948748679831624">
        <ele>181.83</ele>
      </trkpt>
      <trkpt lat="41.19307452812791" lon="23.94915168173611">
        <ele>182.39</ele>
      </trkpt>
      <trkpt lat="41.19313429109752" lon="23.9495546836406">
        <ele>182.91</ele>
      </trkpt>
      <trkpt lat="41.193194054067135" lon="23.949957685545087">
        <ele>183.38</ele>
      </trkpt>
      <trkpt lat="41.19325381703675" lon="23.950360687449574">
        <ele>183.88</ele>
      </trkpt>
      <trkpt lat="41.19331358000636" lon="23.950763689354062">
        <ele>184.37</ele>
      </trkpt>
      <trkpt lat="41.193373342975974" lon="23.951166607439518">
        <ele>184.9</ele>
      </trkpt>
      <trkpt lat="41.193433022126555" lon="23.951569609344006">
        <ele>185.36</ele>
      </trkpt>
      <trkpt lat="41.19349278509617" lon="23.951972611248493">
        <ele>185.76</ele>
      </trkpt>
      <trkpt lat="41.19355254806578" lon="23.95237561315298">
        <ele>186.14</ele>
      </trkpt>
      <trkpt lat="41.193612311035395" lon="23.95277861505747">
        <ele>186.57</ele>
      </trkpt>
      <trkpt lat="41.19367207400501" lon="23.953181616961956">
        <ele>186.97</ele>
      </trkpt>
      <trkpt lat="41.19373183697462" lon="23.953584618866444">
        <ele>187.33</ele>
      </trkpt>
      <trkpt lat="41.193791599944234" lon="23.9539875369519">
        <ele>187.64</ele>
      </trkpt>
      <trkpt lat="41.19385136291385" lon="23.954390538856387">
        <ele>187.94</ele>
      </trkpt>
      <trkpt lat="41.19391112588346" lon="23.954793540760875">
        <ele>188.26</ele>
      </trkpt>
      <trkpt lat="41.19396694935858" lon="23.95517349243164">
        <ele>188.55</ele>
      </trkpt>
      <trkpt lat="41.194024281576276" lon="23.955550929531455">
        <ele>188.87</ele>
      </trkpt>
      <trkpt lat="41.19408161379397" lon="23.9559284504503">
        <ele>189.16</ele>
      </trkpt>
      <trkpt lat="41.19413894601166" lon="23.956305971369147">
        <ele>189.42</ele>
      </trkpt>
      <trkpt lat="41.194196278229356" lon="23.956683492287993">
        <ele>189.66</ele>
      </trkpt>
      <trkpt lat="41.19425361044705" lon="23.95706101320684">
        <ele>189.88</ele>
      </trkpt>
      <trkpt lat="41.194311026483774" lon="23.957438450306654">
        <ele>190.09</ele>
      </trkpt>
      <trkpt lat="41.19436835870147" lon="23.9578159712255">
        <ele>190.28</ele>
      </trkpt>
      <trkpt lat="41.19442569091916" lon="23.958193492144346">
        <ele>190.46</ele>
      </trkpt>
      <trkpt lat="41.19448193348944" lon="23.958563804626465">
        <ele>190.64</ele>
      </trkpt>
      <trkpt lat="41.19453557766974" lon="23.958897069096565">
        <ele>190.82</ele>
      </trkpt>
      <trkpt lat="41.194589138031006" lon="23.959228992462158">
        <ele>190.99</ele>
      </trkpt>
      <trkpt lat="41.19458922185004" lon="23.959228992462158">
        <ele>191.09</ele>
      </trkpt>
      <trkpt lat="41.19463758543134" lon="23.95956762135029">
        <ele>191.15</ele>
      </trkpt>
      <trkpt lat="41.19468594901264" lon="23.95990633405745">
        <ele>191.17</ele>
      </trkpt>
      <trkpt lat="41.19473431259394" lon="23.960245046764612">
        <ele>191.17</ele>
      </trkpt>
      <trkpt lat="41.19478234089911" lon="23.960580825805664">
        <ele>191.15</ele>
      </trkpt>
      <trkpt lat="41.19483447633684" lon="23.96094946190715">
        <ele>191.17</ele>
      </trkpt>
      <trkpt lat="41.194886695593596" lon="23.961318098008633">
        <ele>191.18</ele>
      </trkpt>
      <trkpt lat="41.194938914850354" lon="23.961686734110117">
        <ele>191.15</ele>
      </trkpt>
      <trkpt lat="41.19499113410711" lon="23.9620553702116">
        <ele>191.08</ele>
      </trkpt>
      <trkpt lat="41.19504335336387" lon="23.962424006313086">
        <ele>191.02</ele>
      </trkpt>
      <trkpt lat="41.19509557262063" lon="23.96279264241457">
        <ele>190.9</ele>
      </trkpt>
      <trkpt lat="41.1951470375061" lon="23.96315574645996">
        <ele>190.83</ele>
      </trkpt>
      <trkpt lat="41.19513622485101" lon="23.963424554094672">
        <ele>190.72</ele>
      </trkpt>
      <trkpt lat="41.195125579833984" lon="23.96369218826294">
        <ele>190.63</ele>
      </trkpt>
      <trkpt lat="41.19507176801562" lon="23.96392864175141">
        <ele>190.5</ele>
      </trkpt>
      <trkpt lat="41.19501829147339" lon="23.96416425704956">
        <ele>190.32</ele>
      </trkpt>
      <trkpt lat="41.19497537612915" lon="23.964271545410156">
        <ele>190.13</ele>
      </trkpt>
      <trkpt lat="41.19518995285034" lon="23.964486122131348">
        <ele>189.99</ele>
      </trkpt>
      <trkpt lat="41.195340156555176" lon="23.96467924118042">
        <ele>189.79</ele>
      </trkpt>
      <trkpt lat="41.19513412937522" lon="23.964929692447186">
        <ele>189.55</ele>
      </trkpt>
      <trkpt lat="41.19493614882231" lon="23.965170169249177">
        <ele>189.31</ele>
      </trkpt>
      <trkpt lat="41.194934053346515" lon="23.96517276763916">
        <ele>189.07</ele>
      </trkpt>
      <trkpt lat="41.194932125508785" lon="23.96517528221011">
        <ele>188.8</ele>
      </trkpt>
      <trkpt lat="41.19493028149009" lon="23.965177629143">
        <ele>188.53</ele>
      </trkpt>
      <trkpt lat="41.19492835365236" lon="23.96518005989492">
        <ele>188.24</ele>
      </trkpt>
      <trkpt lat="41.19473724626005" lon="23.965412490069866">
        <ele>187.89</ele>
      </trkpt>
      <trkpt lat="41.1945463065058" lon="23.96564483642578">
        <ele>187.53</ele>
      </trkpt>
      <trkpt lat="41.194388810545206" lon="23.965852288529277">
        <ele>187.18</ele>
      </trkpt>
      <trkpt lat="41.194231398403645" lon="23.966059824451804">
        <ele>186.83</ele>
      </trkpt>
      <trkpt lat="41.19407423771918" lon="23.966267108917236">
        <ele>186.44</ele>
      </trkpt>
      <trkpt lat="41.193871814757586" lon="23.966543041169643">
        <ele>186.08</ele>
      </trkpt>
      <trkpt lat="41.19366939179599" lon="23.966819057241082">
        <ele>185.68</ele>
      </trkpt>
      <trkpt lat="41.1934669688344" lon="23.96709507331252">
        <ele>185.23</ele>
      </trkpt>
      <trkpt lat="41.19326454587281" lon="23.96737108938396">
        <ele>184.81</ele>
      </trkpt>
      <trkpt lat="41.19306220673025" lon="23.9676471054554">
        <ele>184.35</ele>
      </trkpt>
      <trkpt lat="41.192859783768654" lon="23.967923121526837">
        <ele>183.9</ele>
      </trkpt>
      <trkpt lat="41.192658031359315" lon="23.96819829940796">
        <ele>183.43</ele>
      </trkpt>
      <trkpt lat="41.19265794754028" lon="23.96819829940796">
        <ele>182.97</ele>
      </trkpt>
      <trkpt lat="41.19247010909021" lon="23.96845051087439">
        <ele>182.54</ele>
      </trkpt>
      <trkpt lat="41.192282270640135" lon="23.968702722340822">
        <ele>182.04</ele>
      </trkpt>
      <trkpt lat="41.19209451600909" lon="23.968954933807254">
        <ele>181.54</ele>
      </trkpt>
      <trkpt lat="41.191907012835145" lon="23.96920680999756">
        <ele>181.04</ele>
      </trkpt>
      <trkpt lat="41.19171909056604" lon="23.96946438588202">
        <ele>180.53</ele>
      </trkpt>
      <trkpt lat="41.191531252115965" lon="23.96972196176648">
        <ele>180.01</ele>
      </trkpt>
      <trkpt lat="41.19134341366589" lon="23.969979621469975">
        <ele>179.44</ele>
      </trkpt>
      <trkpt lat="41.191155994310975" lon="23.970236778259277">
        <ele>178.88</ele>
      </trkpt>
      <trkpt lat="41.19109162129462" lon="23.970301151275635">
        <ele>178.32</ele>
      </trkpt>
      <trkpt lat="41.190901435911655" lon="23.970555625855923">
        <ele>177.74</ele>
      </trkpt>
      <trkpt lat="41.190711334347725" lon="23.970810184255242">
        <ele>177.11</ele>
      </trkpt>
      <trkpt lat="41.19052114896476" lon="23.971064742654562">
        <ele>176.47</ele>
      </trkpt>
      <trkpt lat="41.19033104740083" lon="23.97131921723485">
        <ele>175.84</ele>
      </trkpt>
      <trkpt lat="41.1901409458369" lon="23.97157377563417">
        <ele>175.2</ele>
      </trkpt>
      <trkpt lat="41.18995076045394" lon="23.97182833403349">
        <ele>174.54</ele>
      </trkpt>
      <trkpt lat="41.18976124562323" lon="23.972082138061523">
        <ele>173.86</ele>
      </trkpt>
      <trkpt lat="41.18969687260687" lon="23.97216796875">
        <ele>173.2</ele>
      </trkpt>
      <trkpt lat="41.1895037535578" lon="23.97244691848755">
        <ele>172.54</ele>
      </trkpt>
      <trkpt lat="41.18932127952576" lon="23.97268295288086">
        <ele>171.87</ele>
      </trkpt>
      <trkpt lat="41.18913880549371" lon="23.9729190710932">
        <ele>171.21</ele>
      </trkpt>
      <trkpt lat="41.18895633146167" lon="23.973155189305544">
        <ele>170.49</ele>
      </trkpt>
      <trkpt lat="41.18877410888672" lon="23.97339105606079">
        <ele>169.76</ele>
      </trkpt>
      <trkpt lat="41.18866682052612" lon="23.973541259765625">
        <ele>169.03</ele>
      </trkpt>
      <trkpt lat="41.18847361765802" lon="23.97380243986845">
        <ele>168.3</ele>
      </trkpt>
      <trkpt lat="41.188280414789915" lon="23.974063619971275">
        <ele>167.61</ele>
      </trkpt>
      <trkpt lat="41.18808721192181" lon="23.9743248000741">
        <ele>166.89</ele>
      </trkpt>
      <trkpt lat="41.18789400905371" lon="23.974585980176926">
        <ele>166.18</ele>
      </trkpt>
      <trkpt lat="41.187700890004635" lon="23.97484716027975">
        <ele>165.5</ele>
      </trkpt>
      <trkpt lat="41.18750819005072" lon="23.975107669830322">
        <ele>164.78</ele>
      </trkpt>
      <trkpt lat="41.187368631362915" lon="23.975290060043335">
        <ele>164.09</ele>
      </trkpt>
      <trkpt lat="41.18722924031317" lon="23.975472450256348">
        <ele>163.39</ele>
      </trkpt>
      <trkpt lat="41.18701457977295" lon="23.97575500421226">
        <ele>162.73</ele>
      </trkpt>
      <trkpt lat="41.186799919232726" lon="23.976037641987205">
        <ele>162.07</ele>
      </trkpt>
      <trkpt lat="41.1865852586925" lon="23.97632027976215">
        <ele>161.35</ele>
      </trkpt>
      <trkpt lat="41.18637059815228" lon="23.976602917537093">
        <ele>160.66</ele>
      </trkpt>
      <trkpt lat="41.18615593761206" lon="23.976885555312037">
        <ele>160.04</ele>
      </trkpt>
      <trkpt lat="41.185941779986024" lon="23.97716760635376">
        <ele>159.42</ele>
      </trkpt>
      <trkpt lat="41.18594169616699" lon="23.97716760635376">
        <ele>158.84</ele>
      </trkpt>
      <trkpt lat="41.18573893792927" lon="23.977439515292645">
        <ele>158.26</ele>
      </trkpt>
      <trkpt lat="41.18553617969155" lon="23.97771142423153">
        <ele>157.72</ele>
      </trkpt>
      <trkpt lat="41.185333505272865" lon="23.977983333170414">
        <ele>157.21</ele>
      </trkpt>
      <trkpt lat="41.185130747035146" lon="23.9782552421093">
        <ele>156.71</ele>
      </trkpt>
      <trkpt lat="41.184927988797426" lon="23.978527151048183">
        <ele>156.21</ele>
      </trkpt>
      <trkpt lat="41.18472531437874" lon="23.978799059987068">
        <ele>155.69</ele>
      </trkpt>
      <trkpt lat="41.18452255614102" lon="23.979070968925953">
        <ele>155.21</ele>
      </trkpt>
      <trkpt lat="41.1843197979033" lon="23.979342877864838">
        <ele>154.81</ele>
      </trkpt>
      <trkpt lat="41.1841178778559" lon="23.979613780975342">
        <ele>154.43</ele>
      </trkpt>
      <trkpt lat="41.184117794036865" lon="23.979613780975342">
        <ele>154.08</ele>
      </trkpt>
      <trkpt lat="41.18397823534906" lon="23.979806983843446">
        <ele>153.77</ele>
      </trkpt>
      <trkpt lat="41.183838844299316" lon="23.980000019073486">
        <ele>153.49</ele>
      </trkpt>
      <trkpt lat="41.183618903160095" lon="23.980246782302856">
        <ele>153.21</ele>
      </trkpt>
      <trkpt lat="41.183398962020874" lon="23.980493545532227">
        <ele>152.94</ele>
      </trkpt>
      <trkpt lat="41.18317902088165" lon="23.980740308761597">
        <ele>152.77</ele>
      </trkpt>
      <trkpt lat="41.18295916356146" lon="23.980987071990967">
        <ele>152.59</ele>
      </trkpt>
      <trkpt lat="41.182794542983174" lon="23.981201648712158">
        <ele>152.48</ele>
      </trkpt>
      <trkpt lat="41.18263000622392" lon="23.98141630925238">
        <ele>152.38</ele>
      </trkpt>
      <trkpt lat="41.18246563710272" lon="23.98163080215454">
        <ele>152.33</ele>
      </trkpt>
      <trkpt lat="41.18231534957886" lon="23.981823921203613">
        <ele>152.33</ele>
      </trkpt>
      <trkpt lat="41.18225106038153" lon="23.98188829421997">
        <ele>152.36</ele>
      </trkpt>
      <trkpt lat="41.182079231366515" lon="23.982124412432313">
        <ele>152.43</ele>
      </trkpt>
      <trkpt lat="41.181907653808594" lon="23.982360363006592">
        <ele>152.52</ele>
      </trkpt>
      <trkpt lat="41.18173590861261" lon="23.982585668563843">
        <ele>152.65</ele>
      </trkpt>
      <trkpt lat="41.18156433105469" lon="23.982810974121094">
        <ele>152.78</ele>
      </trkpt>
      <trkpt lat="41.18141395971179" lon="23.983075842261314">
        <ele>152.97</ele>
      </trkpt>
      <trkpt lat="41.18126358836889" lon="23.983340710401535">
        <ele>153.19</ele>
      </trkpt>
      <trkpt lat="41.181113719940186" lon="23.983604907989502">
        <ele>153.46</ele>
      </trkpt>
      <trkpt lat="41.180963264778256" lon="23.983937921002507">
        <ele>153.75</ele>
      </trkpt>
      <trkpt lat="41.18081331253052" lon="23.984270095825195">
        <ele>154.1</ele>
      </trkpt>
      <trkpt lat="41.180759500712156" lon="23.984474278986454">
        <ele>154.45</ele>
      </trkpt>
      <trkpt lat="41.18070602416992" lon="23.98467779159546">
        <ele>154.85</ele>
      </trkpt>
      <trkpt lat="41.180641734972596" lon="23.984849452972412">
        <ele>155.25</ele>
      </trkpt>
      <trkpt lat="41.18057006970048" lon="23.985157571732998">
        <ele>155.65</ele>
      </trkpt>
      <trkpt lat="41.18049840442836" lon="23.985465774312615">
        <ele>156.06</ele>
      </trkpt>
      <trkpt lat="41.180427158251405" lon="23.985772132873535">
        <ele>156.52</ele>
      </trkpt>
      <trkpt lat="41.1803840752691" lon="23.986062398180366">
        <ele>156.99</ele>
      </trkpt>
      <trkpt lat="41.18034132756293" lon="23.986351490020752">
        <ele>157.5</ele>
      </trkpt>
      <trkpt lat="41.18027695454657" lon="23.986694812774658">
        <ele>158.05</ele>
      </trkpt>
      <trkpt lat="41.180219538509846" lon="23.986981473863125">
        <ele>158.62</ele>
      </trkpt>
      <trkpt lat="41.18016220629215" lon="23.98726813495159">
        <ele>159.21</ele>
      </trkpt>
      <trkpt lat="41.18010529316962" lon="23.987553119659424">
        <ele>159.8</ele>
      </trkpt>
      <trkpt lat="41.180062210187316" lon="23.987789573147893">
        <ele>160.4</ele>
      </trkpt>
      <trkpt lat="41.18001946248114" lon="23.988025188446045">
        <ele>160.99</ele>
      </trkpt>
      <trkpt lat="41.179962046444416" lon="23.98835484869778">
        <ele>161.56</ele>
      </trkpt>
      <trkpt lat="41.17990471422672" lon="23.98868459276855">
        <ele>162.16</ele>
      </trkpt>
      <trkpt lat="41.17984780110419" lon="23.989012241363525">
        <ele>162.76</ele>
      </trkpt>
      <trkpt lat="41.17978342808783" lon="23.98939847946167">
        <ele>163.4</ele>
      </trkpt>
      <trkpt lat="41.17972961626947" lon="23.9896887447685">
        <ele>164.01</ele>
      </trkpt>
      <trkpt lat="41.179676139727235" lon="23.989977836608887">
        <ele>164.6</ele>
      </trkpt>
      <trkpt lat="41.179600870236754" lon="23.990348735824227">
        <ele>165.23</ele>
      </trkpt>
      <trkpt lat="41.179525600746274" lon="23.990719635039568">
        <ele>165.89</ele>
      </trkpt>
      <trkpt lat="41.179450331255794" lon="23.99109053425491">
        <ele>166.52</ele>
      </trkpt>
      <trkpt lat="41.17937573231757" lon="23.991458415985107">
        <ele>167.17</ele>
      </trkpt>
      <trkpt lat="41.179305827245116" lon="23.991850772872567">
        <ele>167.79</ele>
      </trkpt>
      <trkpt lat="41.179235922172666" lon="23.99224321357906">
        <ele>168.4</ele>
      </trkpt>
      <trkpt lat="41.179166017100215" lon="23.99263565428555">
        <ele>169.0</ele>
      </trkpt>
      <trkpt lat="41.17909678258002" lon="23.993024826049805">
        <ele>169.63</ele>
      </trkpt>
      <trkpt lat="41.17902503348887" lon="23.99333294481039">
        <ele>170.25</ele>
      </trkpt>
      <trkpt lat="41.17895336821675" lon="23.993641147390008">
        <ele>170.85</ele>
      </trkpt>
      <trkpt lat="41.178882122039795" lon="23.993947505950928">
        <ele>171.42</ele>
      </trkpt>
      <trkpt lat="41.17888220585883" lon="23.993947505950928">
        <ele>171.99</ele>
      </trkpt>
      <trkpt lat="41.17880844511092" lon="23.994339108467102">
        <ele>172.57</ele>
      </trkpt>
      <trkpt lat="41.17873476818204" lon="23.994730794802308">
        <ele>173.16</ele>
      </trkpt>
      <trkpt lat="41.17866100743413" lon="23.995122397318482">
        <ele>173.76</ele>
      </trkpt>
      <trkpt lat="41.17858733050525" lon="23.99551408365369">
        <ele>174.28</ele>
      </trkpt>
      <trkpt lat="41.17851356975734" lon="23.995905686169863">
        <ele>174.77</ele>
      </trkpt>
      <trkpt lat="41.178439892828465" lon="23.99629737250507">
        <ele>175.27</ele>
      </trkpt>
      <trkpt lat="41.178366132080555" lon="23.996689058840275">
        <ele>175.8</ele>
      </trkpt>
      <trkpt lat="41.17829245515168" lon="23.99708066135645">
        <ele>176.26</ele>
      </trkpt>
      <trkpt lat="41.1782187782228" lon="23.997472347691655">
        <ele>176.75</ele>
      </trkpt>
      <trkpt lat="41.17814501747489" lon="23.99786395020783">
        <ele>177.24</ele>
      </trkpt>
      <trkpt lat="41.17807134054601" lon="23.998255636543036">
        <ele>177.71</ele>
      </trkpt>
      <trkpt lat="41.1779975797981" lon="23.99864723905921">
        <ele>178.12</ele>
      </trkpt>
      <trkpt lat="41.177923902869225" lon="23.999038925394416">
        <ele>178.51</ele>
      </trkpt>
      <trkpt lat="41.17785223759711" lon="23.99941921234131">
        <ele>178.87</ele>
      </trkpt>
      <trkpt lat="41.17779842577875" lon="23.99970947764814">
        <ele>179.22</ele>
      </trkpt>
      <trkpt lat="41.17774494923651" lon="23.999998569488525">
        <ele>179.58</ele>
      </trkpt>
      <trkpt lat="41.17766607552767" lon="24.000385561957955">
        <ele>180.06</ele>
      </trkpt>
      <trkpt lat="41.177587201818824" lon="24.000772554427385">
        <ele>180.36</ele>
      </trkpt>
      <trkpt lat="41.1775089148432" lon="24.00115728378296">
        <ele>180.63</ele>
      </trkpt>
      <trkpt lat="41.17748745717108" lon="24.00135040283203">
        <ele>180.89</ele>
      </trkpt>
      <trkpt lat="41.17744437418878" lon="24.00156539864838">
        <ele>181.14</ele>
      </trkpt>
      <trkpt lat="41.177401626482606" lon="24.001779556274414">
        <ele>181.36</ele>
      </trkpt>
      <trkpt lat="41.17738016881049" lon="24.00188684463501">
        <ele>181.56</ele>
      </trkpt>
      <trkpt lat="41.177326356992126" lon="24.00213402695954">
        <ele>181.73</ele>
      </trkpt>
      <trkpt lat="41.17727288044989" lon="24.00238037109375">
        <ele>181.87</ele>
      </trkpt>
      <trkpt lat="41.17722996510565" lon="24.00261640548706">
        <ele>182.02</ele>
      </trkpt>
      <trkpt lat="41.17717078886926" lon="24.00292276404798">
        <ele>182.17</ele>
      </trkpt>
      <trkpt lat="41.1771116964519" lon="24.003229206427932">
        <ele>182.3</ele>
      </trkpt>
      <trkpt lat="41.17705252021551" lon="24.00353556498885">
        <ele>182.37</ele>
      </trkpt>
      <trkpt lat="41.17699393071234" lon="24.00383949279785">
        <ele>182.45</ele>
      </trkpt>
      <trkpt lat="41.176908100023866" lon="24.004204273223877">
        <ele>182.52</ele>
      </trkpt>
      <trkpt lat="41.17684087716043" lon="24.004569808021188">
        <ele>182.51</ele>
      </trkpt>
      <trkpt lat="41.176773654296994" lon="24.0049353428185">
        <ele>182.48</ele>
      </trkpt>
      <trkpt lat="41.17670651525259" lon="24.00530087761581">
        <ele>182.45</ele>
      </trkpt>
      <trkpt lat="41.176639292389154" lon="24.00566641241312">
        <ele>182.38</ele>
      </trkpt>
      <trkpt lat="41.17657206952572" lon="24.00603194721043">
        <ele>182.32</ele>
      </trkpt>
      <trkpt lat="41.176504930481315" lon="24.006397482007742">
        <ele>182.27</ele>
      </trkpt>
      <trkpt lat="41.17643770761788" lon="24.006763016805053">
        <ele>182.18</ele>
      </trkpt>
      <trkpt lat="41.17637165822089" lon="24.00712251663208">
        <ele>182.03</ele>
      </trkpt>
      <trkpt lat="41.17631424218416" lon="24.007437843829393">
        <ele>181.91</ele>
      </trkpt>
      <trkpt lat="41.17625690996647" lon="24.007753171026707">
        <ele>181.76</ele>
      </trkpt>
      <trkpt lat="41.176199996843934" lon="24.008066654205322">
        <ele>181.61</ele>
      </trkpt>
      <trkpt lat="41.17613562382758" lon="24.008324146270752">
        <ele>181.48</ele>
      </trkpt>
      <trkpt lat="41.17607125081122" lon="24.00862455368042">
        <ele>181.38</ele>
      </trkpt>
      <trkpt lat="41.1760497931391" lon="24.008753299713135">
        <ele>181.23</ele>
      </trkpt>
      <trkpt lat="41.17597661912441" lon="24.009140292182565">
        <ele>181.06</ele>
      </trkpt>
      <trkpt lat="41.17590352892876" lon="24.009527368471026">
        <ele>180.85</ele>
      </trkpt>
      <trkpt lat="41.1758304387331" lon="24.009914360940456">
        <ele>180.63</ele>
      </trkpt>
      <trkpt lat="41.175757348537445" lon="24.010301437228918">
        <ele>180.4</ele>
      </trkpt>
      <trkpt lat="41.175685012713075" lon="24.010684490203857">
        <ele>180.15</ele>
      </trkpt>
      <trkpt lat="41.175620472058654" lon="24.010985484346747">
        <ele>179.86</ele>
      </trkpt>
      <trkpt lat="41.17555626668036" lon="24.011285305023193">
        <ele>179.57</ele>
      </trkpt>
      <trkpt lat="41.17548451758921" lon="24.0116579644382">
        <ele>179.28</ele>
      </trkpt>
      <trkpt lat="41.175412852317095" lon="24.012030623853207">
        <ele>178.93</ele>
      </trkpt>
      <trkpt lat="41.17534168995917" lon="24.01240110397339">
        <ele>178.57</ele>
      </trkpt>
      <trkpt lat="41.17526097223163" lon="24.012804189696908">
        <ele>178.21</ele>
      </trkpt>
      <trkpt lat="41.175180338323116" lon="24.01320735923946">
        <ele>177.84</ele>
      </trkpt>
      <trkpt lat="41.175099704414606" lon="24.01361052878201">
        <ele>177.5</ele>
      </trkpt>
      <trkpt lat="41.17501974105835" lon="24.014010429382324">
        <ele>177.08</ele>
      </trkpt>
      <trkpt lat="41.17501982487738" lon="24.014010429382324">
        <ele>176.67</ele>
      </trkpt>
      <trkpt lat="41.1749445553869" lon="24.014388788491488">
        <ele>176.24</ele>
      </trkpt>
      <trkpt lat="41.17486928589642" lon="24.014767231419683">
        <ele>175.8</ele>
      </trkpt>
      <trkpt lat="41.17479401640594" lon="24.015145674347878">
        <ele>175.34</ele>
      </trkpt>
      <trkpt lat="41.17471874691546" lon="24.015524117276073">
        <ele>174.87</ele>
      </trkpt>
      <trkpt lat="41.17464356124401" lon="24.015902560204268">
        <ele>174.36</ele>
      </trkpt>
      <trkpt lat="41.17456829175353" lon="24.016281003132463">
        <ele>173.86</ele>
      </trkpt>
      <trkpt lat="41.17449302226305" lon="24.016659446060658">
        <ele>173.35</ele>
      </trkpt>
      <trkpt lat="41.17441775277257" lon="24.01703780516982">
        <ele>172.83</ele>
      </trkpt>
      <trkpt lat="41.17434256710112" lon="24.017416248098016">
        <ele>172.29</ele>
      </trkpt>
      <trkpt lat="41.17426880635321" lon="24.017786979675293">
        <ele>171.74</ele>
      </trkpt>
      <trkpt lat="41.174198146909475" lon="24.018146311864257">
        <ele>171.2</ele>
      </trkpt>
      <trkpt lat="41.17412748746574" lon="24.018505727872252">
        <ele>170.6</ele>
      </trkpt>
      <trkpt lat="41.174056828022" lon="24.018865060061216">
        <ele>170.02</ele>
      </trkpt>
      <trkpt lat="41.17398616857827" lon="24.019224476069212">
        <ele>169.41</ele>
      </trkpt>
      <trkpt lat="41.17391550913453" lon="24.019583892077208">
        <ele>168.83</ele>
      </trkpt>
      <trkpt lat="41.17384493350983" lon="24.01994322426617">
        <ele>168.2</ele>
      </trkpt>
      <trkpt lat="41.17377527989447" lon="24.020297527313232">
        <ele>167.52</ele>
      </trkpt>
      <trkpt lat="41.173695819452405" lon="24.020676221698523">
        <ele>166.83</ele>
      </trkpt>
      <trkpt lat="41.17361644282937" lon="24.021054999902844">
        <ele>166.14</ele>
      </trkpt>
      <trkpt lat="41.173537066206336" lon="24.021433778107166">
        <ele>165.47</ele>
      </trkpt>
      <trkpt lat="41.1734576895833" lon="24.021812472492456">
        <ele>164.84</ele>
      </trkpt>
      <trkpt lat="41.17337831296027" lon="24.02219125069678">
        <ele>164.13</ele>
      </trkpt>
      <trkpt lat="41.17329893633723" lon="24.0225700289011">
        <ele>163.31</ele>
      </trkpt>
      <trkpt lat="41.1732195597142" lon="24.022948807105422">
        <ele>162.62</ele>
      </trkpt>
      <trkpt lat="41.17314009927213" lon="24.023327501490712">
        <ele>162.01</ele>
      </trkpt>
      <trkpt lat="41.1730607226491" lon="24.023706279695034">
        <ele>161.32</ele>
      </trkpt>
      <trkpt lat="41.17298134602606" lon="24.024085057899356">
        <ele>160.61</ele>
      </trkpt>
      <trkpt lat="41.17290196940303" lon="24.024463752284646">
        <ele>159.95</ele>
      </trkpt>
      <trkpt lat="41.172822592779994" lon="24.024842530488968">
        <ele>159.24</ele>
      </trkpt>
      <trkpt lat="41.17274522781372" lon="24.025211334228516">
        <ele>158.53</ele>
      </trkpt>
      <trkpt lat="41.17274531163275" lon="24.025211334228516">
        <ele>157.84</ele>
      </trkpt>
      <trkpt lat="41.17266643792391" lon="24.02560788206756">
        <ele>157.14</ele>
      </trkpt>
      <trkpt lat="41.172587564215064" lon="24.026004429906607">
        <ele>156.41</ele>
      </trkpt>
      <trkpt lat="41.17250877432525" lon="24.026401061564684">
        <ele>155.69</ele>
      </trkpt>
      <trkpt lat="41.17242990061641" lon="24.02679760940373">
        <ele>154.98</ele>
      </trkpt>
      <trkpt lat="41.172351110726595" lon="24.027194241061807">
        <ele>154.24</ele>
      </trkpt>
      <trkpt lat="41.17227223701775" lon="24.027590788900852">
        <ele>153.5</ele>
      </trkpt>
      <trkpt lat="41.17219344712794" lon="24.02798742055893">
        <ele>152.77</ele>
      </trkpt>
      <trkpt lat="41.172114573419094" lon="24.028383968397975">
        <ele>152.08</ele>
      </trkpt>
      <trkpt lat="41.17203720845282" lon="24.028773307800293">
        <ele>151.41</ele>
      </trkpt>
      <trkpt lat="41.1720157507807" lon="24.028902053833008">
        <ele>150.76</ele>
      </trkpt>
      <trkpt lat="41.17193553596735" lon="24.029297847300768">
        <ele>150.08</ele>
      </trkpt>
      <trkpt lat="41.17185540497303" lon="24.029693640768528">
        <ele>149.41</ele>
      </trkpt>
      <trkpt lat="41.17177527397871" lon="24.03008951805532">
        <ele>148.71</ele>
      </trkpt>
      <trkpt lat="41.17169514298439" lon="24.03048531152308">
        <ele>148.02</ele>
      </trkpt>
      <trkpt lat="41.17161501199007" lon="24.03088118880987">
        <ele>147.36</ele>
      </trkpt>
      <trkpt lat="41.17153488099575" lon="24.03127698227763">
        <ele>146.74</ele>
      </trkpt>
      <trkpt lat="41.17145475000143" lon="24.031672859564424">
        <ele>146.1</ele>
      </trkpt>
      <trkpt lat="41.17137461900711" lon="24.032068653032184">
        <ele>145.42</ele>
      </trkpt>
      <trkpt lat="41.17129448801279" lon="24.032464530318975">
        <ele>144.75</ele>
      </trkpt>
      <trkpt lat="41.17121435701847" lon="24.032860323786736">
        <ele>144.13</ele>
      </trkpt>
      <trkpt lat="41.17113422602415" lon="24.033256201073527">
        <ele>143.51</ele>
      </trkpt>
      <trkpt lat="41.17105409502983" lon="24.033651994541287">
        <ele>142.91</ele>
      </trkpt>
      <trkpt lat="41.17097396403551" lon="24.03404787182808">
        <ele>142.24</ele>
      </trkpt>
      <trkpt lat="41.17089383304119" lon="24.03444366529584">
        <ele>141.6</ele>
      </trkpt>
      <trkpt lat="41.17081370204687" lon="24.0348394587636">
        <ele>140.97</ele>
      </trkpt>
      <trkpt lat="41.17073357105255" lon="24.03523533605039">
        <ele>140.34</ele>
      </trkpt>
      <trkpt lat="41.17065344005823" lon="24.03563112951815">
        <ele>139.76</ele>
      </trkpt>
      <trkpt lat="41.17057330906391" lon="24.036027006804943">
        <ele>139.18</ele>
      </trkpt>
      <trkpt lat="41.17049317806959" lon="24.036422800272703">
        <ele>138.6</ele>
      </trkpt>
      <trkpt lat="41.17041304707527" lon="24.036818593740463">
        <ele>138.04</ele>
      </trkpt>
      <trkpt lat="41.17033291608095" lon="24.037214471027255">
        <ele>137.47</ele>
      </trkpt>
      <trkpt lat="41.1702561378479" lon="24.03759241104126">
        <ele>136.87</ele>
      </trkpt>
      <trkpt lat="41.17025622166693" lon="24.03759241104126">
        <ele>136.33</ele>
      </trkpt>
      <trkpt lat="41.17017734795809" lon="24.037986528128386">
        <ele>135.78</ele>
      </trkpt>
      <trkpt lat="41.170098474249244" lon="24.038380729034543">
        <ele>135.27</ele>
      </trkpt>
      <trkpt lat="41.1700196005404" lon="24.0387749299407">
        <ele>134.72</ele>
      </trkpt>
      <trkpt lat="41.16994081065059" lon="24.039169130846858">
        <ele>134.1</ele>
      </trkpt>
      <trkpt lat="41.16986193694174" lon="24.039563331753016">
        <ele>133.59</ele>
      </trkpt>
      <trkpt lat="41.16978406906128" lon="24.039952754974365">
        <ele>133.05</ele>
      </trkpt>
      <trkpt lat="41.169719779863954" lon="24.040274620056152">
        <ele>132.54</ele>
      </trkpt>
      <trkpt lat="41.16964451037347" lon="24.040629342198372">
        <ele>132.05</ele>
      </trkpt>
      <trkpt lat="41.16956957615912" lon="24.040982723236084">
        <ele>131.54</ele>
      </trkpt>
      <trkpt lat="41.169490702450275" lon="24.041384048759937">
        <ele>131.0</ele>
      </trkpt>
      <trkpt lat="41.16941182874143" lon="24.04178537428379">
        <ele>130.46</ele>
      </trkpt>
      <trkpt lat="41.16933354176581" lon="24.042184352874756">
        <ele>129.92</ele>
      </trkpt>
      <trkpt lat="41.16931208409369" lon="24.042248725891113">
        <ele>129.43</ele>
      </trkpt>
      <trkpt lat="41.16923145018518" lon="24.042635718360543">
        <ele>128.96</ele>
      </trkpt>
      <trkpt lat="41.16915081627667" lon="24.043022710829973">
        <ele>128.47</ele>
      </trkpt>
      <trkpt lat="41.16907018236816" lon="24.043409787118435">
        <ele>127.97</ele>
      </trkpt>
      <trkpt lat="41.1689902190119" lon="24.04379367828369">
        <ele>127.48</ele>
      </trkpt>
      <trkpt lat="41.168925845995545" lon="24.044201374053955">
        <ele>127.0</ele>
      </trkpt>
      <trkpt lat="41.168904388323426" lon="24.04428720474243">
        <ele>126.51</ele>
      </trkpt>
      <trkpt lat="41.16884001530707" lon="24.044651985168457">
        <ele>126.02</ele>
      </trkpt>
      <trkpt lat="41.16878620348871" lon="24.044909980148077">
        <ele>125.51</ele>
      </trkpt>
      <trkpt lat="41.16873264312744" lon="24.045166969299316">
        <ele>125.04</ele>
      </trkpt>
      <trkpt lat="41.168661983683705" lon="24.04551708139479">
        <ele>124.57</ele>
      </trkpt>
      <trkpt lat="41.16859132423997" lon="24.0458672773093">
        <ele>124.08</ele>
      </trkpt>
      <trkpt lat="41.16852066479623" lon="24.046217473223805">
        <ele>123.58</ele>
      </trkpt>
      <trkpt lat="41.16845008917153" lon="24.04656758531928">
        <ele>123.09</ele>
      </trkpt>
      <trkpt lat="41.16837942972779" lon="24.046917781233788">
        <ele>122.61</ele>
      </trkpt>
      <trkpt lat="41.16830877028406" lon="24.047267977148294">
        <ele>122.14</ele>
      </trkpt>
      <trkpt lat="41.16823920048773" lon="24.0476131439209">
        <ele>121.67</ele>
      </trkpt>
      <trkpt lat="41.168168541044" lon="24.047963256016374">
        <ele>121.2</ele>
      </trkpt>
      <trkpt lat="41.16809788160026" lon="24.04831345193088">
        <ele>120.71</ele>
      </trkpt>
      <trkpt lat="41.168027222156525" lon="24.048663647845387">
        <ele>120.24</ele>
      </trkpt>
      <trkpt lat="41.16795656271279" lon="24.049013759940863">
        <ele>119.85</ele>
      </trkpt>
      <trkpt lat="41.16788590326905" lon="24.04936395585537">
        <ele>119.44</ele>
      </trkpt>
      <trkpt lat="41.16781532764435" lon="24.049714067950845">
        <ele>119.03</ele>
      </trkpt>
      <trkpt lat="41.16774567402899" lon="24.05005931854248">
        <ele>118.66</ele>
      </trkpt>
      <trkpt lat="41.16772421635687" lon="24.05010223388672">
        <ele>118.28</ele>
      </trkpt>
      <trkpt lat="41.16764886304736" lon="24.050467684864998">
        <ele>117.91</ele>
      </trkpt>
      <trkpt lat="41.16757392883301" lon="24.05083179473877">
        <ele>117.54</ele>
      </trkpt>
      <trkpt lat="41.16757401265204" lon="24.05083179473877">
        <ele>117.19</ele>
      </trkpt>
      <trkpt lat="41.16750947199762" lon="24.051182996481657">
        <ele>116.82</ele>
      </trkpt>
      <trkpt lat="41.1674449313432" lon="24.051534198224545">
        <ele>116.48</ele>
      </trkpt>
      <trkpt lat="41.16738089360297" lon="24.051883220672607">
        <ele>116.15</ele>
      </trkpt>
      <trkpt lat="41.16731023415923" lon="24.052236434072256">
        <ele>115.82</ele>
      </trkpt>
      <trkpt lat="41.167239574715495" lon="24.052589647471905">
        <ele>115.56</ele>
      </trkpt>
      <trkpt lat="41.16716891527176" lon="24.052942944690585">
        <ele>115.29</ele>
      </trkpt>
      <trkpt lat="41.16709825582802" lon="24.053296158090234">
        <ele>115.01</ele>
      </trkpt>
      <trkpt lat="41.16702759638429" lon="24.053649371489882">
        <ele>114.74</ele>
      </trkpt>
      <trkpt lat="41.16695693694055" lon="24.05400258488953">
        <ele>114.51</ele>
      </trkpt>
      <trkpt lat="41.166887283325195" lon="24.05435085296631">
        <ele>114.27</ele>
      </trkpt>
      <trkpt lat="41.166812013834715" lon="24.05473784543574">
        <ele>114.01</ele>
      </trkpt>
      <trkpt lat="41.16673716343939" lon="24.055123329162598">
        <ele>113.8</ele>
      </trkpt>
      <trkpt lat="41.166715705767274" lon="24.05527353286743">
        <ele>113.63</ele>
      </trkpt>
      <trkpt lat="41.166672790423036" lon="24.055423736572266">
        <ele>113.46</ele>
      </trkpt>
      <trkpt lat="41.16659743711352" lon="24.055767729878426">
        <ele>113.31</ele>
      </trkpt>
      <trkpt lat="41.16652216762304" lon="24.056111723184586">
        <ele>113.15</ele>
      </trkpt>
      <trkpt lat="41.16644689813256" lon="24.056455716490746">
        <ele>113.03</ele>
      </trkpt>
      <trkpt lat="41.166372299194336" lon="24.05679702758789">
        <ele>112.91</ele>
      </trkpt>
      <trkpt lat="41.16637238301337" lon="24.05679702758789">
        <ele>112.82</ele>
      </trkpt>
      <trkpt lat="41.1662997957319" lon="24.057165244594216">
        <ele>112.79</ele>
      </trkpt>
      <trkpt lat="41.16622720845044" lon="24.057533461600542">
        <ele>112.74</ele>
      </trkpt>
      <trkpt lat="41.16615462116897" lon="24.057901678606868">
        <ele>112.65</ele>
      </trkpt>
      <trkpt lat="41.16608211770654" lon="24.058269895613194">
        <ele>112.62</ele>
      </trkpt>
      <trkpt lat="41.16600953042507" lon="24.05863811261952">
        <ele>112.66</ele>
      </trkpt>
      <trkpt lat="41.165936943143606" lon="24.059006329625845">
        <ele>112.7</ele>
      </trkpt>
      <trkpt lat="41.16586435586214" lon="24.05937454663217">
        <ele>112.72</ele>
      </trkpt>
      <trkpt lat="41.16579302586615" lon="24.059736728668213">
        <ele>112.73</ele>
      </trkpt>
      <trkpt lat="41.16572848521173" lon="24.060064628720284">
        <ele>112.75</ele>
      </trkpt>
      <trkpt lat="41.16566394455731" lon="24.060392528772354">
        <ele>112.82</ele>
      </trkpt>
      <trkpt lat="41.16559948772192" lon="24.060720428824425">
        <ele>112.93</ele>
      </trkpt>
      <trkpt lat="41.16553553380072" lon="24.06104564666748">
        <ele>113.07</ele>
      </trkpt>
      <trkpt lat="41.16546026431024" lon="24.06138963997364">
        <ele>113.18</ele>
      </trkpt>
      <trkpt lat="41.16538533009589" lon="24.061732292175293">
        <ele>113.27</ele>
      </trkpt>
      <trkpt lat="41.16530645638704" lon="24.062119284644723">
        <ele>113.43</ele>
      </trkpt>
      <trkpt lat="41.1652275826782" lon="24.062506277114153">
        <ele>113.57</ele>
      </trkpt>
      <trkpt lat="41.16514929570258" lon="24.062891006469727">
        <ele>113.77</ele>
      </trkpt>
      <trkpt lat="41.165106212720275" lon="24.063095189630985">
        <ele>113.95</ele>
      </trkpt>
      <trkpt lat="41.1650634650141" lon="24.06329870223999">
        <ele>114.13</ele>
      </trkpt>
      <trkpt lat="41.164995320141315" lon="24.06364269554615">
        <ele>114.36</ele>
      </trkpt>
      <trkpt lat="41.16492725908756" lon="24.06398668885231">
        <ele>114.62</ele>
      </trkpt>
      <trkpt lat="41.16485919803381" lon="24.064330765977502">
        <ele>114.86</ele>
      </trkpt>
      <trkpt lat="41.164791053161025" lon="24.064674759283662">
        <ele>115.1</ele>
      </trkpt>
      <trkpt lat="41.16472299210727" lon="24.065018836408854">
        <ele>115.35</ele>
      </trkpt>
      <trkpt lat="41.164655769243836" lon="24.065358638763428">
        <ele>115.63</ele>
      </trkpt>
      <trkpt lat="41.164580499753356" lon="24.065713360905647">
        <ele>115.95</ele>
      </trkpt>
      <trkpt lat="41.164505230262876" lon="24.0660681668669">
        <ele>116.28</ele>
      </trkpt>
      <trkpt lat="41.164429960772395" lon="24.066422889009118">
        <ele>116.58</ele>
      </trkpt>
      <trkpt lat="41.164354691281915" lon="24.06677769497037">
        <ele>116.9</ele>
      </trkpt>
      <trkpt lat="41.164279505610466" lon="24.06713241711259">
        <ele>117.18</ele>
      </trkpt>
      <trkpt lat="41.164205158129334" lon="24.067482948303223">
        <ele>117.52</ele>
      </trkpt>
      <trkpt lat="41.16413198411465" lon="24.067835491150618">
        <ele>117.83</ele>
      </trkpt>
      <trkpt lat="41.16405889391899" lon="24.068188117817044">
        <ele>118.12</ele>
      </trkpt>
      <trkpt lat="41.1639857199043" lon="24.06854074448347">
        <ele>118.41</ele>
      </trkpt>
      <trkpt lat="41.16391262970865" lon="24.068893371149898">
        <ele>118.74</ele>
      </trkpt>
      <trkpt lat="41.16384029388428" lon="24.069242477416992">
        <ele>119.11</ele>
      </trkpt>
      <trkpt lat="41.16375429555774" lon="24.06958638690412">
        <ele>119.47</ele>
      </trkpt>
      <trkpt lat="41.163668716326356" lon="24.069929122924805">
        <ele>119.8</ele>
      </trkpt>
      <trkpt lat="41.163614904507995" lon="24.070144034922123">
        <ele>120.15</ele>
      </trkpt>
      <trkpt lat="41.16356142796576" lon="24.070358276367188">
        <ele>120.5</ele>
      </trkpt>
      <trkpt lat="41.16348967887461" lon="24.07073814421892">
        <ele>120.84</ele>
      </trkpt>
      <trkpt lat="41.163418013602495" lon="24.071118012070656">
        <ele>121.19</ele>
      </trkpt>
      <trkpt lat="41.16334685124457" lon="24.071495532989502">
        <ele>121.53</ele>
      </trkpt>
      <trkpt lat="41.16330393590033" lon="24.071667194366455">
        <ele>121.86</ele>
      </trkpt>
      <trkpt lat="41.16328247822821" lon="24.07175302505493">
        <ele>122.18</ele>
      </trkpt>
      <trkpt lat="41.16323956288397" lon="24.071989059448242">
        <ele>122.5</ele>
      </trkpt>
      <trkpt lat="41.163178626447916" lon="24.072333052754402">
        <ele>122.8</ele>
      </trkpt>
      <trkpt lat="41.16311769001186" lon="24.072677129879594">
        <ele>123.1</ele>
      </trkpt>
      <trkpt lat="41.1630567535758" lon="24.073021123185754">
        <ele>123.42</ele>
      </trkpt>
      <trkpt lat="41.162995817139745" lon="24.073365200310946">
        <ele>123.74</ele>
      </trkpt>
      <trkpt lat="41.16293488070369" lon="24.073709193617105">
        <ele>124.01</ele>
      </trkpt>
      <trkpt lat="41.162874698638916" lon="24.07404899597168">
        <ele>124.23</ele>
      </trkpt>
      <trkpt lat="41.162804793566465" lon="24.07439835369587">
        <ele>124.49</ele>
      </trkpt>
      <trkpt lat="41.16273497231305" lon="24.07474779523909">
        <ele>124.75</ele>
      </trkpt>
      <trkpt lat="41.162665067240596" lon="24.07509715296328">
        <ele>124.95</ele>
      </trkpt>
      <trkpt lat="41.1625958327204" lon="24.075443744659424">
        <ele>125.17</ele>
      </trkpt>
      <trkpt lat="41.162518383935094" lon="24.07583937048912">
        <ele>125.36</ele>
      </trkpt>
      <trkpt lat="41.16244101896882" lon="24.076234996318817">
        <ele>125.49</ele>
      </trkpt>
      <trkpt lat="41.162363570183516" lon="24.076630622148514">
        <ele>125.7</ele>
      </trkpt>
      <trkpt lat="41.16228620521724" lon="24.07702624797821">
        <ele>125.9</ele>
      </trkpt>
      <trkpt lat="41.162209594622254" lon="24.077417850494385">
        <ele>126.04</ele>
      </trkpt>
      <trkpt lat="41.162135833874345" lon="24.077774081379175">
        <ele>126.14</ele>
      </trkpt>
      <trkpt lat="41.16206215694547" lon="24.078130396082997">
        <ele>126.25</ele>
      </trkpt>
      <trkpt lat="41.16198839619756" lon="24.07848671078682">
        <ele>126.29</ele>
      </trkpt>
      <trkpt lat="41.16191471926868" lon="24.07884302549064">
        <ele>126.37</ele>
      </trkpt>
      <trkpt lat="41.16184095852077" lon="24.079199340194464">
        <ele>126.4</ele>
      </trkpt>
      <trkpt lat="41.16176728159189" lon="24.079555654898286">
        <ele>126.46</ele>
      </trkpt>
      <trkpt lat="41.161694610491395" lon="24.079906940460205">
        <ele>126.46</ele>
      </trkpt>
      <trkpt lat="41.161630069836974" lon="24.080243725329638">
        <ele>126.45</ele>
      </trkpt>
      <trkpt lat="41.16156552918255" lon="24.0805805940181">
        <ele>126.44</ele>
      </trkpt>
      <trkpt lat="41.16150149144232" lon="24.080915451049805">
        <ele>126.45</ele>
      </trkpt>
      <trkpt lat="41.161429742351174" lon="24.081252235919237">
        <ele>126.45</ele>
      </trkpt>
      <trkpt lat="41.16135807707906" lon="24.0815891046077">
        <ele>126.42</ele>
      </trkpt>
      <trkpt lat="41.16128691472113" lon="24.081923961639404">
        <ele>126.37</ele>
      </trkpt>
      <trkpt lat="41.16121809929609" lon="24.08228086307645">
        <ele>126.35</ele>
      </trkpt>
      <trkpt lat="41.161149283871055" lon="24.082637764513493">
        <ele>126.28</ele>
      </trkpt>
      <trkpt lat="41.161080468446016" lon="24.08299474976957">
        <ele>126.27</ele>
      </trkpt>
      <trkpt lat="41.16101165302098" lon="24.083351651206613">
        <ele>126.21</ele>
      </trkpt>
      <trkpt lat="41.160943591967225" lon="24.083704948425293">
        <ele>126.11</ele>
      </trkpt>
      <trkpt lat="41.16087896749377" lon="24.08399512991309">
        <ele>126.01</ele>
      </trkpt>
      <trkpt lat="41.16081476211548" lon="24.08428430557251">
        <ele>125.9</ele>
      </trkpt>
      <trkpt lat="41.16081484593451" lon="24.08428430557251">
        <ele>125.8</ele>
      </trkpt>
      <trkpt lat="41.160734212026" lon="24.08467666245997">
        <ele>125.68</ele>
      </trkpt>
      <trkpt lat="41.16065357811749" lon="24.08506901934743">
        <ele>125.55</ele>
      </trkpt>
      <trkpt lat="41.16057294420898" lon="24.08546146005392">
        <ele>125.35</ele>
      </trkpt>
      <trkpt lat="41.16049298085272" lon="24.085850715637207">
        <ele>125.22</ele>
      </trkpt>
      <trkpt lat="41.16043916903436" lon="24.086087169125676">
        <ele>125.11</ele>
      </trkpt>
      <trkpt lat="41.16038569249213" lon="24.086322784423828">
        <ele>124.99</ele>
      </trkpt>
      <trkpt lat="41.16031042300165" lon="24.086688235402107">
        <ele>124.89</ele>
      </trkpt>
      <trkpt lat="41.16023548878729" lon="24.08705234527588">
        <ele>124.76</ele>
      </trkpt>
      <trkpt lat="41.16019240580499" lon="24.08726734109223">
        <ele>124.61</ele>
      </trkpt>
      <trkpt lat="41.16014965809882" lon="24.08748149871826">
        <ele>124.44</ele>
      </trkpt>
      <trkpt lat="41.160085117444396" lon="24.08781115897">
        <ele>124.25</ele>
      </trkpt>
      <trkpt lat="41.160020576789975" lon="24.088140819221735">
        <ele>124.09</ele>
      </trkpt>
      <trkpt lat="41.159956539049745" lon="24.088468551635742">
        <ele>123.97</ele>
      </trkpt>
      <trkpt lat="41.159891998395324" lon="24.08878027461469">
        <ele>123.83</ele>
      </trkpt>
      <trkpt lat="41.15982779301703" lon="24.089090824127197">
        <ele>123.67</ele>
      </trkpt>
      <trkpt lat="41.15978487767279" lon="24.08926248550415">
        <ele>123.49</ele>
      </trkpt>
      <trkpt lat="41.15970952436328" lon="24.08966020680964">
        <ele>123.32</ele>
      </trkpt>
      <trkpt lat="41.159634590148926" lon="24.09005641937256">
        <ele>123.19</ele>
      </trkpt>
      <trkpt lat="41.15963467396796" lon="24.09005641937256">
        <ele>123.05</ele>
      </trkpt>
      <trkpt lat="41.15956149995327" lon="24.090408962219954">
        <ele>122.94</ele>
      </trkpt>
      <trkpt lat="41.159488409757614" lon="24.09076158888638">
        <ele>122.83</ele>
      </trkpt>
      <trkpt lat="41.15941531956196" lon="24.091114215552807">
        <ele>122.67</ele>
      </trkpt>
      <trkpt lat="41.1593422293663" lon="24.091466842219234">
        <ele>122.47</ele>
      </trkpt>
      <trkpt lat="41.15926989354193" lon="24.091815948486328">
        <ele>122.31</ele>
      </trkpt>
      <trkpt lat="41.15921247750521" lon="24.09210973419249">
        <ele>122.2</ele>
      </trkpt>
      <trkpt lat="41.159155145287514" lon="24.092403603717685">
        <ele>122.11</ele>
      </trkpt>
      <trkpt lat="41.15909814834595" lon="24.092695713043213">
        <ele>121.98</ele>
      </trkpt>
      <trkpt lat="41.15909823216498" lon="24.092695713043213">
        <ele>121.84</ele>
      </trkpt>
      <trkpt lat="41.159018352627754" lon="24.093084214255214">
        <ele>121.67</ele>
      </trkpt>
      <trkpt lat="41.15893847309053" lon="24.093472799286246">
        <ele>121.49</ele>
      </trkpt>
      <trkpt lat="41.158858593553305" lon="24.09386138431728">
        <ele>121.37</ele>
      </trkpt>
      <trkpt lat="41.15877871401608" lon="24.09424996934831">
        <ele>121.24</ele>
      </trkpt>
      <trkpt lat="41.15869891829789" lon="24.094638470560312">
        <ele>121.09</ele>
      </trkpt>
      <trkpt lat="41.15861903876066" lon="24.095027055591345">
        <ele>120.97</ele>
      </trkpt>
      <trkpt lat="41.15853915922344" lon="24.095415640622377">
        <ele>120.89</ele>
      </trkpt>
      <trkpt lat="41.15845927968621" lon="24.09580422565341">
        <ele>120.78</ele>
      </trkpt>
      <trkpt lat="41.15837948396802" lon="24.09619272686541">
        <ele>120.62</ele>
      </trkpt>
      <trkpt lat="41.158299604430795" lon="24.096581311896443">
        <ele>120.49</ele>
      </trkpt>
      <trkpt lat="41.15821972489357" lon="24.096969896927476">
        <ele>120.32</ele>
      </trkpt>
      <trkpt lat="41.158139845356345" lon="24.097358398139477">
        <ele>120.18</ele>
      </trkpt>
      <trkpt lat="41.15806004963815" lon="24.09774698317051">
        <ele>120.03</ele>
      </trkpt>
      <trkpt lat="41.15798234939575" lon="24.098124504089355">
        <ele>119.95</ele>
      </trkpt>
      <trkpt lat="41.1579021345824" lon="24.098491966724396">
        <ele>119.84</ele>
      </trkpt>
      <trkpt lat="41.15782200358808" lon="24.098859429359436">
        <ele>119.71</ele>
      </trkpt>
      <trkpt lat="41.15774187259376" lon="24.099226891994476">
        <ele>119.57</ele>
      </trkpt>
      <trkpt lat="41.15766174159944" lon="24.099594354629517">
        <ele>119.42</ele>
      </trkpt>
      <trkpt lat="41.15758161060512" lon="24.099961817264557">
        <ele>119.33</ele>
      </trkpt>
      <trkpt lat="41.1575014796108" lon="24.100329279899597">
        <ele>119.23</ele>
      </trkpt>
      <trkpt lat="41.15742134861648" lon="24.100696742534637">
        <ele>119.11</ele>
      </trkpt>
      <trkpt lat="41.15734121762216" lon="24.101064205169678">
        <ele>118.96</ele>
      </trkpt>
      <trkpt lat="41.15726108662784" lon="24.101431667804718">
        <ele>118.8</ele>
      </trkpt>
      <trkpt lat="41.15718095563352" lon="24.10179913043976">
        <ele>118.73</ele>
      </trkpt>
      <trkpt lat="41.15710258483887" lon="24.102158546447754">
        <ele>118.66</ele>
      </trkpt>
      <trkpt lat="41.157038044184446" lon="24.102362729609013">
        <ele>118.56</ele>
      </trkpt>
      <trkpt lat="41.15697383880615" lon="24.102566242218018">
        <ele>118.44</ele>
      </trkpt>
      <trkpt lat="41.15690954960883" lon="24.102652072906494">
        <ele>118.31</ele>
      </trkpt>
      <trkpt lat="41.15678080357611" lon="24.102673530578613">
        <ele>118.17</ele>
      </trkpt>
      <trkpt lat="41.15671634674072" lon="24.102802276611328">
        <ele>118.03</ele>
      </trkpt>
      <trkpt lat="41.156716430559754" lon="24.102931022644043">
        <ele>117.9</ele>
      </trkpt>
      <trkpt lat="41.15675926208496" lon="24.1029953956604">
        <ele>117.77</ele>
      </trkpt>
      <trkpt lat="41.15678071975708" lon="24.103188514709473">
        <ele>117.65</ele>
      </trkpt>
      <trkpt lat="41.15678071975708" lon="24.103403510525823">
        <ele>117.51</ele>
      </trkpt>
      <trkpt lat="41.15678071975708" lon="24.103617668151855">
        <ele>117.39</ele>
      </trkpt>
      <trkpt lat="41.15678071975708" lon="24.10372495651245">
        <ele>117.25</ele>
      </trkpt>
      <trkpt lat="41.1567054502666" lon="24.104115553200245">
        <ele>117.1</ele>
      </trkpt>
      <trkpt lat="41.15663018077612" lon="24.10450614988804">
        <ele>116.93</ele>
      </trkpt>
      <trkpt lat="41.15655491128564" lon="24.104896746575832">
        <ele>116.75</ele>
      </trkpt>
      <trkpt lat="41.15647964179516" lon="24.105287427082658">
        <ele>116.61</ele>
      </trkpt>
      <trkpt lat="41.15640437230468" lon="24.10567802377045">
        <ele>116.46</ele>
      </trkpt>
      <trkpt lat="41.15633010864258" lon="24.106063842773438">
        <ele>116.33</ele>
      </trkpt>
      <trkpt lat="41.15633019246161" lon="24.106063842773438">
        <ele>116.18</ele>
      </trkpt>
      <trkpt lat="41.1562495585531" lon="24.106434658169746">
        <ele>116.03</ele>
      </trkpt>
      <trkpt lat="41.15616892464459" lon="24.106805557385087">
        <ele>115.85</ele>
      </trkpt>
      <trkpt lat="41.15608829073608" lon="24.107176456600428">
        <ele>115.68</ele>
      </trkpt>
      <trkpt lat="41.15600832737982" lon="24.107544422149658">
        <ele>115.53</ele>
      </trkpt>
      <trkpt lat="41.155936578288674" lon="24.107909873127937">
        <ele>115.39</ele>
      </trkpt>
      <trkpt lat="41.15586491301656" lon="24.108275407925248">
        <ele>115.2</ele>
      </trkpt>
      <trkpt lat="41.15579375065863" lon="24.108638763427734">
        <ele>115.01</ele>
      </trkpt>
      <trkpt lat="41.15577220916748" lon="24.10872459411621">
        <ele>114.83</ele>
      </trkpt>
      <trkpt lat="41.15577229298651" lon="24.10872459411621">
        <ele>114.66</ele>
      </trkpt>
      <trkpt lat="41.15571848116815" lon="24.10897177644074">
        <ele>114.46</ele>
      </trkpt>
      <trkpt lat="41.15566500462592" lon="24.10921812057495">
        <ele>114.28</ele>
      </trkpt>
      <trkpt lat="41.15558613091707" lon="24.10957284271717">
        <ele>114.13</ele>
      </trkpt>
      <trkpt lat="41.15550725720823" lon="24.10992756485939">
        <ele>113.94</ele>
      </trkpt>
      <trkpt lat="41.155428383499384" lon="24.11028237082064">
        <ele>113.78</ele>
      </trkpt>
      <trkpt lat="41.15534959360957" lon="24.11063709296286">
        <ele>113.64</ele>
      </trkpt>
      <trkpt lat="41.15527071990073" lon="24.110991898924112">
        <ele>113.5</ele>
      </trkpt>
      <trkpt lat="41.155192852020264" lon="24.111342430114746">
        <ele>113.32</ele>
      </trkpt>
      <trkpt lat="41.155099645256996" lon="24.11167921498418">
        <ele>113.18</ele>
      </trkpt>
      <trkpt lat="41.15500652231276" lon="24.11201599985361">
        <ele>113.01</ele>
      </trkpt>
      <trkpt lat="41.154913902282715" lon="24.112350940704346">
        <ele>112.79</ele>
      </trkpt>
      <trkpt lat="41.15491398610175" lon="24.112350940704346">
        <ele>112.66</ele>
      </trkpt>
      <trkpt lat="41.15487107075751" lon="24.11247968673706">
        <ele>112.51</ele>
      </trkpt>
      <trkpt lat="41.15475288592279" lon="24.112764336168766">
        <ele>112.36</ele>
      </trkpt>
      <trkpt lat="41.15463470108807" lon="24.113049069419503">
        <ele>112.22</ele>
      </trkpt>
      <trkpt lat="41.15451651625335" lon="24.11333380267024">
        <ele>112.12</ele>
      </trkpt>
      <trkpt lat="41.15439900197089" lon="24.113616943359375">
        <ele>112.04</ele>
      </trkpt>
      <trkpt lat="41.15431317128241" lon="24.113852977752686">
        <ele>111.99</ele>
      </trkpt>
      <trkpt lat="41.15420563146472" lon="24.114186074584723">
        <ele>111.95</ele>
      </trkpt>
      <trkpt lat="41.15409851074219" lon="24.11451816558838">
        <ele>111.9</ele>
      </trkpt>
      <trkpt lat="41.1540771368891" lon="24.114625453948975">
        <ele>111.86</ele>
      </trkpt>
      <trkpt lat="41.15401259623468" lon="24.114919239655137">
        <ele>111.86</ele>
      </trkpt>
      <trkpt lat="41.15394805558026" lon="24.11521310918033">
        <ele>111.86</ele>
      </trkpt>
      <trkpt lat="41.15388401784003" lon="24.11550521850586">
        <ele>111.89</ele>
      </trkpt>
      <trkpt lat="41.153840934857726" lon="24.11581702530384">
        <ele>111.9</ele>
      </trkpt>
      <trkpt lat="41.15379818715155" lon="24.116127490997314">
        <ele>111.93</ele>
      </trkpt>
      <trkpt lat="41.1537766456604" lon="24.116536108776927">
        <ele>111.93</ele>
      </trkpt>
      <trkpt lat="41.15375527180731" lon="24.116942882537842">
        <ele>111.95</ele>
      </trkpt>
      <trkpt lat="41.15373373031616" lon="24.11722962744534">
        <ele>111.98</ele>
      </trkpt>
      <trkpt lat="41.15371218882501" lon="24.11751637235284">
        <ele>112.01</ele>
      </trkpt>
      <trkpt lat="41.153690898790956" lon="24.117801189422607">
        <ele>112.05</ele>
      </trkpt>
      <trkpt lat="41.15367924794555" lon="24.118022806942463">
        <ele>112.11</ele>
      </trkpt>
      <trkpt lat="41.153679080307484" lon="24.118026243522763">
        <ele>112.18</ele>
      </trkpt>
      <trkpt lat="41.15367899648845" lon="24.11802942864597">
        <ele>112.26</ele>
      </trkpt>
      <trkpt lat="41.15367891266942" lon="24.118032529950142">
        <ele>112.35</ele>
      </trkpt>
      <trkpt lat="41.15367874503136" lon="24.118036050349474">
        <ele>112.44</ele>
      </trkpt>
      <trkpt lat="41.15367874503136" lon="24.118035966530442">
        <ele>112.55</ele>
      </trkpt>
      <trkpt lat="41.15366332232952" lon="24.118337631225586">
        <ele>112.64</ele>
      </trkpt>
      <trkpt lat="41.15364798344672" lon="24.118638038635254">
        <ele>112.74</ele>
      </trkpt>
      <trkpt lat="41.15361571311951" lon="24.119046572595835">
        <ele>112.84</ele>
      </trkpt>
      <trkpt lat="41.15358361043036" lon="24.11945343017578">
        <ele>112.96</ele>
      </trkpt>
      <trkpt lat="41.15356206893921" lon="24.11978317424655">
        <ele>113.1</ele>
      </trkpt>
      <trkpt lat="41.15354052744806" lon="24.120112918317318">
        <ele>113.27</ele>
      </trkpt>
      <trkpt lat="41.153519237414" lon="24.12044048309326">
        <ele>113.49</ele>
      </trkpt>
      <trkpt lat="41.15350482054055" lon="24.120720019564033">
        <ele>113.67</ele>
      </trkpt>
      <trkpt lat="41.153490487486124" lon="24.120999639853835">
        <ele>113.83</ele>
      </trkpt>
      <trkpt lat="41.153476322069764" lon="24.121277332305908">
        <ele>113.99</ele>
      </trkpt>
      <trkpt lat="41.15345478057861" lon="24.12158913910389">
        <ele>114.12</ele>
      </trkpt>
      <trkpt lat="41.153433406725526" lon="24.121899604797363">
        <ele>114.29</ele>
      </trkpt>
      <trkpt lat="41.153411865234375" lon="24.122265139594674">
        <ele>114.46</ele>
      </trkpt>
      <trkpt lat="41.153390323743224" lon="24.122630758211017">
        <ele>114.64</ele>
      </trkpt>
      <trkpt lat="41.153368866071105" lon="24.12299637682736">
        <ele>114.79</ele>
      </trkpt>
      <trkpt lat="41.15334757603705" lon="24.123358726501465">
        <ele>114.98</ele>
      </trkpt>
      <trkpt lat="41.15331530570984" lon="24.123767260462046">
        <ele>115.14</ele>
      </trkpt>
      <trkpt lat="41.15328320302069" lon="24.124174118041992">
        <ele>115.29</ele>
      </trkpt>
      <trkpt lat="41.15326166152954" lon="24.124571923166513">
        <ele>115.44</ele>
      </trkpt>
      <trkpt lat="41.153240287676454" lon="24.1249680519104">
        <ele>115.6</ele>
      </trkpt>
      <trkpt lat="41.1532187461853" lon="24.12524758838117">
        <ele>115.77</ele>
      </trkpt>
      <trkpt lat="41.15319720469415" lon="24.125527124851942">
        <ele>115.9</ele>
      </trkpt>
      <trkpt lat="41.153175914660096" lon="24.125804901123047">
        <ele>116.02</ele>
      </trkpt>
      <trkpt lat="41.153154373168945" lon="24.12610597908497">
        <ele>116.15</ele>
      </trkpt>
      <trkpt lat="41.15313299931586" lon="24.126405715942383">
        <ele>116.28</ele>
      </trkpt>
      <trkpt lat="41.15311154164374" lon="24.126641750335693">
        <ele>116.4</ele>
      </trkpt>
      <trkpt lat="41.1530791874975" lon="24.127050284296274">
        <ele>116.56</ele>
      </trkpt>
      <trkpt lat="41.15304708480835" lon="24.12745714187622">
        <ele>116.7</ele>
      </trkpt>
      <trkpt lat="41.15304716862738" lon="24.12745714187622">
        <ele>116.79</ele>
      </trkpt>
      <trkpt lat="41.15302562713623" lon="24.12774388678372">
        <ele>116.88</ele>
      </trkpt>
      <trkpt lat="41.15300408564508" lon="24.128030631691217">
        <ele>116.96</ele>
      </trkpt>
      <trkpt lat="41.15298271179199" lon="24.128315448760986">
        <ele>117.02</ele>
      </trkpt>
      <trkpt lat="41.152982795611024" lon="24.128315448760986">
        <ele>117.08</ele>
      </trkpt>
      <trkpt lat="41.152997044846416" lon="24.12860931828618">
        <ele>117.13</ele>
      </trkpt>
      <trkpt lat="41.15301137790084" lon="24.128903271630406">
        <ele>117.18</ele>
      </trkpt>
      <trkpt lat="41.15302562713623" lon="24.12919521331787">
        <ele>117.21</ele>
      </trkpt>
      <trkpt lat="41.15302571095526" lon="24.12919521331787">
        <ele>117.23</ele>
      </trkpt>
      <trkpt lat="41.15304716862738" lon="24.129533926025033">
        <ele>117.24</ele>
      </trkpt>
      <trkpt lat="41.15306871011853" lon="24.129872638732195">
        <ele>117.19</ele>
      </trkpt>
      <trkpt lat="41.15309016779065" lon="24.130211351439357">
        <ele>117.12</ele>
      </trkpt>
      <trkpt lat="41.15311154164374" lon="24.130547046661377">
        <ele>117.04</ele>
      </trkpt>
      <trkpt lat="41.15312218666077" lon="24.130794312804937">
        <ele>117.0</ele>
      </trkpt>
      <trkpt lat="41.153132915496826" lon="24.131040573120117">
        <ele>116.96</ele>
      </trkpt>
      <trkpt lat="41.15313299931586" lon="24.131040573120117">
        <ele>116.91</ele>
      </trkpt>
      <trkpt lat="41.15315445698798" lon="24.131373837590218">
        <ele>116.91</ele>
      </trkpt>
      <trkpt lat="41.153175830841064" lon="24.13170576095581">
        <ele>116.91</ele>
      </trkpt>
      <trkpt lat="41.15309000015259" lon="24.13174867630005">
        <ele>116.79</ele>
      </trkpt>
      <trkpt lat="41.152896881103516" lon="24.13195244036615">
        <ele>116.66</ele>
      </trkpt>
      <trkpt lat="41.152703845873475" lon="24.132156372070312">
        <ele>116.55</ele>
      </trkpt>
      <trkpt lat="41.15247485227883" lon="24.132413864135742">
        <ele>116.46</ele>
      </trkpt>
      <trkpt lat="41.152245942503214" lon="24.132671356201172">
        <ele>116.33</ele>
      </trkpt>
      <trkpt lat="41.15201711654663" lon="24.1329288482666">
        <ele>116.18</ele>
      </trkpt>
      <trkpt lat="41.15182391367853" lon="24.133191788569093">
        <ele>116.02</ele>
      </trkpt>
      <trkpt lat="41.15163071081042" lon="24.133454728871584">
        <ele>115.85</ele>
      </trkpt>
      <trkpt lat="41.15143750794232" lon="24.133717752993107">
        <ele>115.65</ele>
      </trkpt>
      <trkpt lat="41.15124464035034" lon="24.13398027420044">
        <ele>115.45</ele>
      </trkpt>
      <trkpt lat="41.15124472416937" lon="24.13398027420044">
        <ele>115.23</ele>
      </trkpt>
      <trkpt lat="41.15112662315369" lon="24.134152019396424">
        <ele>115.02</ele>
      </trkpt>
      <trkpt lat="41.15100868977606" lon="24.134323596954346">
        <ele>114.8</ele>
      </trkpt>
      <trkpt lat="41.150879859924316" lon="24.13451679982245">
        <ele>114.55</ele>
      </trkpt>
      <trkpt lat="41.15075119771063" lon="24.13470983505249">
        <ele>114.25</ele>
      </trkpt>
      <trkpt lat="41.1506009940058" lon="24.134902954101562">
        <ele>114.0</ele>
      </trkpt>
      <trkpt lat="41.15055807866156" lon="24.13498878479004">
        <ele>113.71</ele>
      </trkpt>
      <trkpt lat="41.150364708155394" lon="24.13531090132892">
        <ele>113.31</ele>
      </trkpt>
      <trkpt lat="41.150171756744385" lon="24.135632514953613">
        <ele>112.84</ele>
      </trkpt>
      <trkpt lat="41.150064300745726" lon="24.13583653047681">
        <ele>112.46</ele>
      </trkpt>
      <trkpt lat="41.14995718002319" lon="24.136040210723877">
        <ele>112.06</ele>
      </trkpt>
      <trkpt lat="41.14989289082587" lon="24.136340618133545">
        <ele>111.71</ele>
      </trkpt>
      <trkpt lat="41.149839079007506" lon="24.136684611439705">
        <ele>111.34</ele>
      </trkpt>
      <trkpt lat="41.14978560246527" lon="24.137027263641357">
        <ele>110.95</ele>
      </trkpt>
      <trkpt lat="41.14976414479315" lon="24.137370586395264">
        <ele>110.63</ele>
      </trkpt>
      <trkpt lat="41.14976414479315" lon="24.137606620788574">
        <ele>110.22</ele>
      </trkpt>
      <trkpt lat="41.14976414479315" lon="24.137821197509766">
        <ele>109.77</ele>
      </trkpt>
      <trkpt lat="41.14976414479315" lon="24.138122275471687">
        <ele>109.27</ele>
      </trkpt>
      <trkpt lat="41.14976414479315" lon="24.1384220123291">
        <ele>108.73</ele>
      </trkpt>
      <trkpt lat="41.149742603302" lon="24.13867950439453">
        <ele>108.22</ele>
      </trkpt>
      <trkpt lat="41.149656772613525" lon="24.138851165771484">
        <ele>107.7</ele>
      </trkpt>
      <trkpt lat="41.14952802658081" lon="24.13893699645996">
        <ele>107.17</ele>
      </trkpt>
      <trkpt lat="41.14932409487665" lon="24.13918375968933">
        <ele>106.6</ele>
      </trkpt>
      <trkpt lat="41.14912041462958" lon="24.1394305229187">
        <ele>106.1</ele>
      </trkpt>
      <trkpt lat="41.14912033081055" lon="24.1394305229187">
        <ele>105.61</ele>
      </trkpt>
      <trkpt lat="41.14905595779419" lon="24.13949489593506">
        <ele>105.12</ele>
      </trkpt>
      <trkpt lat="41.14903450012207" lon="24.139645099639893">
        <ele>104.63</ele>
      </trkpt>
      <trkpt lat="41.148991668596864" lon="24.13970947265625">
        <ele>104.14</ele>
      </trkpt>
      <trkpt lat="41.148884212598205" lon="24.139891946688294">
        <ele>103.6</ele>
      </trkpt>
      <trkpt lat="41.14877709187567" lon="24.140074253082275">
        <ele>103.01</ele>
      </trkpt>
      <trkpt lat="41.148691261187196" lon="24.14046049118042">
        <ele>102.4</ele>
      </trkpt>
      <trkpt lat="41.14866980351508" lon="24.140567779541016">
        <ele>101.94</ele>
      </trkpt>
      <trkpt lat="41.148648262023926" lon="24.140653610229492">
        <ele>101.52</ele>
      </trkpt>
      <trkpt lat="41.14864834584296" lon="24.140653610229492">
        <ele>101.11</ele>
      </trkpt>
      <trkpt lat="41.14862680435181" lon="24.140760898590088">
        <ele>100.72</ele>
      </trkpt>
      <trkpt lat="41.14851959981024" lon="24.141061305999756">
        <ele>100.35</ele>
      </trkpt>
      <trkpt lat="41.14839085377753" lon="24.14142608642578">
        <ele>100.03</ele>
      </trkpt>
      <trkpt lat="41.148390769958496" lon="24.14142608642578">
        <ele>99.7</ele>
      </trkpt>
      <trkpt lat="41.14832648076117" lon="24.141554832458496">
        <ele>99.39</ele>
      </trkpt>
      <trkpt lat="41.14828356541693" lon="24.14168357849121">
        <ele>99.1</ele>
      </trkpt>
      <trkpt lat="41.1482834815979" lon="24.14168357849121">
        <ele>98.83</ele>
      </trkpt>
      <trkpt lat="41.14816529676318" lon="24.1420382168144">
        <ele>98.6</ele>
      </trkpt>
      <trkpt lat="41.14804753102362" lon="24.142391681671143">
        <ele>98.44</ele>
      </trkpt>
      <trkpt lat="41.147932866588235" lon="24.142721174284816">
        <ele>98.27</ele>
      </trkpt>
      <trkpt lat="41.14781820215285" lon="24.14305075071752">
        <ele>98.08</ele>
      </trkpt>
      <trkpt lat="41.147704208269715" lon="24.143378734588623">
        <ele>97.88</ele>
      </trkpt>
      <trkpt lat="41.14761100150645" lon="24.14363656193018">
        <ele>97.69</ele>
      </trkpt>
      <trkpt lat="41.14751787856221" lon="24.143894473090768">
        <ele>97.54</ele>
      </trkpt>
      <trkpt lat="41.14742525853217" lon="24.144151210784912">
        <ele>97.4</ele>
      </trkpt>
      <trkpt lat="41.14733926020563" lon="24.14441985078156">
        <ele>97.29</ele>
      </trkpt>
      <trkpt lat="41.14725359715521" lon="24.14468765258789">
        <ele>97.21</ele>
      </trkpt>
      <trkpt lat="41.14725351333618" lon="24.14468765258789">
        <ele>97.13</ele>
      </trkpt>
      <trkpt lat="41.14712451584637" lon="24.145063748583198">
        <ele>97.05</ele>
      </trkpt>
      <trkpt lat="41.146996105089784" lon="24.14543867111206">
        <ele>96.97</ele>
      </trkpt>
      <trkpt lat="41.14688856527209" lon="24.145739497616887">
        <ele>96.91</ele>
      </trkpt>
      <trkpt lat="41.14678152836859" lon="24.146039485931396">
        <ele>96.88</ele>
      </trkpt>
      <trkpt lat="41.1466618347913" lon="24.14639823138714">
        <ele>96.88</ele>
      </trkpt>
      <trkpt lat="41.14654649980366" lon="24.146743649616838">
        <ele>96.89</ele>
      </trkpt>
      <trkpt lat="41.14654549397528" lon="24.146746834740043">
        <ele>96.9</ele>
      </trkpt>
      <trkpt lat="41.14654457196593" lon="24.146749768406153">
        <ele>96.91</ele>
      </trkpt>
      <trkpt lat="41.146543649956584" lon="24.14675261825323">
        <ele>96.94</ele>
      </trkpt>
      <trkpt lat="41.1465426441282" lon="24.146755803376436">
        <ele>96.98</ele>
      </trkpt>
      <trkpt lat="41.146459663286805" lon="24.147005081176758">
        <ele>97.05</ele>
      </trkpt>
      <trkpt lat="41.14621323533356" lon="24.147004997357726">
        <ele>97.09</ele>
      </trkpt>
      <trkpt lat="41.145966136828065" lon="24.147005081176758">
        <ele>97.19</ele>
      </trkpt>
      <trkpt lat="41.14588022232056" lon="24.147047996520996">
        <ele>97.26</ele>
      </trkpt>
      <trkpt lat="41.14562273025513" lon="24.147047996520996">
        <ele>97.32</ele>
      </trkpt>
      <trkpt lat="41.14534378051758" lon="24.147026538848877">
        <ele>97.38</ele>
      </trkpt>
      <trkpt lat="41.14534386433661" lon="24.147026538848877">
        <ele>97.45</ele>
      </trkpt>
      <trkpt lat="41.14508637227118" lon="24.147026538848877">
        <ele>97.52</ele>
      </trkpt>
      <trkpt lat="41.14504345692694" lon="24.147026538848877">
        <ele>97.6</ele>
      </trkpt>
      <trkpt lat="41.14502199925482" lon="24.147026538848877">
        <ele>97.68</ele>
      </trkpt>
      <trkpt lat="41.145000541582704" lon="24.147026538848877">
        <ele>97.77</ele>
      </trkpt>
      <trkpt lat="41.144957626238465" lon="24.147026538848877">
        <ele>97.87</ele>
      </trkpt>
      <trkpt lat="41.14474330097437" lon="24.147026455029845">
        <ele>97.93</ele>
      </trkpt>
      <trkpt lat="41.144529059529305" lon="24.147026455029845">
        <ele>98.0</ele>
      </trkpt>
      <trkpt lat="41.14431389607489" lon="24.147026538848877">
        <ele>98.11</ele>
      </trkpt>
      <trkpt lat="41.14427098073065" lon="24.147026538848877">
        <ele>98.23</ele>
      </trkpt>
      <trkpt lat="41.144228065386415" lon="24.147026538848877">
        <ele>98.34</ele>
      </trkpt>
      <trkpt lat="41.144206607714295" lon="24.147026538848877">
        <ele>98.46</ele>
      </trkpt>
      <trkpt lat="41.14403519779444" lon="24.147015810012817">
        <ele>98.58</ele>
      </trkpt>
      <trkpt lat="41.14386328496039" lon="24.147005081176758">
        <ele>98.73</ele>
      </trkpt>
      <trkpt lat="41.143732611089945" lon="24.146995525807142">
        <ele>98.87</ele>
      </trkpt>
      <trkpt lat="41.14372934214771" lon="24.14699535816908">
        <ele>98.99</ele>
      </trkpt>
      <trkpt lat="41.1437261570245" lon="24.146995190531015">
        <ele>99.11</ele>
      </trkpt>
      <trkpt lat="41.14372313953936" lon="24.146995022892952">
        <ele>99.23</ele>
      </trkpt>
      <trkpt lat="41.143719870597124" lon="24.14699485525489">
        <ele>99.35</ele>
      </trkpt>
      <trkpt lat="41.14356279373169" lon="24.14698362350464">
        <ele>99.48</ele>
      </trkpt>
      <trkpt lat="41.14360579289496" lon="24.147220076993108">
        <ele>99.62</ele>
      </trkpt>
      <trkpt lat="41.1436487082392" lon="24.14745569229126">
        <ele>99.73</ele>
      </trkpt>
      <trkpt lat="41.14367016591132" lon="24.147799015045166">
        <ele>99.84</ele>
      </trkpt>
      <trkpt lat="41.143723893910646" lon="24.148207549005747">
        <ele>99.93</ele>
      </trkpt>
      <trkpt lat="41.14377745427191" lon="24.148614406585693">
        <ele>100.06</ele>
      </trkpt>
      <trkpt lat="41.14380964078009" lon="24.148947671055794">
        <ele>100.19</ele>
      </trkpt>
      <trkpt lat="41.14384182728827" lon="24.149279594421387">
        <ele>100.29</ele>
      </trkpt>
      <trkpt lat="41.14388474263251" lon="24.149602130055428">
        <ele>100.37</ele>
      </trkpt>
      <trkpt lat="41.143927574157715" lon="24.14992332458496">
        <ele>100.48</ele>
      </trkpt>
      <trkpt lat="41.14392765797675" lon="24.14992332458496">
        <ele>100.58</ele>
      </trkpt>
      <trkpt lat="41.143963281065226" lon="24.15028098039329">
        <ele>100.71</ele>
      </trkpt>
      <trkpt lat="41.14396361634135" lon="24.150284249335527">
        <ele>100.8</ele>
      </trkpt>
      <trkpt lat="41.14396395161748" lon="24.15028726682067">
        <ele>100.88</ele>
      </trkpt>
      <trkpt lat="41.143989181146026" lon="24.150524139404297">
        <ele>100.98</ele>
      </trkpt>
      <trkpt lat="41.14401340484619" lon="24.150760173797607">
        <ele>101.04</ele>
      </trkpt>
      <trkpt lat="41.14379187114537" lon="24.15084583684802">
        <ele>101.12</ele>
      </trkpt>
      <trkpt lat="41.143570421263576" lon="24.150931583717465">
        <ele>101.22</ele>
      </trkpt>
      <trkpt lat="41.1433482170105" lon="24.151017665863037">
        <ele>101.3</ele>
      </trkpt>
      <trkpt lat="41.143080247566104" lon="24.151156973093748">
        <ele>101.32</ele>
      </trkpt>
      <trkpt lat="41.14281185902655" lon="24.151296615600586">
        <ele>101.29</ele>
      </trkpt>
      <trkpt lat="41.14259728230536" lon="24.15140390396118">
        <ele>101.29</ele>
      </trkpt>
      <trkpt lat="41.1424364335835" lon="24.151500295847654">
        <ele>101.29</ele>
      </trkpt>
      <trkpt lat="41.14227541722357" lon="24.151597023010254">
        <ele>101.31</ele>
      </trkpt>
      <trkpt lat="41.14212512969971" lon="24.15172576904297">
        <ele>101.3</ele>
      </trkpt>
      <trkpt lat="41.14208221435547" lon="24.151747226715088">
        <ele>101.31</ele>
      </trkpt>
      <trkpt lat="41.14206084050238" lon="24.151768684387207">
        <ele>101.31</ele>
      </trkpt>
      <trkpt lat="41.14201792515814" lon="24.151768684387207">
        <ele>101.31</ele>
      </trkpt>
      <trkpt lat="41.14184617996216" lon="24.151768684387207">
        <ele>101.32</ele>
      </trkpt>
      <trkpt lat="41.14158868789673" lon="24.151790142059326">
        <ele>101.33</ele>
      </trkpt>
      <trkpt lat="41.14137436263263" lon="24.1518865339458">
        <ele>101.32</ele>
      </trkpt>
      <trkpt lat="41.14115961827338" lon="24.1519832611084">
        <ele>101.33</ele>
      </trkpt>
      <trkpt lat="41.14107370376587" lon="24.152026176452637">
        <ele>101.31</ele>
      </trkpt>
      <trkpt lat="41.14089148119092" lon="24.15210111066699">
        <ele>101.27</ele>
      </trkpt>
      <trkpt lat="41.140708923339844" lon="24.15217638015747">
        <ele>101.22</ele>
      </trkpt>
      <trkpt lat="41.140505243092775" lon="24.152272772043943">
        <ele>101.18</ele>
      </trkpt>
      <trkpt lat="41.14030122756958" lon="24.152369499206543">
        <ele>101.12</ele>
      </trkpt>
      <trkpt lat="41.14004381932318" lon="24.15247678756714">
        <ele>101.08</ele>
      </trkpt>
      <trkpt lat="41.140000903978944" lon="24.152498245239258">
        <ele>100.99</ele>
      </trkpt>
      <trkpt lat="41.13978624343872" lon="24.152584075927734">
        <ele>100.89</ele>
      </trkpt>
      <trkpt lat="41.13959312438965" lon="24.152648448944092">
        <ele>100.77</ele>
      </trkpt>
      <trkpt lat="41.13959320820868" lon="24.152648448944092">
        <ele>100.65</ele>
      </trkpt>
      <trkpt lat="41.13938952796161" lon="24.152712654322386">
        <ele>100.53</ele>
      </trkpt>
      <trkpt lat="41.139185428619385" lon="24.152777194976807">
        <ele>100.4</ele>
      </trkpt>
      <trkpt lat="41.13897110335529" lon="24.152766466140747">
        <ele>100.27</ele>
      </trkpt>
      <trkpt lat="41.138756275177" lon="24.152755737304688">
        <ele>100.13</ele>
      </trkpt>
      <trkpt lat="41.138713359832764" lon="24.152755737304688">
        <ele>99.99</ele>
      </trkpt>
      <trkpt lat="41.13846693187952" lon="24.152745008468628">
        <ele>99.82</ele>
      </trkpt>
      <trkpt lat="41.13821983337402" lon="24.15273427963257">
        <ele>99.65</ele>
      </trkpt>
      <trkpt lat="41.137962425127625" lon="24.152777194976807">
        <ele>99.48</ele>
      </trkpt>
      <trkpt lat="41.137704849243164" lon="24.152820110321045">
        <ele>99.31</ele>
      </trkpt>
      <trkpt lat="41.137447357177734" lon="24.152863025665283">
        <ele>99.17</ele>
      </trkpt>
      <trkpt lat="41.1371848359704" lon="24.15291122160852">
        <ele>99.05</ele>
      </trkpt>
      <trkpt lat="41.1369223985821" lon="24.152959417551756">
        <ele>98.94</ele>
      </trkpt>
      <trkpt lat="41.13665987737477" lon="24.153007613494992">
        <ele>98.84</ele>
      </trkpt>
      <trkpt lat="41.1363959312439" lon="24.153056144714355">
        <ele>98.71</ele>
      </trkpt>
      <trkpt lat="41.13616023212671" lon="24.153091851621866">
        <ele>98.59</ele>
      </trkpt>
      <trkpt lat="41.13592453300953" lon="24.153127558529377">
        <ele>98.5</ele>
      </trkpt>
      <trkpt lat="41.135687828063965" lon="24.15316343307495">
        <ele>98.41</ele>
      </trkpt>
      <trkpt lat="41.135527063161135" lon="24.15318480692804">
        <ele>98.37</ele>
      </trkpt>
      <trkpt lat="41.13536596298218" lon="24.15320634841919">
        <ele>98.35</ele>
      </trkpt>
      <trkpt lat="41.135108806192875" lon="24.153249179944396">
        <ele>98.37</ele>
      </trkpt>
      <trkpt lat="41.134851733222604" lon="24.153292011469603">
        <ele>98.39</ele>
      </trkpt>
      <trkpt lat="41.13459466025233" lon="24.15333484299481">
        <ele>98.44</ele>
      </trkpt>
      <trkpt lat="41.13433750346303" lon="24.153377758339047">
        <ele>98.52</ele>
      </trkpt>
      <trkpt lat="41.13407858647406" lon="24.15342092514038">
        <ele>98.53</ele>
      </trkpt>
      <trkpt lat="41.13386400975287" lon="24.15346384048462">
        <ele>98.62</ele>
      </trkpt>
      <trkpt lat="41.133713722229004" lon="24.153506755828857">
        <ele>98.76</ele>
      </trkpt>
      <trkpt lat="41.133713806048036" lon="24.153506755828857">
        <ele>98.9</ele>
      </trkpt>
      <trkpt lat="41.13360643386841" lon="24.153528213500977">
        <ele>99.08</ele>
      </trkpt>
      <trkpt lat="41.133333100005984" lon="24.153688978403807">
        <ele>99.26</ele>
      </trkpt>
      <trkpt lat="41.13305976614356" lon="24.153849743306637">
        <ele>99.42</ele>
      </trkpt>
      <trkpt lat="41.13278643228114" lon="24.154010508209467">
        <ele>99.65</ele>
      </trkpt>
      <trkpt lat="41.132512176409364" lon="24.15417194366455">
        <ele>99.92</ele>
      </trkpt>
      <trkpt lat="41.132287038490176" lon="24.15431661531329">
        <ele>100.2</ele>
      </trkpt>
      <trkpt lat="41.13206190057099" lon="24.154461370781064">
        <ele>100.52</ele>
      </trkpt>
      <trkpt lat="41.1318367626518" lon="24.154606042429805">
        <ele>100.82</ele>
      </trkpt>
      <trkpt lat="41.13161095418036" lon="24.154751300811768">
        <ele>101.16</ele>
      </trkpt>
      <trkpt lat="41.131439208984375" lon="24.154880046844482">
        <ele>101.51</ele>
      </trkpt>
      <trkpt lat="41.131246173754334" lon="24.154997896403074">
        <ele>101.9</ele>
      </trkpt>
      <trkpt lat="41.13105297088623" lon="24.155116081237793">
        <ele>102.29</ele>
      </trkpt>
      <trkpt lat="41.13079137168825" lon="24.1552918497473">
        <ele>102.66</ele>
      </trkpt>
      <trkpt lat="41.13052977249026" lon="24.15546770207584">
        <ele>102.99</ele>
      </trkpt>
      <trkpt lat="41.13026825711131" lon="24.155643470585346">
        <ele>103.38</ele>
      </trkpt>
      <trkpt lat="41.13000665791333" lon="24.155819322913885">
        <ele>103.74</ele>
      </trkpt>
      <trkpt lat="41.129744136705995" lon="24.155995845794678">
        <ele>104.05</ele>
      </trkpt>
      <trkpt lat="41.129486644640565" lon="24.15616750717163">
        <ele>104.36</ele>
      </trkpt>
      <trkpt lat="41.129250610247254" lon="24.156339168548584">
        <ele>104.69</ele>
      </trkpt>
      <trkpt lat="41.129207611083984" lon="24.156360626220703">
        <ele>105.01</ele>
      </trkpt>
      <trkpt lat="41.12903603352606" lon="24.156467746943235">
        <ele>105.34</ele>
      </trkpt>
      <trkpt lat="41.12886428833008" lon="24.156575202941895">
        <ele>105.65</ele>
      </trkpt>
      <trkpt lat="41.12860688008368" lon="24.156768321990967">
        <ele>105.96</ele>
      </trkpt>
      <trkpt lat="41.12840303219855" lon="24.156966721639037">
        <ele>106.23</ele>
      </trkpt>
      <trkpt lat="41.12819918431342" lon="24.15716520510614">
        <ele>106.51</ele>
      </trkpt>
      <trkpt lat="41.127995336428285" lon="24.15736360475421">
        <ele>106.82</ele>
      </trkpt>
      <trkpt lat="41.12779140472412" lon="24.157562255859375">
        <ele>107.08</ele>
      </trkpt>
      <trkpt lat="41.12755537033081" lon="24.157810527831316">
        <ele>107.28</ele>
      </trkpt>
      <trkpt lat="41.1273193359375" lon="24.158058799803257">
        <ele>107.43</ele>
      </trkpt>
      <trkpt lat="41.12708330154419" lon="24.158307071775198">
        <ele>107.63</ele>
      </trkpt>
      <trkpt lat="41.12684726715088" lon="24.15855534374714">
        <ele>107.8</ele>
      </trkpt>
      <trkpt lat="41.12661123275757" lon="24.15880361571908">
        <ele>107.88</ele>
      </trkpt>
      <trkpt lat="41.12637519836426" lon="24.159051971510053">
        <ele>107.95</ele>
      </trkpt>
      <trkpt lat="41.12613916397095" lon="24.159300327301025">
        <ele>108.02</ele>
      </trkpt>
      <trkpt lat="41.12593892030418" lon="24.159479029476643">
        <ele>108.1</ele>
      </trkpt>
      <trkpt lat="41.12573876045644" lon="24.15965781547129">
        <ele>108.13</ele>
      </trkpt>
      <trkpt lat="41.12553843297064" lon="24.159836769104004">
        <ele>108.12</ele>
      </trkpt>
      <trkpt lat="41.12525965087116" lon="24.16001253761351">
        <ele>108.08</ele>
      </trkpt>
      <trkpt lat="41.124980952590704" lon="24.16018838994205">
        <ele>108.07</ele>
      </trkpt>
      <trkpt lat="41.12470225431025" lon="24.160364158451557">
        <ele>108.02</ele>
      </trkpt>
      <trkpt lat="41.124423472210765" lon="24.160539926961064">
        <ele>107.88</ele>
      </trkpt>
      <trkpt lat="41.1241436842829" lon="24.16071653366089">
        <ele>107.72</ele>
      </trkpt>
      <trkpt lat="41.123961294069886" lon="24.16084511205554">
        <ele>107.59</ele>
      </trkpt>
      <trkpt lat="41.12377882003784" lon="24.16097402572632">
        <ele>107.45</ele>
      </trkpt>
      <trkpt lat="41.12358570098877" lon="24.16116706095636">
        <ele>107.29</ele>
      </trkpt>
      <trkpt lat="41.1233925819397" lon="24.161360263824463">
        <ele>107.17</ele>
      </trkpt>
      <trkpt lat="41.123199462890625" lon="24.161585569381714">
        <ele>107.03</ele>
      </trkpt>
      <trkpt lat="41.123006427660584" lon="24.161810874938965">
        <ele>106.88</ele>
      </trkpt>
      <trkpt lat="41.122920513153076" lon="24.16189670562744">
        <ele>106.76</ele>
      </trkpt>
      <trkpt lat="41.12277030944824" lon="24.162003993988037">
        <ele>106.65</ele>
      </trkpt>
      <trkpt lat="41.12259864807129" lon="24.16219711303711">
        <ele>106.52</ele>
      </trkpt>
      <trkpt lat="41.12253427505493" lon="24.162261486053467">
        <ele>106.39</ele>
      </trkpt>
      <trkpt lat="41.12244852818549" lon="24.16239023208618">
        <ele>106.28</ele>
      </trkpt>
      <trkpt lat="41.122233867645264" lon="24.16269063949585">
        <ele>106.23</ele>
      </trkpt>
      <trkpt lat="41.12205147743225" lon="24.16289448738098">
        <ele>106.11</ele>
      </trkpt>
      <trkpt lat="41.12186917103827" lon="24.163098335266113">
        <ele>105.96</ele>
      </trkpt>
      <trkpt lat="41.12178334034979" lon="24.16316270828247">
        <ele>105.78</ele>
      </trkpt>
      <trkpt lat="41.12165451049805" lon="24.163291370496154">
        <ele>105.57</ele>
      </trkpt>
      <trkpt lat="41.12152576446533" lon="24.1634202003479">
        <ele>105.35</ele>
      </trkpt>
      <trkpt lat="41.12135410308838" lon="24.163581049069762">
        <ele>105.12</ele>
      </trkpt>
      <trkpt lat="41.121182441711426" lon="24.163742065429688">
        <ele>104.89</ele>
      </trkpt>
      <trkpt lat="41.1209384445101" lon="24.163964604958892">
        <ele>104.66</ele>
      </trkpt>
      <trkpt lat="41.12069444730878" lon="24.164187144488096">
        <ele>104.41</ele>
      </trkpt>
      <trkpt lat="41.120450450107455" lon="24.1644096840173">
        <ele>104.19</ele>
      </trkpt>
      <trkpt lat="41.12020645290613" lon="24.164632307365537">
        <ele>103.95</ele>
      </trkpt>
      <trkpt lat="41.11996245570481" lon="24.16485484689474">
        <ele>103.69</ele>
      </trkpt>
      <trkpt lat="41.119718458503485" lon="24.165077386423945">
        <ele>103.4</ele>
      </trkpt>
      <trkpt lat="41.11947446130216" lon="24.16529992595315">
        <ele>103.06</ele>
      </trkpt>
      <trkpt lat="41.119229877367616" lon="24.165523052215576">
        <ele>102.73</ele>
      </trkpt>
      <trkpt lat="41.11905109137297" lon="24.165680296719074">
        <ele>102.41</ele>
      </trkpt>
      <trkpt lat="41.11887230537832" lon="24.165837625041604">
        <ele>102.09</ele>
      </trkpt>
      <trkpt lat="41.118693351745605" lon="24.165995121002197">
        <ele>101.76</ele>
      </trkpt>
      <trkpt lat="41.118473494425416" lon="24.166166614741087">
        <ele>101.42</ele>
      </trkpt>
      <trkpt lat="41.11825363710523" lon="24.16633819229901">
        <ele>101.05</ele>
      </trkpt>
      <trkpt lat="41.11803386360407" lon="24.16650976985693">
        <ele>100.67</ele>
      </trkpt>
      <trkpt lat="41.11781358718872" lon="24.16668176651001">
        <ele>100.3</ele>
      </trkpt>
      <trkpt lat="41.117561627179384" lon="24.16685862466693">
        <ele>99.92</ele>
      </trkpt>
      <trkpt lat="41.11730966717005" lon="24.16703556664288">
        <ele>99.52</ele>
      </trkpt>
      <trkpt lat="41.11705779097974" lon="24.1672124247998">
        <ele>99.11</ele>
      </trkpt>
      <trkpt lat="41.11680516041815" lon="24.16738986968994">
        <ele>98.7</ele>
      </trkpt>
      <trkpt lat="41.11667641438544" lon="24.167475700378418">
        <ele>98.3</ele>
      </trkpt>
      <trkpt lat="41.11640836112201" lon="24.167636465281248">
        <ele>97.93</ele>
      </trkpt>
      <trkpt lat="41.11613997258246" lon="24.167797565460205">
        <ele>97.57</ele>
      </trkpt>
      <trkpt lat="41.115872003138065" lon="24.167936872690916">
        <ele>97.17</ele>
      </trkpt>
      <trkpt lat="41.11560353077948" lon="24.168076515197754">
        <ele>96.72</ele>
      </trkpt>
      <trkpt lat="41.11534201540053" lon="24.16819654405117">
        <ele>96.32</ele>
      </trkpt>
      <trkpt lat="41.11508050002158" lon="24.168316572904587">
        <ele>95.92</ele>
      </trkpt>
      <trkpt lat="41.114818984642625" lon="24.168436601758003">
        <ele>95.53</ele>
      </trkpt>
      <trkpt lat="41.114557553082705" lon="24.16855663061142">
        <ele>95.14</ele>
      </trkpt>
      <trkpt lat="41.11429461278021" lon="24.16867733001709">
        <ele>94.72</ele>
      </trkpt>
      <trkpt lat="41.1139999050647" lon="24.168808590620756">
        <ele>94.24</ele>
      </trkpt>
      <trkpt lat="41.11370519734919" lon="24.168939851224422">
        <ele>93.81</ele>
      </trkpt>
      <trkpt lat="41.11341048963368" lon="24.16907111182809">
        <ele>93.37</ele>
      </trkpt>
      <trkpt lat="41.11311578191817" lon="24.169202372431755">
        <ele>92.96</ele>
      </trkpt>
      <trkpt lat="41.11282107420266" lon="24.169333716854453">
        <ele>92.56</ele>
      </trkpt>
      <trkpt lat="41.112526366487145" lon="24.16946497745812">
        <ele>92.14</ele>
      </trkpt>
      <trkpt lat="41.112231658771634" lon="24.169596238061786">
        <ele>91.77</ele>
      </trkpt>
      <trkpt lat="41.11193426884711" lon="24.169728755950928">
        <ele>91.38</ele>
      </trkpt>
      <trkpt lat="41.11167116090655" lon="24.169920282438397">
        <ele>90.98</ele>
      </trkpt>
      <trkpt lat="41.11140813678503" lon="24.1701118927449">
        <ele>90.6</ele>
      </trkpt>
      <trkpt lat="41.11114511266351" lon="24.17030341923237">
        <ele>90.24</ele>
      </trkpt>
      <trkpt lat="41.11088200472295" lon="24.17049502953887">
        <ele>89.9</ele>
      </trkpt>
      <trkpt lat="41.11061898060143" lon="24.17068655602634">
        <ele>89.54</ele>
      </trkpt>
      <trkpt lat="41.11035595647991" lon="24.17087816633284">
        <ele>89.19</ele>
      </trkpt>
      <trkpt lat="41.11009284853935" lon="24.171069776639342">
        <ele>88.88</ele>
      </trkpt>
      <trkpt lat="41.10982982441783" lon="24.171261303126812">
        <ele>88.59</ele>
      </trkpt>
      <trkpt lat="41.10956680029631" lon="24.171452913433313">
        <ele>88.3</ele>
      </trkpt>
      <trkpt lat="41.109303776174784" lon="24.171644439920783">
        <ele>88.04</ele>
      </trkpt>
      <trkpt lat="41.10904066823423" lon="24.171836050227284">
        <ele>87.76</ele>
      </trkpt>
      <trkpt lat="41.108777644112706" lon="24.172027576714754">
        <ele>87.52</ele>
      </trkpt>
      <trkpt lat="41.10851461999118" lon="24.172219187021255">
        <ele>87.33</ele>
      </trkpt>
      <trkpt lat="41.10825151205063" lon="24.172410713508725">
        <ele>87.16</ele>
      </trkpt>
      <trkpt lat="41.107985973358154" lon="24.172604084014893">
        <ele>86.95</ele>
      </trkpt>
      <trkpt lat="41.107986057177186" lon="24.172604084014893">
        <ele>86.78</ele>
      </trkpt>
      <trkpt lat="41.10772864893079" lon="24.17280239984393">
        <ele>86.57</ele>
      </trkpt>
      <trkpt lat="41.10747124068439" lon="24.173000799492">
        <ele>86.5</ele>
      </trkpt>
      <trkpt lat="41.107213916257024" lon="24.173199199140072">
        <ele>86.53</ele>
      </trkpt>
      <trkpt lat="41.106956005096436" lon="24.1733980178833">
        <ele>86.5</ele>
      </trkpt>
      <trkpt lat="41.106730699539185" lon="24.17361251078546">
        <ele>86.4</ele>
      </trkpt>
      <trkpt lat="41.106505477800965" lon="24.17382700368762">
        <ele>86.23</ele>
      </trkpt>
      <trkpt lat="41.106280256062746" lon="24.17404158040881">
        <ele>85.99</ele>
      </trkpt>
      <trkpt lat="41.10605486668646" lon="24.174256324768066">
        <ele>85.8</ele>
      </trkpt>
      <trkpt lat="41.1058509349823" lon="24.174470817670226">
        <ele>85.68</ele>
      </trkpt>
      <trkpt lat="41.10564708709717" lon="24.174685394391418">
        <ele>85.63</ele>
      </trkpt>
      <trkpt lat="41.105443239212036" lon="24.17489997111261">
        <ele>85.62</ele>
      </trkpt>
      <trkpt lat="41.105239391326904" lon="24.175114631652832">
        <ele>85.57</ele>
      </trkpt>
      <trkpt lat="41.105239475145936" lon="24.175114631652832">
        <ele>85.56</ele>
      </trkpt>
      <trkpt lat="41.10502481460571" lon="24.17532912455499">
        <ele>85.52</ele>
      </trkpt>
      <trkpt lat="41.10481023788452" lon="24.175543785095215">
        <ele>85.51</ele>
      </trkpt>
      <trkpt lat="41.10455274581909" lon="24.17569398880005">
        <ele>85.52</ele>
      </trkpt>
      <trkpt lat="41.104273879900575" lon="24.175779819488525">
        <ele>85.57</ele>
      </trkpt>
      <trkpt lat="41.104066679254174" lon="24.175836900249124">
        <ele>85.66</ele>
      </trkpt>
      <trkpt lat="41.103859562426805" lon="24.175894064828753">
        <ele>85.74</ele>
      </trkpt>
      <trkpt lat="41.10365160740912" lon="24.17595148086548">
        <ele>85.79</ele>
      </trkpt>
      <trkpt lat="41.10335153527558" lon="24.176026415079832">
        <ele>85.85</ele>
      </trkpt>
      <trkpt lat="41.10305070877075" lon="24.176101684570312">
        <ele>85.91</ele>
      </trkpt>
      <trkpt lat="41.103007793426514" lon="24.17590856552124">
        <ele>85.95</ele>
      </trkpt>
      <trkpt lat="41.10279346816242" lon="24.175972770899534">
        <ele>85.99</ele>
      </trkpt>
      <trkpt lat="41.10257922671735" lon="24.17603706009686">
        <ele>86.0</ele>
      </trkpt>
      <trkpt lat="41.10236414708197" lon="24.176101684570312">
        <ele>86.04</ele>
      </trkpt>
      <trkpt lat="41.10206407494843" lon="24.176187347620726">
        <ele>86.14</ele>
      </trkpt>
      <trkpt lat="41.1017632484436" lon="24.176273345947266">
        <ele>86.21</ele>
      </trkpt>
      <trkpt lat="41.10178470611572" lon="24.176466464996338">
        <ele>86.25</ele>
      </trkpt>
      <trkpt lat="41.10148471780121" lon="24.17654139921069">
        <ele>86.31</ele>
      </trkpt>
      <trkpt lat="41.10118397511542" lon="24.176616668701172">
        <ele>86.33</ele>
      </trkpt>
      <trkpt lat="41.10097677446902" lon="24.17669520713389">
        <ele>86.33</ele>
      </trkpt>
      <trkpt lat="41.10076957382262" lon="24.17677382938564">
        <ele>86.32</ele>
      </trkpt>
      <trkpt lat="41.10056170262396" lon="24.176852703094482">
        <ele>86.35</ele>
      </trkpt>
      <trkpt lat="41.100282752886415" lon="24.176981449127197">
        <ele>86.38</ele>
      </trkpt>
      <trkpt lat="41.10021837987006" lon="24.177002906799316">
        <ele>86.38</ele>
      </trkpt>
      <trkpt lat="41.09995761886239" lon="24.17711002752185">
        <ele>86.36</ele>
      </trkpt>
      <trkpt lat="41.099696857854724" lon="24.17721714824438">
        <ele>86.32</ele>
      </trkpt>
      <trkpt lat="41.09943609684706" lon="24.177324352785945">
        <ele>86.29</ele>
      </trkpt>
      <trkpt lat="41.09917533583939" lon="24.177431473508477">
        <ele>86.27</ele>
      </trkpt>
      <trkpt lat="41.098914574831724" lon="24.17753867805004">
        <ele>86.26</ele>
      </trkpt>
      <trkpt lat="41.09865196980536" lon="24.17764663696289">
        <ele>86.24</ele>
      </trkpt>
      <trkpt lat="41.09845885075629" lon="24.177732467651367">
        <ele>86.23</ele>
      </trkpt>
      <trkpt lat="41.09816229902208" lon="24.17785383760929">
        <ele>86.2</ele>
      </trkpt>
      <trkpt lat="41.0978658311069" lon="24.177975291386247">
        <ele>86.14</ele>
      </trkpt>
      <trkpt lat="41.097569363191724" lon="24.178096745163202">
        <ele>86.09</ele>
      </trkpt>
      <trkpt lat="41.09727289527655" lon="24.178218198940158">
        <ele>86.06</ele>
      </trkpt>
      <trkpt lat="41.09697642736137" lon="24.178339652717113">
        <ele>86.08</ele>
      </trkpt>
      <trkpt lat="41.0966778639704" lon="24.178462028503418">
        <ele>86.07</ele>
      </trkpt>
      <trkpt lat="41.09642422758043" lon="24.178565545007586">
        <ele>86.07</ele>
      </trkpt>
      <trkpt lat="41.09617059119046" lon="24.178669145330787">
        <ele>86.05</ele>
      </trkpt>
      <trkpt lat="41.09591695480049" lon="24.178772745653987">
        <ele>86.01</ele>
      </trkpt>
      <trkpt lat="41.09566340222955" lon="24.178876345977187">
        <ele>85.97</ele>
      </trkpt>
      <trkpt lat="41.09540976583958" lon="24.178979946300387">
        <ele>85.92</ele>
      </trkpt>
      <trkpt lat="41.09515436924994" lon="24.179084300994873">
        <ele>85.93</ele>
      </trkpt>
      <trkpt lat="41.09486502595246" lon="24.179202150553465">
        <ele>85.89</ele>
      </trkpt>
      <trkpt lat="41.09457501210272" lon="24.179320335388184">
        <ele>85.84</ele>
      </trkpt>
      <trkpt lat="41.09442489221692" lon="24.179427539929748">
        <ele>85.79</ele>
      </trkpt>
      <trkpt lat="41.094274604693055" lon="24.179534912109375">
        <ele>85.75</ele>
      </trkpt>
      <trkpt lat="41.094092298299074" lon="24.179685031995177">
        <ele>85.67</ele>
      </trkpt>
      <trkpt lat="41.09390982426703" lon="24.179835319519043">
        <ele>85.61</ele>
      </trkpt>
      <trkpt lat="41.09372382983565" lon="24.180042687803507">
        <ele>85.55</ele>
      </trkpt>
      <trkpt lat="41.09353783540428" lon="24.180250139907002">
        <ele>85.53</ele>
      </trkpt>
      <trkpt lat="41.09335192479193" lon="24.180457592010498">
        <ele>85.52</ele>
      </trkpt>
      <trkpt lat="41.09315159730613" lon="24.180672084912658">
        <ele>85.5</ele>
      </trkpt>
      <trkpt lat="41.092951353639364" lon="24.18088666163385">
        <ele>85.45</ele>
      </trkpt>
      <trkpt lat="41.092751109972596" lon="24.181101322174072">
        <ele>85.41</ele>
      </trkpt>
      <trkpt lat="41.09262236393988" lon="24.181251525878906">
        <ele>85.37</ele>
      </trkpt>
      <trkpt lat="41.0923898499459" lon="24.181512538343668">
        <ele>85.32</ele>
      </trkpt>
      <trkpt lat="41.092157335951924" lon="24.18177363462746">
        <ele>85.25</ele>
      </trkpt>
      <trkpt lat="41.09192490577698" lon="24.182034730911255">
        <ele>85.23</ele>
      </trkpt>
      <trkpt lat="41.091692391783" lon="24.18229582719505">
        <ele>85.18</ele>
      </trkpt>
      <trkpt lat="41.09145996160805" lon="24.182556923478842">
        <ele>85.1</ele>
      </trkpt>
      <trkpt lat="41.09122761525214" lon="24.182817935943604">
        <ele>85.01</ele>
      </trkpt>
      <trkpt lat="41.091023683547974" lon="24.18305036611855">
        <ele>84.92</ele>
      </trkpt>
      <trkpt lat="41.09081983566284" lon="24.18328288011253">
        <ele>84.85</ele>
      </trkpt>
      <trkpt lat="41.09061598777771" lon="24.183515310287476">
        <ele>84.75</ele>
      </trkpt>
      <trkpt lat="41.09041213989258" lon="24.183747824281454">
        <ele>84.64</ele>
      </trkpt>
      <trkpt lat="41.090208208188415" lon="24.183980338275433">
        <ele>84.54</ele>
      </trkpt>
      <trkpt lat="41.090004527941346" lon="24.184212684631348">
        <ele>84.42</ele>
      </trkpt>
      <trkpt lat="41.08986505307257" lon="24.18436280451715">
        <ele>84.31</ele>
      </trkpt>
      <trkpt lat="41.0897255782038" lon="24.184513092041016">
        <ele>84.18</ele>
      </trkpt>
      <trkpt lat="41.089543271809816" lon="24.18465248309076">
        <ele>84.04</ele>
      </trkpt>
      <trkpt lat="41.08936079777777" lon="24.184792041778564">
        <ele>83.9</ele>
      </trkpt>
      <trkpt lat="41.08913926407695" lon="24.184906287118793">
        <ele>83.78</ele>
      </trkpt>
      <trkpt lat="41.088917730376124" lon="24.185020616278052">
        <ele>83.66</ele>
      </trkpt>
      <trkpt lat="41.08869560994208" lon="24.18513536453247">
        <ele>83.51</ele>
      </trkpt>
      <trkpt lat="41.08852411620319" lon="24.185221027582884">
        <ele>83.37</ele>
      </trkpt>
      <trkpt lat="41.08835228718817" lon="24.185307025909424">
        <ele>83.25</ele>
      </trkpt>
      <trkpt lat="41.088070487603545" lon="24.185444740578532">
        <ele>83.15</ele>
      </trkpt>
      <trkpt lat="41.08778877183795" lon="24.185582539066672">
        <ele>83.05</ele>
      </trkpt>
      <trkpt lat="41.087507056072354" lon="24.185720337554812">
        <ele>82.93</ele>
      </trkpt>
      <trkpt lat="41.08722534030676" lon="24.185858136042953">
        <ele>82.87</ele>
      </trkpt>
      <trkpt lat="41.08694362454116" lon="24.185995934531093">
        <ele>82.77</ele>
      </trkpt>
      <trkpt lat="41.08666190877557" lon="24.186133733019233">
        <ele>82.64</ele>
      </trkpt>
      <trkpt lat="41.08637809753418" lon="24.186272621154785">
        <ele>82.56</ele>
      </trkpt>
      <trkpt lat="41.08637818135321" lon="24.186272621154785">
        <ele>82.47</ele>
      </trkpt>
      <trkpt lat="41.08612806536257" lon="24.186401199549437">
        <ele>82.38</ele>
      </trkpt>
      <trkpt lat="41.085877949371934" lon="24.186529777944088">
        <ele>82.27</ele>
      </trkpt>
      <trkpt lat="41.08562716282904" lon="24.18665885925293">
        <ele>82.14</ele>
      </trkpt>
      <trkpt lat="41.0853770468384" lon="24.186780313029885">
        <ele>82.09</ele>
      </trkpt>
      <trkpt lat="41.085127014666796" lon="24.18690176680684">
        <ele>82.02</ele>
      </trkpt>
      <trkpt lat="41.08487614430487" lon="24.187023639678955">
        <ele>81.93</ele>
      </trkpt>
      <trkpt lat="41.08467606827617" lon="24.18712363578379">
        <ele>81.89</ele>
      </trkpt>
      <trkpt lat="41.08447599224746" lon="24.187223631888628">
        <ele>81.85</ele>
      </trkpt>
      <trkpt lat="41.084275329485536" lon="24.187324047088623">
        <ele>81.83</ele>
      </trkpt>
      <trkpt lat="41.084114480763674" lon="24.187409710139036">
        <ele>81.81</ele>
      </trkpt>
      <trkpt lat="41.08395338058472" lon="24.187495708465576">
        <ele>81.79</ele>
      </trkpt>
      <trkpt lat="41.083824634552" lon="24.18766736984253">
        <ele>81.78</ele>
      </trkpt>
      <trkpt lat="41.083781803026795" lon="24.187796115875244">
        <ele>81.75</ele>
      </trkpt>
      <trkpt lat="41.083781719207764" lon="24.187967777252197">
        <ele>81.72</ele>
      </trkpt>
      <trkpt lat="41.083817509934306" lon="24.188268771395087">
        <ele>81.7</ele>
      </trkpt>
      <trkpt lat="41.08385338447988" lon="24.18856984935701">
        <ele>81.65</ele>
      </trkpt>
      <trkpt lat="41.08388909138739" lon="24.1888689994812">
        <ele>81.63</ele>
      </trkpt>
      <trkpt lat="41.08391775749624" lon="24.18916999362409">
        <ele>81.62</ele>
      </trkpt>
      <trkpt lat="41.083946423605084" lon="24.189471071586013">
        <ele>81.6</ele>
      </trkpt>
      <trkpt lat="41.08397492207587" lon="24.189770221710205">
        <ele>81.61</ele>
      </trkpt>
      <trkpt lat="41.08391046524048" lon="24.190006256103516">
        <ele>81.6</ele>
      </trkpt>
      <trkpt lat="41.08377082273364" lon="24.1902747284621">
        <ele>81.59</ele>
      </trkpt>
      <trkpt lat="41.08363159932196" lon="24.190542697906494">
        <ele>81.55</ele>
      </trkpt>
      <trkpt lat="41.08350268565118" lon="24.190764566883445">
        <ele>81.56</ele>
      </trkpt>
      <trkpt lat="41.08337385579944" lon="24.190986519679427">
        <ele>81.52</ele>
      </trkpt>
      <trkpt lat="41.08324536122382" lon="24.191207885742188">
        <ele>81.48</ele>
      </trkpt>
      <trkpt lat="41.08310571871698" lon="24.19145481660962">
        <ele>81.46</ele>
      </trkpt>
      <trkpt lat="41.08296641148627" lon="24.191701412200928">
        <ele>81.43</ele>
      </trkpt>
      <trkpt lat="41.082823080942035" lon="24.192023696377873">
        <ele>81.39</ele>
      </trkpt>
      <trkpt lat="41.08267983421683" lon="24.19234598055482">
        <ele>81.39</ele>
      </trkpt>
      <trkpt lat="41.08253717422485" lon="24.19266700744629">
        <ele>81.31</ele>
      </trkpt>
      <trkpt lat="41.08240105211735" lon="24.19295341707766">
        <ele>81.25</ele>
      </trkpt>
      <trkpt lat="41.082265013828874" lon="24.193239826709032">
        <ele>81.22</ele>
      </trkpt>
      <trkpt lat="41.08212947845459" lon="24.193525314331055">
        <ele>81.15</ele>
      </trkpt>
      <trkpt lat="41.081907860934734" lon="24.193367986008525">
        <ele>81.07</ele>
      </trkpt>
      <trkpt lat="41.08168632723391" lon="24.193210741505027">
        <ele>80.97</ele>
      </trkpt>
      <trkpt lat="41.08146437443793" lon="24.193053245544434">
        <ele>80.86</ele>
      </trkpt>
      <trkpt lat="41.081235548481345" lon="24.192881667986512">
        <ele>80.76</ele>
      </trkpt>
      <trkpt lat="41.081006806343794" lon="24.19271009042859">
        <ele>80.65</ele>
      </trkpt>
      <trkpt lat="41.080777728930116" lon="24.192538261413574">
        <ele>80.51</ele>
      </trkpt>
      <trkpt lat="41.080563236027956" lon="24.192380933091044">
        <ele>80.4</ele>
      </trkpt>
      <trkpt lat="41.08034882694483" lon="24.192223688587546">
        <ele>80.28</ele>
      </trkpt>
      <trkpt lat="41.08013399876654" lon="24.192066192626953">
        <ele>80.13</ele>
      </trkpt>
      <trkpt lat="41.08000525273383" lon="24.191958904266357">
        <ele>79.96</ele>
      </trkpt>
      <trkpt lat="41.079766284674406" lon="24.191787326708436">
        <ele>79.78</ele>
      </trkpt>
      <trkpt lat="41.079527316614985" lon="24.191615749150515">
        <ele>79.6</ele>
      </trkpt>
      <trkpt lat="41.0792884323746" lon="24.191444171592593">
        <ele>79.43</ele>
      </trkpt>
      <trkpt lat="41.079049464315176" lon="24.191272677853703">
        <ele>79.26</ele>
      </trkpt>
      <trkpt lat="41.078810496255755" lon="24.191101100295782">
        <ele>79.08</ele>
      </trkpt>
      <trkpt lat="41.07857161201537" lon="24.190929606556892">
        <ele>78.89</ele>
      </trkpt>
      <trkpt lat="41.078331554308534" lon="24.190757274627686">
        <ele>78.69</ele>
      </trkpt>
      <trkpt lat="41.0780827794224" lon="24.19057278893888">
        <ele>78.5</ele>
      </trkpt>
      <trkpt lat="41.07783400453627" lon="24.190388387069106">
        <ele>78.3</ele>
      </trkpt>
      <trkpt lat="41.07758522965014" lon="24.190203985199332">
        <ele>78.08</ele>
      </trkpt>
      <trkpt lat="41.07733653858304" lon="24.19001958332956">
        <ele>77.85</ele>
      </trkpt>
      <trkpt lat="41.07708700932562" lon="24.189834594726562">
        <ele>77.65</ele>
      </trkpt>
      <trkpt lat="41.076856423169374" lon="24.18966301716864">
        <ele>77.41</ele>
      </trkpt>
      <trkpt lat="41.07662592083216" lon="24.18949143961072">
        <ele>77.2</ele>
      </trkpt>
      <trkpt lat="41.07639541849494" lon="24.1893198620528">
        <ele>76.97</ele>
      </trkpt>
      <trkpt lat="41.0761643294245" lon="24.18914794921875">
        <ele>76.73</ele>
      </trkpt>
      <trkpt lat="41.07597129419446" lon="24.189019287005067">
        <ele>76.51</ele>
      </trkpt>
      <trkpt lat="41.075778091326356" lon="24.18889045715332">
        <ele>76.3</ele>
      </trkpt>
      <trkpt lat="41.07562788762152" lon="24.188761711120605">
        <ele>76.1</ele>
      </trkpt>
      <trkpt lat="41.0754563100636" lon="24.18863296508789">
        <ele>75.89</ele>
      </trkpt>
      <trkpt lat="41.075284564867616" lon="24.188504219055176">
        <ele>75.69</ele>
      </trkpt>
      <trkpt lat="41.07502715662122" lon="24.188311183825135">
        <ele>75.52</ele>
      </trkpt>
      <trkpt lat="41.074769580736756" lon="24.18811798095703">
        <ele>75.3</ele>
      </trkpt>
      <trkpt lat="41.07451225630939" lon="24.187932070344687">
        <ele>75.09</ele>
      </trkpt>
      <trkpt lat="41.074254931882024" lon="24.187746243551373">
        <ele>74.88</ele>
      </trkpt>
      <trkpt lat="41.07399710454047" lon="24.187560081481934">
        <ele>74.64</ele>
      </trkpt>
      <trkpt lat="41.0737244412303" lon="24.187357826158404">
        <ele>74.46</ele>
      </trkpt>
      <trkpt lat="41.07345177792013" lon="24.187155654653907">
        <ele>74.29</ele>
      </trkpt>
      <trkpt lat="41.07317911460996" lon="24.18695348314941">
        <ele>74.1</ele>
      </trkpt>
      <trkpt lat="41.07290645129979" lon="24.18675122782588">
        <ele>73.92</ele>
      </trkpt>
      <trkpt lat="41.072633787989616" lon="24.186549056321383">
        <ele>73.72</ele>
      </trkpt>
      <trkpt lat="41.072361124679446" lon="24.186346884816885">
        <ele>73.56</ele>
      </trkpt>
      <trkpt lat="41.07208728790283" lon="24.18614387512207">
        <ele>73.43</ele>
      </trkpt>
      <trkpt lat="41.072044372558594" lon="24.186100959777832">
        <ele>73.27</ele>
      </trkpt>
      <trkpt lat="41.07179509475827" lon="24.185921335592866">
        <ele>73.13</ele>
      </trkpt>
      <trkpt lat="41.07154581695795" lon="24.1857417114079">
        <ele>72.96</ele>
      </trkpt>
      <trkpt lat="41.07129653915763" lon="24.185562171041965">
        <ele>72.78</ele>
      </trkpt>
      <trkpt lat="41.07104726135731" lon="24.185382546857">
        <ele>72.61</ele>
      </trkpt>
      <trkpt lat="41.070797983556986" lon="24.185202922672033">
        <ele>72.45</ele>
      </trkpt>
      <trkpt lat="41.070548705756664" lon="24.1850233823061">
        <ele>72.3</ele>
      </trkpt>
      <trkpt lat="41.07029942795634" lon="24.184843758121133">
        <ele>72.14</ele>
      </trkpt>
      <trkpt lat="41.070048892870545" lon="24.18466329574585">
        <ele>72.0</ele>
      </trkpt>
      <trkpt lat="41.0699200630188" lon="24.184577465057373">
        <ele>71.89</ele>
      </trkpt>
      <trkpt lat="41.06985569000244" lon="24.184513092041016">
        <ele>71.81</ele>
      </trkpt>
      <trkpt lat="41.069791400805116" lon="24.184470176696777">
        <ele>71.73</ele>
      </trkpt>
      <trkpt lat="41.06968411244452" lon="24.1843843460083">
        <ele>71.67</ele>
      </trkpt>
      <trkpt lat="41.06966257095337" lon="24.18436288833618">
        <ele>71.61</ele>
      </trkpt>
      <trkpt lat="41.06964111328125" lon="24.184341430664062">
        <ele>71.55</ele>
      </trkpt>
      <trkpt lat="41.06936710886657" lon="24.184143617749214">
        <ele>71.5</ele>
      </trkpt>
      <trkpt lat="41.069093104451895" lon="24.183945888653398">
        <ele>71.47</ele>
      </trkpt>
      <trkpt lat="41.06881910003722" lon="24.18374807573855">
        <ele>71.42</ele>
      </trkpt>
      <trkpt lat="41.06854509562254" lon="24.183550346642733">
        <ele>71.35</ele>
      </trkpt>
      <trkpt lat="41.06827109120786" lon="24.183352617546916">
        <ele>71.33</ele>
      </trkpt>
      <trkpt lat="41.067997170612216" lon="24.183154804632068">
        <ele>71.33</ele>
      </trkpt>
      <trkpt lat="41.06772316619754" lon="24.18295707553625">
        <ele>71.34</ele>
      </trkpt>
      <trkpt lat="41.06744916178286" lon="24.182759262621403">
        <ele>71.36</ele>
      </trkpt>
      <trkpt lat="41.06717356480658" lon="24.182560443878174">
        <ele>71.38</ele>
      </trkpt>
      <trkpt lat="41.066973404958844" lon="24.182424573227763">
        <ele>71.43</ele>
      </trkpt>
      <trkpt lat="41.06677324511111" lon="24.182288786396384">
        <ele>71.48</ele>
      </trkpt>
      <trkpt lat="41.066572749987245" lon="24.18215274810791">
        <ele>71.54</ele>
      </trkpt>
      <trkpt lat="41.06637963093817" lon="24.182024002075195">
        <ele>71.59</ele>
      </trkpt>
      <trkpt lat="41.066272258758545" lon="24.181981086730957">
        <ele>71.62</ele>
      </trkpt>
      <trkpt lat="41.06605801731348" lon="24.181959629058838">
        <ele>71.63</ele>
      </trkpt>
      <trkpt lat="41.065843189135194" lon="24.18193817138672">
        <ele>71.63</ele>
      </trkpt>
      <trkpt lat="41.065557450056076" lon="24.181966669857502">
        <ele>71.59</ele>
      </trkpt>
      <trkpt lat="41.06527179479599" lon="24.181995252147317">
        <ele>71.62</ele>
      </trkpt>
      <trkpt lat="41.0649847984314" lon="24.182024002075195">
        <ele>71.71</ele>
      </trkpt>
      <trkpt lat="41.06498488225043" lon="24.182024002075195">
        <ele>71.78</ele>
      </trkpt>
      <trkpt lat="41.06468447484076" lon="24.182045459747314">
        <ele>71.89</ele>
      </trkpt>
      <trkpt lat="41.064470149576664" lon="24.182045459747314">
        <ele>71.97</ele>
      </trkpt>
      <trkpt lat="41.06425532139838" lon="24.182045459747314">
        <ele>72.03</ele>
      </trkpt>
      <trkpt lat="41.06400528922677" lon="24.18208829127252">
        <ele>72.07</ele>
      </trkpt>
      <trkpt lat="41.063755340874195" lon="24.182131122797728">
        <ele>72.12</ele>
      </trkpt>
      <trkpt lat="41.06350430287421" lon="24.18217420578003">
        <ele>72.18</ele>
      </trkpt>
      <trkpt lat="41.063289726153016" lon="24.182260036468506">
        <ele>72.28</ele>
      </trkpt>
      <trkpt lat="41.06301077641547" lon="24.18238878250122">
        <ele>72.39</ele>
      </trkpt>
      <trkpt lat="41.06278035789728" lon="24.182490538805723">
        <ele>72.52</ele>
      </trkpt>
      <trkpt lat="41.062549939379096" lon="24.182592378929257">
        <ele>72.62</ele>
      </trkpt>
      <trkpt lat="41.06231952086091" lon="24.18269413523376">
        <ele>72.7</ele>
      </trkpt>
      <trkpt lat="41.062088096514344" lon="24.182796478271484">
        <ele>72.78</ele>
      </trkpt>
      <trkpt lat="41.0619592666626" lon="24.182839393615723">
        <ele>72.84</ele>
      </trkpt>
      <trkpt lat="41.06195935048163" lon="24.182839393615723">
        <ele>72.9</ele>
      </trkpt>
      <trkpt lat="41.061851978302" lon="24.18288230895996">
        <ele>72.97</ele>
      </trkpt>
      <trkpt lat="41.06168031692505" lon="24.182968139648438">
        <ele>73.02</ele>
      </trkpt>
      <trkpt lat="41.06139734387398" lon="24.183105267584324">
        <ele>73.04</ele>
      </trkpt>
      <trkpt lat="41.06111437082291" lon="24.183242479339242">
        <ele>73.09</ele>
      </trkpt>
      <trkpt lat="41.06083148159087" lon="24.18337960727513">
        <ele>73.13</ele>
      </trkpt>
      <trkpt lat="41.060548508539796" lon="24.183516819030046">
        <ele>73.17</ele>
      </trkpt>
      <trkpt lat="41.060264110565186" lon="24.18365478515625">
        <ele>73.22</ele>
      </trkpt>
      <trkpt lat="41.06026419438422" lon="24.18365478515625">
        <ele>73.25</ele>
      </trkpt>
      <trkpt lat="41.060071075335145" lon="24.183740615844727">
        <ele>73.26</ele>
      </trkpt>
      <trkpt lat="41.059820959344506" lon="24.183854861184955">
        <ele>73.27</ele>
      </trkpt>
      <trkpt lat="41.0595709271729" lon="24.183969190344214">
        <ele>73.25</ele>
      </trkpt>
      <trkpt lat="41.059320056810975" lon="24.184083938598633">
        <ele>73.28</ele>
      </trkpt>
      <trkpt lat="41.059137834236026" lon="24.184180330485106">
        <ele>73.31</ele>
      </trkpt>
      <trkpt lat="41.05895527638495" lon="24.184277057647705">
        <ele>73.3</ele>
      </trkpt>
      <trkpt lat="41.05870516039431" lon="24.18439851142466">
        <ele>73.33</ele>
      </trkpt>
      <trkpt lat="41.058455128222704" lon="24.184519965201616">
        <ele>73.34</ele>
      </trkpt>
      <trkpt lat="41.05820425786078" lon="24.18464183807373">
        <ele>73.34</ele>
      </trkpt>
      <trkpt lat="41.05803242884576" lon="24.184877956286073">
        <ele>73.37</ele>
      </trkpt>
      <trkpt lat="41.05786085128784" lon="24.18511390686035">
        <ele>73.43</ele>
      </trkpt>
      <trkpt lat="41.057710563763976" lon="24.185360837727785">
        <ele>73.46</ele>
      </trkpt>
      <trkpt lat="41.057560527697206" lon="24.185607433319092">
        <ele>73.45</ele>
      </trkpt>
      <trkpt lat="41.05744770728052" lon="24.18589753098786">
        <ele>73.42</ele>
      </trkpt>
      <trkpt lat="41.05733488686383" lon="24.186187628656626">
        <ele>73.41</ele>
      </trkpt>
      <trkpt lat="41.05722206644714" lon="24.186477726325393">
        <ele>73.38</ele>
      </trkpt>
      <trkpt lat="41.057109916582704" lon="24.186766147613525">
        <ele>73.34</ele>
      </trkpt>
      <trkpt lat="41.05700237676501" lon="24.187059849500656">
        <ele>73.26</ele>
      </trkpt>
      <trkpt lat="41.056894920766354" lon="24.187353551387787">
        <ele>73.24</ele>
      </trkpt>
      <trkpt lat="41.056787967681885" lon="24.18764591217041">
        <ele>73.2</ele>
      </trkpt>
      <trkpt lat="41.05668067932129" lon="24.187839031219482">
        <ele>73.14</ele>
      </trkpt>
      <trkpt lat="41.056551933288574" lon="24.18790340423584">
        <ele>73.14</ele>
      </trkpt>
      <trkpt lat="41.05627331882715" lon="24.1878604888916">
        <ele>73.16</ele>
      </trkpt>
      <trkpt lat="41.05599403381348" lon="24.187817573547363">
        <ele>73.15</ele>
      </trkpt>
      <trkpt lat="41.055736877024174" lon="24.18776753358543">
        <ele>73.12</ele>
      </trkpt>
      <trkpt lat="41.0554798040539" lon="24.187717577442527">
        <ele>73.09</ele>
      </trkpt>
      <trkpt lat="41.05522164143622" lon="24.18766736984253">
        <ele>73.03</ele>
      </trkpt>
      <trkpt lat="41.05497160926461" lon="24.18762445449829">
        <ele>73.01</ele>
      </trkpt>
      <trkpt lat="41.05472166091204" lon="24.187581622973084">
        <ele>73.0</ele>
      </trkpt>
      <trkpt lat="41.05447062291205" lon="24.187538623809814">
        <ele>72.99</ele>
      </trkpt>
      <trkpt lat="41.05422059074044" lon="24.18748858384788">
        <ele>72.99</ele>
      </trkpt>
      <trkpt lat="41.053970558568835" lon="24.187438627704978">
        <ele>72.98</ele>
      </trkpt>
      <trkpt lat="41.05371952056885" lon="24.18738842010498">
        <ele>73.01</ele>
      </trkpt>
      <trkpt lat="41.053476613014936" lon="24.187266882508993">
        <ele>73.07</ele>
      </trkpt>
      <trkpt lat="41.053233705461025" lon="24.187145428732038">
        <ele>73.04</ele>
      </trkpt>
      <trkpt lat="41.05299004353583" lon="24.187023639678955">
        <ele>72.95</ele>
      </trkpt>
      <trkpt lat="41.052839923650026" lon="24.186948537826538">
        <ele>72.84</ele>
      </trkpt>
      <trkpt lat="41.05268963612616" lon="24.18687343597412">
        <ele>72.72</ele>
      </trkpt>
      <trkpt lat="41.05247522704303" lon="24.186776960268617">
        <ele>72.56</ele>
      </trkpt>
      <trkpt lat="41.05226048268378" lon="24.18668031692505">
        <ele>72.42</ele>
      </trkpt>
      <trkpt lat="41.05215311050415" lon="24.18668031692505">
        <ele>72.31</ele>
      </trkpt>
      <trkpt lat="41.05206702835858" lon="24.187056496739388">
        <ele>72.23</ele>
      </trkpt>
      <trkpt lat="41.0519814491272" lon="24.18743133544922">
        <ele>72.08</ele>
      </trkpt>
      <trkpt lat="41.05190626345575" lon="24.187635434791446">
        <ele>71.99</ele>
      </trkpt>
      <trkpt lat="41.051831329241395" lon="24.187839031219482">
        <ele>71.89</ele>
      </trkpt>
      <trkpt lat="41.051573753356934" lon="24.188053607940674">
        <ele>71.78</ele>
      </trkpt>
      <trkpt lat="41.05144500732422" lon="24.188096523284912">
        <ele>71.71</ele>
      </trkpt>
      <trkpt lat="41.05114795267582" lon="24.18811303563416">
        <ele>71.63</ele>
      </trkpt>
      <trkpt lat="41.051058769226074" lon="24.18811798095703">
        <ele>71.57</ele>
      </trkpt>
      <trkpt lat="41.051141414791346" lon="24.188113370910287">
        <ele>71.51</ele>
      </trkpt>
    </trkseg>
  </trk>
</gpx>
